ISO-10303-21;
HEADER;
FILE_DESCRIPTION(('KiCad electronic assembly'),'2;1');
FILE_NAME('PCB CAD.step','2026-04-03T22:18:16',('Pcbnew'),('Kicad'),
  'Open CASCADE STEP processor 7.9','KiCad to STEP converter','Unknown'
  );
FILE_SCHEMA(('AUTOMOTIVE_DESIGN { 1 0 10303 214 1 1 1 1 }'));
ENDSEC;
DATA;
#1 = APPLICATION_PROTOCOL_DEFINITION('international standard',
  'automotive_design',2000,#2);
#2 = APPLICATION_CONTEXT(
  'core data for automotive mechanical design processes');
#3 = SHAPE_DEFINITION_REPRESENTATION(#4,#10);
#4 = PRODUCT_DEFINITION_SHAPE('','',#5);
#5 = PRODUCT_DEFINITION('design','',#6,#9);
#6 = PRODUCT_DEFINITION_FORMATION('','',#7);
#7 = PRODUCT('PCB CAD 1','PCB CAD 1','',(#8));
#8 = PRODUCT_CONTEXT('',#2,'mechanical');
#9 = PRODUCT_DEFINITION_CONTEXT('part definition',#2,'design');
#10 = SHAPE_REPRESENTATION('',(#11,#15,#19,#23,#27,#31,#35,#39,#43,#47,
    #51,#55,#59,#63),#67);
#11 = AXIS2_PLACEMENT_3D('',#12,#13,#14);
#12 = CARTESIAN_POINT('',(0.,0.,0.));
#13 = DIRECTION('',(0.,0.,1.));
#14 = DIRECTION('',(1.,0.,-0.));
#15 = AXIS2_PLACEMENT_3D('',#16,#17,#18);
#16 = CARTESIAN_POINT('',(80.074148,-140.641249,1.595));
#17 = DIRECTION('',(0.,-0.,1.));
#18 = DIRECTION('',(1.110223024625E-16,1.,0.));
#19 = AXIS2_PLACEMENT_3D('',#20,#21,#22);
#20 = CARTESIAN_POINT('',(80.074148,-121.591249,1.595));
#21 = DIRECTION('',(0.,-0.,1.));
#22 = DIRECTION('',(1.110223024625E-16,1.,0.));
#23 = AXIS2_PLACEMENT_3D('',#24,#25,#26);
#24 = CARTESIAN_POINT('',(80.074148,-102.541249,1.595));
#25 = DIRECTION('',(0.,-0.,1.));
#26 = DIRECTION('',(1.110223024625E-16,1.,0.));
#27 = AXIS2_PLACEMENT_3D('',#28,#29,#30);
#28 = CARTESIAN_POINT('',(137.224148,-102.541249,1.595));
#29 = DIRECTION('',(0.,-0.,1.));
#30 = DIRECTION('',(1.110223024625E-16,1.,0.));
#31 = AXIS2_PLACEMENT_3D('',#32,#33,#34);
#32 = CARTESIAN_POINT('',(118.174148,-140.641249,1.595));
#33 = DIRECTION('',(0.,-0.,1.));
#34 = DIRECTION('',(1.110223024625E-16,1.,0.));
#35 = AXIS2_PLACEMENT_3D('',#36,#37,#38);
#36 = CARTESIAN_POINT('',(99.124148,-102.541249,1.595));
#37 = DIRECTION('',(0.,-0.,1.));
#38 = DIRECTION('',(1.110223024625E-16,1.,0.));
#39 = AXIS2_PLACEMENT_3D('',#40,#41,#42);
#40 = CARTESIAN_POINT('',(118.174148,-121.591249,1.595));
#41 = DIRECTION('',(0.,-0.,1.));
#42 = DIRECTION('',(1.110223024625E-16,1.,0.));
#43 = AXIS2_PLACEMENT_3D('',#44,#45,#46);
#44 = CARTESIAN_POINT('',(99.124148,-121.591249,1.595));
#45 = DIRECTION('',(0.,-0.,1.));
#46 = DIRECTION('',(1.110223024625E-16,1.,0.));
#47 = AXIS2_PLACEMENT_3D('',#48,#49,#50);
#48 = CARTESIAN_POINT('',(137.224148,-141.593749,1.595));
#49 = DIRECTION('',(0.,-0.,1.));
#50 = DIRECTION('',(1.110223024625E-16,1.,0.));
#51 = AXIS2_PLACEMENT_3D('',#52,#53,#54);
#52 = CARTESIAN_POINT('',(137.224148,-121.591249,1.595));
#53 = DIRECTION('',(0.,-0.,1.));
#54 = DIRECTION('',(1.110223024625E-16,1.,0.));
#55 = AXIS2_PLACEMENT_3D('',#56,#57,#58);
#56 = CARTESIAN_POINT('',(118.174148,-102.541249,1.595));
#57 = DIRECTION('',(0.,-0.,1.));
#58 = DIRECTION('',(1.110223024625E-16,1.,0.));
#59 = AXIS2_PLACEMENT_3D('',#60,#61,#62);
#60 = CARTESIAN_POINT('',(99.124148,-140.641249,1.595));
#61 = DIRECTION('',(0.,-0.,1.));
#62 = DIRECTION('',(1.110223024625E-16,1.,0.));
#63 = AXIS2_PLACEMENT_3D('',#64,#65,#66);
#64 = CARTESIAN_POINT('',(0.,0.,0.));
#65 = DIRECTION('',(0.,0.,1.));
#66 = DIRECTION('',(1.,0.,-0.));
#67 = ( GEOMETRIC_REPRESENTATION_CONTEXT(3) 
GLOBAL_UNCERTAINTY_ASSIGNED_CONTEXT((#71)) GLOBAL_UNIT_ASSIGNED_CONTEXT(
(#68,#69,#70)) REPRESENTATION_CONTEXT('Context #1',
  '3D Context with UNIT and UNCERTAINTY') );
#68 = ( LENGTH_UNIT() NAMED_UNIT(*) SI_UNIT(.MILLI.,.METRE.) );
#69 = ( NAMED_UNIT(*) PLANE_ANGLE_UNIT() SI_UNIT($,.RADIAN.) );
#70 = ( NAMED_UNIT(*) SI_UNIT($,.STERADIAN.) SOLID_ANGLE_UNIT() );
#71 = UNCERTAINTY_MEASURE_WITH_UNIT(LENGTH_MEASURE(1.E-07),#68,
  'distance_accuracy_value','confusion accuracy');
#72 = PRODUCT_RELATED_PRODUCT_CATEGORY('part',$,(#7));
#73 = SHAPE_DEFINITION_REPRESENTATION(#74,#80);
#74 = PRODUCT_DEFINITION_SHAPE('','',#75);
#75 = PRODUCT_DEFINITION('design','',#76,#79);
#76 = PRODUCT_DEFINITION_FORMATION('','',#77);
#77 = PRODUCT('D_DO-35_SOD27_P7.62mm_Horizontal',
  'D_DO-35_SOD27_P7.62mm_Horizontal','',(#78));
#78 = PRODUCT_CONTEXT('',#2,'mechanical');
#79 = PRODUCT_DEFINITION_CONTEXT('part definition',#2,'design');
#80 = SHAPE_REPRESENTATION('',(#11,#81,#236),#431);
#81 = MANIFOLD_SOLID_BREP('',#82);
#82 = CLOSED_SHELL('',(#83,#116,#142,#167,#193,#218,#227));
#83 = ADVANCED_FACE('',(#84),#111,.T.);
#84 = FACE_BOUND('',#85,.T.);
#85 = EDGE_LOOP('',(#86,#96,#103,#104));
#86 = ORIENTED_EDGE('',*,*,#87,.T.);
#87 = EDGE_CURVE('',#88,#90,#92,.T.);
#88 = VERTEX_POINT('',#89);
#89 = CARTESIAN_POINT('',(0.25,0.,-2.5));
#90 = VERTEX_POINT('',#91);
#91 = CARTESIAN_POINT('',(0.25,1.E-15,1.));
#92 = LINE('',#93,#94);
#93 = CARTESIAN_POINT('',(0.25,6.7E-16,1.));
#94 = VECTOR('',#95,1.);
#95 = DIRECTION('',(0.,2.2E-16,1.));
#96 = ORIENTED_EDGE('',*,*,#97,.F.);
#97 = EDGE_CURVE('',#90,#90,#98,.T.);
#98 = CIRCLE('',#99,0.25);
#99 = AXIS2_PLACEMENT_3D('',#100,#101,#102);
#100 = CARTESIAN_POINT('',(0.,6.7E-16,1.));
#101 = DIRECTION('',(-0.,2.2E-16,1.));
#102 = DIRECTION('',(1.,0.,0.));
#103 = ORIENTED_EDGE('',*,*,#87,.F.);
#104 = ORIENTED_EDGE('',*,*,#105,.T.);
#105 = EDGE_CURVE('',#88,#88,#106,.T.);
#106 = CIRCLE('',#107,0.25);
#107 = AXIS2_PLACEMENT_3D('',#108,#109,#110);
#108 = CARTESIAN_POINT('',(0.,-1.1E-16,-2.5));
#109 = DIRECTION('',(-0.,2.2E-16,1.));
#110 = DIRECTION('',(1.,0.,0.));
#111 = CYLINDRICAL_SURFACE('',#112,0.25);
#112 = AXIS2_PLACEMENT_3D('',#113,#114,#115);
#113 = CARTESIAN_POINT('',(0.,6.7E-16,1.));
#114 = DIRECTION('',(0.,2.2E-16,1.));
#115 = DIRECTION('',(1.,0.,-0.));
#116 = ADVANCED_FACE('',(#117),#137,.T.);
#117 = FACE_BOUND('',#118,.T.);
#118 = EDGE_LOOP('',(#119,#128,#135,#136));
#119 = ORIENTED_EDGE('',*,*,#120,.T.);
#120 = EDGE_CURVE('',#90,#121,#123,.T.);
#121 = VERTEX_POINT('',#122);
#122 = CARTESIAN_POINT('',(0.5,1.E-15,1.25));
#123 = CIRCLE('',#124,0.25);
#124 = AXIS2_PLACEMENT_3D('',#125,#126,#127);
#125 = CARTESIAN_POINT('',(0.5,7.6E-16,1.));
#126 = DIRECTION('',(0.,1.,-2.2E-16));
#127 = DIRECTION('',(1.,0.,0.));
#128 = ORIENTED_EDGE('',*,*,#129,.T.);
#129 = EDGE_CURVE('',#121,#121,#130,.T.);
#130 = CIRCLE('',#131,0.25);
#131 = AXIS2_PLACEMENT_3D('',#132,#133,#134);
#132 = CARTESIAN_POINT('',(0.5,7.8E-16,1.5));
#133 = DIRECTION('',(-1.,0.,-1.8E-16));
#134 = DIRECTION('',(-1.8E-16,2.2E-16,1.));
#135 = ORIENTED_EDGE('',*,*,#120,.F.);
#136 = ORIENTED_EDGE('',*,*,#97,.T.);
#137 = TOROIDAL_SURFACE('',#138,0.5,0.25);
#138 = AXIS2_PLACEMENT_3D('',#139,#140,#141);
#139 = CARTESIAN_POINT('',(0.5,6.7E-16,1.));
#140 = DIRECTION('',(0.,1.,-2.2E-16));
#141 = DIRECTION('',(1.,0.,0.));
#142 = ADVANCED_FACE('',(#143),#162,.T.);
#143 = FACE_BOUND('',#144,.T.);
#144 = EDGE_LOOP('',(#145,#153,#160,#161));
#145 = ORIENTED_EDGE('',*,*,#146,.T.);
#146 = EDGE_CURVE('',#121,#147,#149,.T.);
#147 = VERTEX_POINT('',#148);
#148 = CARTESIAN_POINT('',(7.12,1.E-15,1.25));
#149 = LINE('',#150,#151);
#150 = CARTESIAN_POINT('',(0.5,7.2E-16,1.25));
#151 = VECTOR('',#152,1.);
#152 = DIRECTION('',(1.,0.,0.));
#153 = ORIENTED_EDGE('',*,*,#154,.F.);
#154 = EDGE_CURVE('',#147,#147,#155,.T.);
#155 = CIRCLE('',#156,0.25);
#156 = AXIS2_PLACEMENT_3D('',#157,#158,#159);
#157 = CARTESIAN_POINT('',(7.12,7.8E-16,1.5));
#158 = DIRECTION('',(1.,0.,0.));
#159 = DIRECTION('',(0.,-2.2E-16,-1.));
#160 = ORIENTED_EDGE('',*,*,#146,.F.);
#161 = ORIENTED_EDGE('',*,*,#129,.F.);
#162 = CYLINDRICAL_SURFACE('',#163,0.25);
#163 = AXIS2_PLACEMENT_3D('',#164,#165,#166);
#164 = CARTESIAN_POINT('',(0.5,7.8E-16,1.5));
#165 = DIRECTION('',(1.,0.,0.));
#166 = DIRECTION('',(0.,-2.2E-16,-1.));
#167 = ADVANCED_FACE('',(#168),#188,.T.);
#168 = FACE_BOUND('',#169,.T.);
#169 = EDGE_LOOP('',(#170,#179,#186,#187));
#170 = ORIENTED_EDGE('',*,*,#171,.T.);
#171 = EDGE_CURVE('',#147,#172,#174,.T.);
#172 = VERTEX_POINT('',#173);
#173 = CARTESIAN_POINT('',(7.37,1.E-15,1.));
#174 = CIRCLE('',#175,0.25);
#175 = AXIS2_PLACEMENT_3D('',#176,#177,#178);
#176 = CARTESIAN_POINT('',(7.12,7.6E-16,1.));
#177 = DIRECTION('',(0.,1.,-2.2E-16));
#178 = DIRECTION('',(1.,0.,0.));
#179 = ORIENTED_EDGE('',*,*,#180,.T.);
#180 = EDGE_CURVE('',#172,#172,#181,.T.);
#181 = CIRCLE('',#182,0.25);
#182 = AXIS2_PLACEMENT_3D('',#183,#184,#185);
#183 = CARTESIAN_POINT('',(7.62,6.7E-16,1.));
#184 = DIRECTION('',(-2.4E-16,2.2E-16,1.));
#185 = DIRECTION('',(1.,0.,2.4E-16));
#186 = ORIENTED_EDGE('',*,*,#171,.F.);
#187 = ORIENTED_EDGE('',*,*,#154,.T.);
#188 = TOROIDAL_SURFACE('',#189,0.5,0.25);
#189 = AXIS2_PLACEMENT_3D('',#190,#191,#192);
#190 = CARTESIAN_POINT('',(7.12,6.7E-16,1.));
#191 = DIRECTION('',(0.,1.,-2.2E-16));
#192 = DIRECTION('',(1.,0.,0.));
#193 = ADVANCED_FACE('',(#194),#213,.T.);
#194 = FACE_BOUND('',#195,.T.);
#195 = EDGE_LOOP('',(#196,#204,#211,#212));
#196 = ORIENTED_EDGE('',*,*,#197,.T.);
#197 = EDGE_CURVE('',#172,#198,#200,.T.);
#198 = VERTEX_POINT('',#199);
#199 = CARTESIAN_POINT('',(7.37,0.,-2.5));
#200 = LINE('',#201,#202);
#201 = CARTESIAN_POINT('',(7.37,6.7E-16,1.));
#202 = VECTOR('',#203,1.);
#203 = DIRECTION('',(0.,-2.2E-16,-1.));
#204 = ORIENTED_EDGE('',*,*,#205,.F.);
#205 = EDGE_CURVE('',#198,#198,#206,.T.);
#206 = CIRCLE('',#207,0.25);
#207 = AXIS2_PLACEMENT_3D('',#208,#209,#210);
#208 = CARTESIAN_POINT('',(7.62,-1.1E-16,-2.5));
#209 = DIRECTION('',(-0.,-2.2E-16,-1.));
#210 = DIRECTION('',(-1.,0.,0.));
#211 = ORIENTED_EDGE('',*,*,#197,.F.);
#212 = ORIENTED_EDGE('',*,*,#180,.F.);
#213 = CYLINDRICAL_SURFACE('',#214,0.25);
#214 = AXIS2_PLACEMENT_3D('',#215,#216,#217);
#215 = CARTESIAN_POINT('',(7.62,6.7E-16,1.));
#216 = DIRECTION('',(0.,-2.2E-16,-1.));
#217 = DIRECTION('',(-1.,-0.,0.));
#218 = ADVANCED_FACE('',(#219),#222,.T.);
#219 = FACE_BOUND('',#220,.F.);
#220 = EDGE_LOOP('',(#221));
#221 = ORIENTED_EDGE('',*,*,#105,.T.);
#222 = PLANE('',#223);
#223 = AXIS2_PLACEMENT_3D('',#224,#225,#226);
#224 = CARTESIAN_POINT('',(0.25,-1.1E-16,-2.5));
#225 = DIRECTION('',(0.,0.,-1.));
#226 = DIRECTION('',(-1.,0.,0.));
#227 = ADVANCED_FACE('',(#228),#231,.F.);
#228 = FACE_BOUND('',#229,.T.);
#229 = EDGE_LOOP('',(#230));
#230 = ORIENTED_EDGE('',*,*,#205,.T.);
#231 = PLANE('',#232);
#232 = AXIS2_PLACEMENT_3D('',#233,#234,#235);
#233 = CARTESIAN_POINT('',(7.37,-1.1E-16,-2.5));
#234 = DIRECTION('',(0.,0.,1.));
#235 = DIRECTION('',(1.,0.,-0.));
#236 = MANIFOLD_SOLID_BREP('',#237);
#237 = CLOSED_SHELL('',(#238,#271,#291,#311,#336,#361,#387,#413,#422));
#238 = ADVANCED_FACE('',(#239),#266,.T.);
#239 = FACE_BOUND('',#240,.T.);
#240 = EDGE_LOOP('',(#241,#250,#258,#265));
#241 = ORIENTED_EDGE('',*,*,#242,.T.);
#242 = EDGE_CURVE('',#243,#243,#245,.T.);
#243 = VERTEX_POINT('',#244);
#244 = CARTESIAN_POINT('',(2.41,3.557331958362E-15,2.51));
#245 = CIRCLE('',#246,1.01);
#246 = AXIS2_PLACEMENT_3D('',#247,#248,#249);
#247 = CARTESIAN_POINT('',(2.41,6.630669073875E-16,1.5));
#248 = DIRECTION('',(1.,0.,-0.));
#249 = DIRECTION('',(0.,9.92044604925E-16,1.));
#250 = ORIENTED_EDGE('',*,*,#251,.T.);
#251 = EDGE_CURVE('',#243,#252,#254,.T.);
#252 = VERTEX_POINT('',#253);
#253 = CARTESIAN_POINT('',(3.41,3.557331958362E-15,2.51));
#254 = LINE('',#255,#256);
#255 = CARTESIAN_POINT('',(2.41,5.573319583618E-16,2.51));
#256 = VECTOR('',#257,1.);
#257 = DIRECTION('',(1.,0.,0.));
#258 = ORIENTED_EDGE('',*,*,#259,.F.);
#259 = EDGE_CURVE('',#252,#252,#260,.T.);
#260 = CIRCLE('',#261,1.01);
#261 = AXIS2_PLACEMENT_3D('',#262,#263,#264);
#262 = CARTESIAN_POINT('',(3.41,6.630669073875E-16,1.5));
#263 = DIRECTION('',(1.,0.,-0.));
#264 = DIRECTION('',(0.,9.92044604925E-16,1.));
#265 = ORIENTED_EDGE('',*,*,#251,.F.);
#266 = CYLINDRICAL_SURFACE('',#267,1.01);
#267 = AXIS2_PLACEMENT_3D('',#268,#269,#270);
#268 = CARTESIAN_POINT('',(2.41,6.630669073875E-16,1.5));
#269 = DIRECTION('',(1.,0.,0.));
#270 = DIRECTION('',(-0.,9.92044604925E-16,1.));
#271 = ADVANCED_FACE('',(#272,#275),#286,.F.);
#272 = FACE_BOUND('',#273,.T.);
#273 = EDGE_LOOP('',(#274));
#274 = ORIENTED_EDGE('',*,*,#242,.F.);
#275 = FACE_BOUND('',#276,.T.);
#276 = EDGE_LOOP('',(#277));
#277 = ORIENTED_EDGE('',*,*,#278,.T.);
#278 = EDGE_CURVE('',#279,#279,#281,.T.);
#279 = VERTEX_POINT('',#280);
#280 = CARTESIAN_POINT('',(2.41,5.551115123126E-16,2.5));
#281 = CIRCLE('',#282,1.);
#282 = AXIS2_PLACEMENT_3D('',#283,#284,#285);
#283 = CARTESIAN_POINT('',(2.41,6.630669073875E-16,1.5));
#284 = DIRECTION('',(1.,0.,-0.));
#285 = DIRECTION('',(0.,1.002044604925E-15,1.));
#286 = PLANE('',#287);
#287 = AXIS2_PLACEMENT_3D('',#288,#289,#290);
#288 = CARTESIAN_POINT('',(2.41,6.630669073875E-16,1.5));
#289 = DIRECTION('',(1.,0.,0.));
#290 = DIRECTION('',(-0.,1.002044604925E-15,1.));
#291 = ADVANCED_FACE('',(#292,#295),#306,.T.);
#292 = FACE_BOUND('',#293,.T.);
#293 = EDGE_LOOP('',(#294));
#294 = ORIENTED_EDGE('',*,*,#259,.T.);
#295 = FACE_BOUND('',#296,.T.);
#296 = EDGE_LOOP('',(#297));
#297 = ORIENTED_EDGE('',*,*,#298,.F.);
#298 = EDGE_CURVE('',#299,#299,#301,.T.);
#299 = VERTEX_POINT('',#300);
#300 = CARTESIAN_POINT('',(3.41,5.551115123126E-16,2.5));
#301 = CIRCLE('',#302,1.);
#302 = AXIS2_PLACEMENT_3D('',#303,#304,#305);
#303 = CARTESIAN_POINT('',(3.41,6.630669073875E-16,1.5));
#304 = DIRECTION('',(1.,0.,-0.));
#305 = DIRECTION('',(0.,1.002044604925E-15,1.));
#306 = PLANE('',#307);
#307 = AXIS2_PLACEMENT_3D('',#308,#309,#310);
#308 = CARTESIAN_POINT('',(3.41,6.630669073875E-16,1.5));
#309 = DIRECTION('',(1.,0.,0.));
#310 = DIRECTION('',(-0.,9.92044604925E-16,1.));
#311 = ADVANCED_FACE('',(#312),#331,.T.);
#312 = FACE_BOUND('',#313,.T.);
#313 = EDGE_LOOP('',(#314,#323,#329,#330));
#314 = ORIENTED_EDGE('',*,*,#315,.T.);
#315 = EDGE_CURVE('',#316,#316,#318,.T.);
#316 = VERTEX_POINT('',#317);
#317 = CARTESIAN_POINT('',(2.21,3.555111512313E-15,2.5));
#318 = CIRCLE('',#319,1.);
#319 = AXIS2_PLACEMENT_3D('',#320,#321,#322);
#320 = CARTESIAN_POINT('',(2.21,6.630669073875E-16,1.5));
#321 = DIRECTION('',(1.,0.,-0.));
#322 = DIRECTION('',(0.,1.002044604925E-15,1.));
#323 = ORIENTED_EDGE('',*,*,#324,.T.);
#324 = EDGE_CURVE('',#316,#279,#325,.T.);
#325 = LINE('',#326,#327);
#326 = CARTESIAN_POINT('',(1.81,5.551115123126E-16,2.5));
#327 = VECTOR('',#328,1.);
#328 = DIRECTION('',(1.,0.,0.));
#329 = ORIENTED_EDGE('',*,*,#278,.F.);
#330 = ORIENTED_EDGE('',*,*,#324,.F.);
#331 = CYLINDRICAL_SURFACE('',#332,1.);
#332 = AXIS2_PLACEMENT_3D('',#333,#334,#335);
#333 = CARTESIAN_POINT('',(1.81,6.630669073875E-16,1.5));
#334 = DIRECTION('',(1.,0.,0.));
#335 = DIRECTION('',(-0.,1.002044604925E-15,1.));
#336 = ADVANCED_FACE('',(#337),#356,.T.);
#337 = FACE_BOUND('',#338,.T.);
#338 = EDGE_LOOP('',(#339,#340,#348,#355));
#339 = ORIENTED_EDGE('',*,*,#298,.T.);
#340 = ORIENTED_EDGE('',*,*,#341,.T.);
#341 = EDGE_CURVE('',#299,#342,#344,.T.);
#342 = VERTEX_POINT('',#343);
#343 = CARTESIAN_POINT('',(5.41,3.555111512313E-15,2.5));
#344 = LINE('',#345,#346);
#345 = CARTESIAN_POINT('',(1.81,5.551115123126E-16,2.5));
#346 = VECTOR('',#347,1.);
#347 = DIRECTION('',(1.,0.,0.));
#348 = ORIENTED_EDGE('',*,*,#349,.F.);
#349 = EDGE_CURVE('',#342,#342,#350,.T.);
#350 = CIRCLE('',#351,1.);
#351 = AXIS2_PLACEMENT_3D('',#352,#353,#354);
#352 = CARTESIAN_POINT('',(5.41,6.630669073875E-16,1.5));
#353 = DIRECTION('',(1.,0.,-0.));
#354 = DIRECTION('',(0.,1.002044604925E-15,1.));
#355 = ORIENTED_EDGE('',*,*,#341,.F.);
#356 = CYLINDRICAL_SURFACE('',#357,1.);
#357 = AXIS2_PLACEMENT_3D('',#358,#359,#360);
#358 = CARTESIAN_POINT('',(1.81,6.630669073875E-16,1.5));
#359 = DIRECTION('',(1.,0.,0.));
#360 = DIRECTION('',(-0.,1.002044604925E-15,1.));
#361 = ADVANCED_FACE('',(#362),#382,.T.);
#362 = FACE_BOUND('',#363,.T.);
#363 = EDGE_LOOP('',(#364,#373,#380,#381));
#364 = ORIENTED_EDGE('',*,*,#365,.T.);
#365 = EDGE_CURVE('',#366,#366,#368,.T.);
#366 = VERTEX_POINT('',#367);
#367 = CARTESIAN_POINT('',(1.81,1.466293670343E-15,2.1));
#368 = CIRCLE('',#369,0.6);
#369 = AXIS2_PLACEMENT_3D('',#370,#371,#372);
#370 = CARTESIAN_POINT('',(1.81,6.630669073875E-16,1.5));
#371 = DIRECTION('',(1.,0.,-0.));
#372 = DIRECTION('',(0.,1.002044604925E-15,1.));
#373 = ORIENTED_EDGE('',*,*,#374,.F.);
#374 = EDGE_CURVE('',#316,#366,#375,.T.);
#375 = CIRCLE('',#376,0.4);
#376 = AXIS2_PLACEMENT_3D('',#377,#378,#379);
#377 = CARTESIAN_POINT('',(2.21,1.266293670343E-15,2.1));
#378 = DIRECTION('',(0.,-1.,1.002044604925E-15));
#379 = DIRECTION('',(0.,1.002044604925E-15,1.));
#380 = ORIENTED_EDGE('',*,*,#315,.F.);
#381 = ORIENTED_EDGE('',*,*,#374,.T.);
#382 = TOROIDAL_SURFACE('',#383,0.6,0.4);
#383 = AXIS2_PLACEMENT_3D('',#384,#385,#386);
#384 = CARTESIAN_POINT('',(2.21,6.630669073875E-16,1.5));
#385 = DIRECTION('',(-1.,0.,0.));
#386 = DIRECTION('',(0.,1.002044604925E-15,1.));
#387 = ADVANCED_FACE('',(#388),#408,.T.);
#388 = FACE_BOUND('',#389,.T.);
#389 = EDGE_LOOP('',(#390,#391,#400,#407));
#390 = ORIENTED_EDGE('',*,*,#349,.T.);
#391 = ORIENTED_EDGE('',*,*,#392,.F.);
#392 = EDGE_CURVE('',#393,#342,#395,.T.);
#393 = VERTEX_POINT('',#394);
#394 = CARTESIAN_POINT('',(5.81,1.466293670343E-15,2.1));
#395 = CIRCLE('',#396,0.4);
#396 = AXIS2_PLACEMENT_3D('',#397,#398,#399);
#397 = CARTESIAN_POINT('',(5.41,1.266293670343E-15,2.1));
#398 = DIRECTION('',(0.,-1.,1.002044604925E-15));
#399 = DIRECTION('',(0.,1.002044604925E-15,1.));
#400 = ORIENTED_EDGE('',*,*,#401,.F.);
#401 = EDGE_CURVE('',#393,#393,#402,.T.);
#402 = CIRCLE('',#403,0.6);
#403 = AXIS2_PLACEMENT_3D('',#404,#405,#406);
#404 = CARTESIAN_POINT('',(5.81,6.630669073875E-16,1.5));
#405 = DIRECTION('',(1.,0.,-0.));
#406 = DIRECTION('',(0.,1.002044604925E-15,1.));
#407 = ORIENTED_EDGE('',*,*,#392,.T.);
#408 = TOROIDAL_SURFACE('',#409,0.6,0.4);
#409 = AXIS2_PLACEMENT_3D('',#410,#411,#412);
#410 = CARTESIAN_POINT('',(5.41,6.630669073875E-16,1.5));
#411 = DIRECTION('',(-1.,0.,0.));
#412 = DIRECTION('',(0.,1.002044604925E-15,1.));
#413 = ADVANCED_FACE('',(#414),#417,.F.);
#414 = FACE_BOUND('',#415,.T.);
#415 = EDGE_LOOP('',(#416));
#416 = ORIENTED_EDGE('',*,*,#365,.F.);
#417 = PLANE('',#418);
#418 = AXIS2_PLACEMENT_3D('',#419,#420,#421);
#419 = CARTESIAN_POINT('',(1.81,6.630669073875E-16,1.5));
#420 = DIRECTION('',(1.,0.,0.));
#421 = DIRECTION('',(-0.,1.002044604925E-15,1.));
#422 = ADVANCED_FACE('',(#423),#426,.T.);
#423 = FACE_BOUND('',#424,.F.);
#424 = EDGE_LOOP('',(#425));
#425 = ORIENTED_EDGE('',*,*,#401,.F.);
#426 = PLANE('',#427);
#427 = AXIS2_PLACEMENT_3D('',#428,#429,#430);
#428 = CARTESIAN_POINT('',(5.81,6.630669073875E-16,1.5));
#429 = DIRECTION('',(1.,0.,0.));
#430 = DIRECTION('',(-0.,1.002044604925E-15,1.));
#431 = ( GEOMETRIC_REPRESENTATION_CONTEXT(3) 
GLOBAL_UNCERTAINTY_ASSIGNED_CONTEXT((#435)) GLOBAL_UNIT_ASSIGNED_CONTEXT
((#432,#433,#434)) REPRESENTATION_CONTEXT('Context #1',
  '3D Context with UNIT and UNCERTAINTY') );
#432 = ( LENGTH_UNIT() NAMED_UNIT(*) SI_UNIT(.MILLI.,.METRE.) );
#433 = ( NAMED_UNIT(*) PLANE_ANGLE_UNIT() SI_UNIT($,.RADIAN.) );
#434 = ( NAMED_UNIT(*) SI_UNIT($,.STERADIAN.) SOLID_ANGLE_UNIT() );
#435 = UNCERTAINTY_MEASURE_WITH_UNIT(LENGTH_MEASURE(1.E-07),#432,
  'distance_accuracy_value','confusion accuracy');
#436 = CONTEXT_DEPENDENT_SHAPE_REPRESENTATION(#437,#439);
#437 = ( REPRESENTATION_RELATIONSHIP('','',#80,#10) 
REPRESENTATION_RELATIONSHIP_WITH_TRANSFORMATION(#438) 
SHAPE_REPRESENTATION_RELATIONSHIP() );
#438 = ITEM_DEFINED_TRANSFORMATION('','',#11,#15);
#439 = PRODUCT_DEFINITION_SHAPE('Placement','Placement of an item',#440
  );
#440 = NEXT_ASSEMBLY_USAGE_OCCURRENCE('1','D3','',#5,#75,$);
#441 = PRODUCT_RELATED_PRODUCT_CATEGORY('part',$,(#77));
#442 = CONTEXT_DEPENDENT_SHAPE_REPRESENTATION(#443,#445);
#443 = ( REPRESENTATION_RELATIONSHIP('','',#80,#10) 
REPRESENTATION_RELATIONSHIP_WITH_TRANSFORMATION(#444) 
SHAPE_REPRESENTATION_RELATIONSHIP() );
#444 = ITEM_DEFINED_TRANSFORMATION('','',#11,#19);
#445 = PRODUCT_DEFINITION_SHAPE('Placement','Placement of an item',#446
  );
#446 = NEXT_ASSEMBLY_USAGE_OCCURRENCE('2','D2','',#5,#75,$);
#447 = CONTEXT_DEPENDENT_SHAPE_REPRESENTATION(#448,#450);
#448 = ( REPRESENTATION_RELATIONSHIP('','',#80,#10) 
REPRESENTATION_RELATIONSHIP_WITH_TRANSFORMATION(#449) 
SHAPE_REPRESENTATION_RELATIONSHIP() );
#449 = ITEM_DEFINED_TRANSFORMATION('','',#11,#23);
#450 = PRODUCT_DEFINITION_SHAPE('Placement','Placement of an item',#451
  );
#451 = NEXT_ASSEMBLY_USAGE_OCCURRENCE('3','D1','',#5,#75,$);
#452 = CONTEXT_DEPENDENT_SHAPE_REPRESENTATION(#453,#455);
#453 = ( REPRESENTATION_RELATIONSHIP('','',#80,#10) 
REPRESENTATION_RELATIONSHIP_WITH_TRANSFORMATION(#454) 
SHAPE_REPRESENTATION_RELATIONSHIP() );
#454 = ITEM_DEFINED_TRANSFORMATION('','',#11,#27);
#455 = PRODUCT_DEFINITION_SHAPE('Placement','Placement of an item',#456
  );
#456 = NEXT_ASSEMBLY_USAGE_OCCURRENCE('4','D10','',#5,#75,$);
#457 = CONTEXT_DEPENDENT_SHAPE_REPRESENTATION(#458,#460);
#458 = ( REPRESENTATION_RELATIONSHIP('','',#80,#10) 
REPRESENTATION_RELATIONSHIP_WITH_TRANSFORMATION(#459) 
SHAPE_REPRESENTATION_RELATIONSHIP() );
#459 = ITEM_DEFINED_TRANSFORMATION('','',#11,#31);
#460 = PRODUCT_DEFINITION_SHAPE('Placement','Placement of an item',#461
  );
#461 = NEXT_ASSEMBLY_USAGE_OCCURRENCE('5','D9','',#5,#75,$);
#462 = CONTEXT_DEPENDENT_SHAPE_REPRESENTATION(#463,#465);
#463 = ( REPRESENTATION_RELATIONSHIP('','',#80,#10) 
REPRESENTATION_RELATIONSHIP_WITH_TRANSFORMATION(#464) 
SHAPE_REPRESENTATION_RELATIONSHIP() );
#464 = ITEM_DEFINED_TRANSFORMATION('','',#11,#35);
#465 = PRODUCT_DEFINITION_SHAPE('Placement','Placement of an item',#466
  );
#466 = NEXT_ASSEMBLY_USAGE_OCCURRENCE('6','D4','',#5,#75,$);
#467 = CONTEXT_DEPENDENT_SHAPE_REPRESENTATION(#468,#470);
#468 = ( REPRESENTATION_RELATIONSHIP('','',#80,#10) 
REPRESENTATION_RELATIONSHIP_WITH_TRANSFORMATION(#469) 
SHAPE_REPRESENTATION_RELATIONSHIP() );
#469 = ITEM_DEFINED_TRANSFORMATION('','',#11,#39);
#470 = PRODUCT_DEFINITION_SHAPE('Placement','Placement of an item',#471
  );
#471 = NEXT_ASSEMBLY_USAGE_OCCURRENCE('7','D8','',#5,#75,$);
#472 = CONTEXT_DEPENDENT_SHAPE_REPRESENTATION(#473,#475);
#473 = ( REPRESENTATION_RELATIONSHIP('','',#80,#10) 
REPRESENTATION_RELATIONSHIP_WITH_TRANSFORMATION(#474) 
SHAPE_REPRESENTATION_RELATIONSHIP() );
#474 = ITEM_DEFINED_TRANSFORMATION('','',#11,#43);
#475 = PRODUCT_DEFINITION_SHAPE('Placement','Placement of an item',#476
  );
#476 = NEXT_ASSEMBLY_USAGE_OCCURRENCE('8','D5','',#5,#75,$);
#477 = CONTEXT_DEPENDENT_SHAPE_REPRESENTATION(#478,#480);
#478 = ( REPRESENTATION_RELATIONSHIP('','',#80,#10) 
REPRESENTATION_RELATIONSHIP_WITH_TRANSFORMATION(#479) 
SHAPE_REPRESENTATION_RELATIONSHIP() );
#479 = ITEM_DEFINED_TRANSFORMATION('','',#11,#47);
#480 = PRODUCT_DEFINITION_SHAPE('Placement','Placement of an item',#481
  );
#481 = NEXT_ASSEMBLY_USAGE_OCCURRENCE('9','D12','',#5,#75,$);
#482 = CONTEXT_DEPENDENT_SHAPE_REPRESENTATION(#483,#485);
#483 = ( REPRESENTATION_RELATIONSHIP('','',#80,#10) 
REPRESENTATION_RELATIONSHIP_WITH_TRANSFORMATION(#484) 
SHAPE_REPRESENTATION_RELATIONSHIP() );
#484 = ITEM_DEFINED_TRANSFORMATION('','',#11,#51);
#485 = PRODUCT_DEFINITION_SHAPE('Placement','Placement of an item',#486
  );
#486 = NEXT_ASSEMBLY_USAGE_OCCURRENCE('10','D11','',#5,#75,$);
#487 = CONTEXT_DEPENDENT_SHAPE_REPRESENTATION(#488,#490);
#488 = ( REPRESENTATION_RELATIONSHIP('','',#80,#10) 
REPRESENTATION_RELATIONSHIP_WITH_TRANSFORMATION(#489) 
SHAPE_REPRESENTATION_RELATIONSHIP() );
#489 = ITEM_DEFINED_TRANSFORMATION('','',#11,#55);
#490 = PRODUCT_DEFINITION_SHAPE('Placement','Placement of an item',#491
  );
#491 = NEXT_ASSEMBLY_USAGE_OCCURRENCE('11','D7','',#5,#75,$);
#492 = CONTEXT_DEPENDENT_SHAPE_REPRESENTATION(#493,#495);
#493 = ( REPRESENTATION_RELATIONSHIP('','',#80,#10) 
REPRESENTATION_RELATIONSHIP_WITH_TRANSFORMATION(#494) 
SHAPE_REPRESENTATION_RELATIONSHIP() );
#494 = ITEM_DEFINED_TRANSFORMATION('','',#11,#59);
#495 = PRODUCT_DEFINITION_SHAPE('Placement','Placement of an item',#496
  );
#496 = NEXT_ASSEMBLY_USAGE_OCCURRENCE('12','D6','',#5,#75,$);
#497 = SHAPE_DEFINITION_REPRESENTATION(#498,#504);
#498 = PRODUCT_DEFINITION_SHAPE('','',#499);
#499 = PRODUCT_DEFINITION('design','',#500,#503);
#500 = PRODUCT_DEFINITION_FORMATION('','',#501);
#501 = PRODUCT('PCB_PCB','PCB_PCB','',(#502));
#502 = PRODUCT_CONTEXT('',#2,'mechanical');
#503 = PRODUCT_DEFINITION_CONTEXT('part definition',#2,'design');
#504 = SHAPE_REPRESENTATION('',(#11,#505,#7519,#7561,#7603),#7645);
#505 = MANIFOLD_SOLID_BREP('',#506);
#506 = CLOSED_SHELL('',(#507,#547,#578,#609,#2460,#4311,#4323,#4340,
    #4357,#4374,#4391,#4408,#4425,#4442,#4459,#4476,#4493,#4510,#4527,
    #4544,#4561,#4578,#4595,#4612,#4629,#4646,#4663,#4680,#4697,#4714,
    #4731,#4748,#4765,#4782,#4799,#4816,#4833,#4850,#4867,#4884,#4901,
    #4918,#4935,#4952,#4969,#4986,#5003,#5020,#5037,#5054,#5071,#5088,
    #5105,#5122,#5139,#5156,#5173,#5190,#5207,#5224,#5241,#5258,#5275,
    #5292,#5309,#5326,#5343,#5360,#5377,#5394,#5416,#5433,#5450,#5462,
    #5479,#5496,#5513,#5530,#5547,#5564,#5581,#5598,#5615,#5632,#5654,
    #5671,#5688,#5700,#5717,#5734,#5751,#5773,#5790,#5807,#5819,#5841,
    #5858,#5875,#5892,#5909,#5926,#5943,#5960,#5977,#5994,#6011,#6028,
    #6045,#6062,#6079,#6096,#6113,#6130,#6147,#6164,#6181,#6198,#6215,
    #6227,#6249,#6266,#6283,#6300,#6317,#6334,#6351,#6368,#6385,#6402,
    #6419,#6436,#6453,#6470,#6487,#6504,#6521,#6538,#6555,#6572,#6589,
    #6606,#6623,#6635,#6657,#6674,#6691,#6708,#6725,#6742,#6759,#6776,
    #6793,#6810,#6827,#6844,#6861,#6878,#6895,#6912,#6929,#6946,#6963,
    #6980,#6997,#7014,#7031,#7043,#7060,#7077,#7094,#7111,#7128,#7145,
    #7162,#7179,#7196,#7213,#7230,#7247,#7264,#7281,#7298,#7315,#7332,
    #7349,#7366,#7383,#7400,#7417,#7434,#7451,#7468,#7485,#7502));
#507 = ADVANCED_FACE('',(#508),#542,.T.);
#508 = FACE_BOUND('',#509,.T.);
#509 = EDGE_LOOP('',(#510,#520,#528,#536));
#510 = ORIENTED_EDGE('',*,*,#511,.T.);
#511 = EDGE_CURVE('',#512,#514,#516,.T.);
#512 = VERTEX_POINT('',#513);
#513 = CARTESIAN_POINT('',(142.049148,-150.166249,0.));
#514 = VERTEX_POINT('',#515);
#515 = CARTESIAN_POINT('',(142.049148,-150.166249,1.51));
#516 = LINE('',#517,#518);
#517 = CARTESIAN_POINT('',(142.049148,-150.166249,0.));
#518 = VECTOR('',#519,1.);
#519 = DIRECTION('',(0.,0.,1.));
#520 = ORIENTED_EDGE('',*,*,#521,.T.);
#521 = EDGE_CURVE('',#514,#522,#524,.T.);
#522 = VERTEX_POINT('',#523);
#523 = CARTESIAN_POINT('',(58.580398,-150.166249,1.51));
#524 = LINE('',#525,#526);
#525 = CARTESIAN_POINT('',(142.049148,-150.166249,1.51));
#526 = VECTOR('',#527,1.);
#527 = DIRECTION('',(-1.,0.,0.));
#528 = ORIENTED_EDGE('',*,*,#529,.F.);
#529 = EDGE_CURVE('',#530,#522,#532,.T.);
#530 = VERTEX_POINT('',#531);
#531 = CARTESIAN_POINT('',(58.580398,-150.166249,0.));
#532 = LINE('',#533,#534);
#533 = CARTESIAN_POINT('',(58.580398,-150.166249,0.));
#534 = VECTOR('',#535,1.);
#535 = DIRECTION('',(0.,0.,1.));
#536 = ORIENTED_EDGE('',*,*,#537,.F.);
#537 = EDGE_CURVE('',#512,#530,#538,.T.);
#538 = LINE('',#539,#540);
#539 = CARTESIAN_POINT('',(142.049148,-150.166249,0.));
#540 = VECTOR('',#541,1.);
#541 = DIRECTION('',(-1.,0.,0.));
#542 = PLANE('',#543);
#543 = AXIS2_PLACEMENT_3D('',#544,#545,#546);
#544 = CARTESIAN_POINT('',(142.049148,-150.166249,0.));
#545 = DIRECTION('',(0.,-1.,0.));
#546 = DIRECTION('',(-1.,0.,0.));
#547 = ADVANCED_FACE('',(#548),#573,.T.);
#548 = FACE_BOUND('',#549,.T.);
#549 = EDGE_LOOP('',(#550,#560,#566,#567));
#550 = ORIENTED_EDGE('',*,*,#551,.T.);
#551 = EDGE_CURVE('',#552,#554,#556,.T.);
#552 = VERTEX_POINT('',#553);
#553 = CARTESIAN_POINT('',(142.049148,-61.116249,0.));
#554 = VERTEX_POINT('',#555);
#555 = CARTESIAN_POINT('',(142.049148,-61.116249,1.51));
#556 = LINE('',#557,#558);
#557 = CARTESIAN_POINT('',(142.049148,-61.116249,0.));
#558 = VECTOR('',#559,1.);
#559 = DIRECTION('',(0.,0.,1.));
#560 = ORIENTED_EDGE('',*,*,#561,.T.);
#561 = EDGE_CURVE('',#554,#514,#562,.T.);
#562 = LINE('',#563,#564);
#563 = CARTESIAN_POINT('',(142.049148,-61.116249,1.51));
#564 = VECTOR('',#565,1.);
#565 = DIRECTION('',(0.,-1.,0.));
#566 = ORIENTED_EDGE('',*,*,#511,.F.);
#567 = ORIENTED_EDGE('',*,*,#568,.F.);
#568 = EDGE_CURVE('',#552,#512,#569,.T.);
#569 = LINE('',#570,#571);
#570 = CARTESIAN_POINT('',(142.049148,-61.116249,0.));
#571 = VECTOR('',#572,1.);
#572 = DIRECTION('',(0.,-1.,0.));
#573 = PLANE('',#574);
#574 = AXIS2_PLACEMENT_3D('',#575,#576,#577);
#575 = CARTESIAN_POINT('',(142.049148,-61.116249,0.));
#576 = DIRECTION('',(1.,0.,-0.));
#577 = DIRECTION('',(0.,-1.,0.));
#578 = ADVANCED_FACE('',(#579),#604,.T.);
#579 = FACE_BOUND('',#580,.T.);
#580 = EDGE_LOOP('',(#581,#582,#590,#598));
#581 = ORIENTED_EDGE('',*,*,#529,.T.);
#582 = ORIENTED_EDGE('',*,*,#583,.T.);
#583 = EDGE_CURVE('',#522,#584,#586,.T.);
#584 = VERTEX_POINT('',#585);
#585 = CARTESIAN_POINT('',(58.580398,-61.116249,1.51));
#586 = LINE('',#587,#588);
#587 = CARTESIAN_POINT('',(58.580398,-150.166249,1.51));
#588 = VECTOR('',#589,1.);
#589 = DIRECTION('',(0.,1.,0.));
#590 = ORIENTED_EDGE('',*,*,#591,.F.);
#591 = EDGE_CURVE('',#592,#584,#594,.T.);
#592 = VERTEX_POINT('',#593);
#593 = CARTESIAN_POINT('',(58.580398,-61.116249,0.));
#594 = LINE('',#595,#596);
#595 = CARTESIAN_POINT('',(58.580398,-61.116249,0.));
#596 = VECTOR('',#597,1.);
#597 = DIRECTION('',(0.,0.,1.));
#598 = ORIENTED_EDGE('',*,*,#599,.F.);
#599 = EDGE_CURVE('',#530,#592,#600,.T.);
#600 = LINE('',#601,#602);
#601 = CARTESIAN_POINT('',(58.580398,-150.166249,0.));
#602 = VECTOR('',#603,1.);
#603 = DIRECTION('',(0.,1.,0.));
#604 = PLANE('',#605);
#605 = AXIS2_PLACEMENT_3D('',#606,#607,#608);
#606 = CARTESIAN_POINT('',(58.580398,-150.166249,0.));
#607 = DIRECTION('',(-1.,0.,0.));
#608 = DIRECTION('',(0.,1.,0.));
#609 = ADVANCED_FACE('',(#610,#621,#632,#643,#654,#665,#676,#687,#698,
    #709,#720,#731,#742,#753,#764,#775,#786,#797,#808,#819,#830,#841,
    #852,#863,#874,#885,#896,#907,#918,#929,#940,#951,#962,#973,#984,
    #995,#1006,#1017,#1028,#1039,#1050,#1061,#1072,#1083,#1094,#1105,
    #1116,#1127,#1138,#1149,#1160,#1171,#1182,#1193,#1204,#1215,#1226,
    #1237,#1248,#1259,#1270,#1281,#1292,#1303,#1314,#1350,#1361,#1372,
    #1383,#1394,#1405,#1416,#1427,#1438,#1449,#1460,#1496,#1507,#1518,
    #1529,#1565,#1759,#1953,#2147,#2158,#2169,#2180,#2191,#2202,#2213,
    #2224,#2235,#2246,#2257,#2268,#2279,#2290,#2301,#2312,#2323,#2334,
    #2345,#2356,#2367,#2378,#2389,#2400,#2411,#2422,#2433,#2444),#2455,
  .F.);
#610 = FACE_BOUND('',#611,.F.);
#611 = EDGE_LOOP('',(#612,#613,#614,#620));
#612 = ORIENTED_EDGE('',*,*,#537,.F.);
#613 = ORIENTED_EDGE('',*,*,#568,.F.);
#614 = ORIENTED_EDGE('',*,*,#615,.F.);
#615 = EDGE_CURVE('',#592,#552,#616,.T.);
#616 = LINE('',#617,#618);
#617 = CARTESIAN_POINT('',(58.580398,-61.116249,0.));
#618 = VECTOR('',#619,1.);
#619 = DIRECTION('',(1.,0.,0.));
#620 = ORIENTED_EDGE('',*,*,#599,.F.);
#621 = FACE_BOUND('',#622,.F.);
#622 = EDGE_LOOP('',(#623));
#623 = ORIENTED_EDGE('',*,*,#624,.T.);
#624 = EDGE_CURVE('',#625,#625,#627,.T.);
#625 = VERTEX_POINT('',#626);
#626 = CARTESIAN_POINT('',(65.310398,-137.998749,0.));
#627 = CIRCLE('',#628,0.85);
#628 = AXIS2_PLACEMENT_3D('',#629,#630,#631);
#629 = CARTESIAN_POINT('',(65.310398,-137.148749,0.));
#630 = DIRECTION('',(-0.,0.,-1.));
#631 = DIRECTION('',(1.671865260612E-14,-1.,-0.));
#632 = FACE_BOUND('',#633,.F.);
#633 = EDGE_LOOP('',(#634));
#634 = ORIENTED_EDGE('',*,*,#635,.T.);
#635 = EDGE_CURVE('',#636,#636,#638,.T.);
#636 = VERTEX_POINT('',#637);
#637 = CARTESIAN_POINT('',(70.390398,-139.148749,0.));
#638 = CIRCLE('',#639,2.);
#639 = AXIS2_PLACEMENT_3D('',#640,#641,#642);
#640 = CARTESIAN_POINT('',(70.390398,-137.148749,0.));
#641 = DIRECTION('',(-0.,0.,-1.));
#642 = DIRECTION('',(-0.,-1.,0.));
#643 = FACE_BOUND('',#644,.F.);
#644 = EDGE_LOOP('',(#645));
#645 = ORIENTED_EDGE('',*,*,#646,.T.);
#646 = EDGE_CURVE('',#647,#647,#649,.T.);
#647 = VERTEX_POINT('',#648);
#648 = CARTESIAN_POINT('',(66.580398,-135.358749,0.));
#649 = CIRCLE('',#650,0.75);
#650 = AXIS2_PLACEMENT_3D('',#651,#652,#653);
#651 = CARTESIAN_POINT('',(66.580398,-134.608749,0.));
#652 = DIRECTION('',(-0.,0.,-1.));
#653 = DIRECTION('',(-0.,-1.,0.));
#654 = FACE_BOUND('',#655,.F.);
#655 = EDGE_LOOP('',(#656));
#656 = ORIENTED_EDGE('',*,*,#657,.T.);
#657 = EDGE_CURVE('',#658,#658,#660,.T.);
#658 = VERTEX_POINT('',#659);
#659 = CARTESIAN_POINT('',(75.470398,-137.998749,0.));
#660 = CIRCLE('',#661,0.85);
#661 = AXIS2_PLACEMENT_3D('',#662,#663,#664);
#662 = CARTESIAN_POINT('',(75.470398,-137.148749,0.));
#663 = DIRECTION('',(-0.,0.,-1.));
#664 = DIRECTION('',(1.671865260612E-14,-1.,-0.));
#665 = FACE_BOUND('',#666,.F.);
#666 = EDGE_LOOP('',(#667));
#667 = ORIENTED_EDGE('',*,*,#668,.T.);
#668 = EDGE_CURVE('',#669,#669,#671,.T.);
#669 = VERTEX_POINT('',#670);
#670 = CARTESIAN_POINT('',(80.074148,-141.041249,0.));
#671 = CIRCLE('',#672,0.4);
#672 = AXIS2_PLACEMENT_3D('',#673,#674,#675);
#673 = CARTESIAN_POINT('',(80.074148,-140.641249,0.));
#674 = DIRECTION('',(-0.,0.,-1.));
#675 = DIRECTION('',(-3.552713678801E-14,-1.,0.));
#676 = FACE_BOUND('',#677,.F.);
#677 = EDGE_LOOP('',(#678));
#678 = ORIENTED_EDGE('',*,*,#679,.T.);
#679 = EDGE_CURVE('',#680,#680,#682,.T.);
#680 = VERTEX_POINT('',#681);
#681 = CARTESIAN_POINT('',(80.074148,-133.421249,0.));
#682 = CIRCLE('',#683,0.4);
#683 = AXIS2_PLACEMENT_3D('',#684,#685,#686);
#684 = CARTESIAN_POINT('',(80.074148,-133.021249,0.));
#685 = DIRECTION('',(-0.,0.,-1.));
#686 = DIRECTION('',(-3.5527136788E-14,-1.,0.));
#687 = FACE_BOUND('',#688,.F.);
#688 = EDGE_LOOP('',(#689));
#689 = ORIENTED_EDGE('',*,*,#690,.T.);
#690 = EDGE_CURVE('',#691,#691,#693,.T.);
#691 = VERTEX_POINT('',#692);
#692 = CARTESIAN_POINT('',(72.930398,-132.818749,0.));
#693 = CIRCLE('',#694,0.75);
#694 = AXIS2_PLACEMENT_3D('',#695,#696,#697);
#695 = CARTESIAN_POINT('',(72.930398,-132.068749,0.));
#696 = DIRECTION('',(-0.,0.,-1.));
#697 = DIRECTION('',(-0.,-1.,0.));
#698 = FACE_BOUND('',#699,.F.);
#699 = EDGE_LOOP('',(#700));
#700 = ORIENTED_EDGE('',*,*,#701,.T.);
#701 = EDGE_CURVE('',#702,#702,#704,.T.);
#702 = VERTEX_POINT('',#703);
#703 = CARTESIAN_POINT('',(84.360398,-137.998749,0.));
#704 = CIRCLE('',#705,0.85);
#705 = AXIS2_PLACEMENT_3D('',#706,#707,#708);
#706 = CARTESIAN_POINT('',(84.360398,-137.148749,0.));
#707 = DIRECTION('',(-0.,0.,-1.));
#708 = DIRECTION('',(-0.,-1.,0.));
#709 = FACE_BOUND('',#710,.F.);
#710 = EDGE_LOOP('',(#711));
#711 = ORIENTED_EDGE('',*,*,#712,.T.);
#712 = EDGE_CURVE('',#713,#713,#715,.T.);
#713 = VERTEX_POINT('',#714);
#714 = CARTESIAN_POINT('',(89.440398,-139.148749,0.));
#715 = CIRCLE('',#716,2.);
#716 = AXIS2_PLACEMENT_3D('',#717,#718,#719);
#717 = CARTESIAN_POINT('',(89.440398,-137.148749,0.));
#718 = DIRECTION('',(-0.,0.,-1.));
#719 = DIRECTION('',(-0.,-1.,0.));
#720 = FACE_BOUND('',#721,.F.);
#721 = EDGE_LOOP('',(#722));
#722 = ORIENTED_EDGE('',*,*,#723,.T.);
#723 = EDGE_CURVE('',#724,#724,#726,.T.);
#724 = VERTEX_POINT('',#725);
#725 = CARTESIAN_POINT('',(85.630398,-135.358749,0.));
#726 = CIRCLE('',#727,0.75);
#727 = AXIS2_PLACEMENT_3D('',#728,#729,#730);
#728 = CARTESIAN_POINT('',(85.630398,-134.608749,0.));
#729 = DIRECTION('',(-0.,0.,-1.));
#730 = DIRECTION('',(-0.,-1.,0.));
#731 = FACE_BOUND('',#732,.F.);
#732 = EDGE_LOOP('',(#733));
#733 = ORIENTED_EDGE('',*,*,#734,.T.);
#734 = EDGE_CURVE('',#735,#735,#737,.T.);
#735 = VERTEX_POINT('',#736);
#736 = CARTESIAN_POINT('',(94.520398,-137.998749,0.));
#737 = CIRCLE('',#738,0.85);
#738 = AXIS2_PLACEMENT_3D('',#739,#740,#741);
#739 = CARTESIAN_POINT('',(94.520398,-137.148749,0.));
#740 = DIRECTION('',(-0.,0.,-1.));
#741 = DIRECTION('',(-0.,-1.,0.));
#742 = FACE_BOUND('',#743,.F.);
#743 = EDGE_LOOP('',(#744));
#744 = ORIENTED_EDGE('',*,*,#745,.T.);
#745 = EDGE_CURVE('',#746,#746,#748,.T.);
#746 = VERTEX_POINT('',#747);
#747 = CARTESIAN_POINT('',(99.124148,-141.041249,0.));
#748 = CIRCLE('',#749,0.4);
#749 = AXIS2_PLACEMENT_3D('',#750,#751,#752);
#750 = CARTESIAN_POINT('',(99.124148,-140.641249,0.));
#751 = DIRECTION('',(-0.,0.,-1.));
#752 = DIRECTION('',(3.5527136788E-14,-1.,-0.));
#753 = FACE_BOUND('',#754,.F.);
#754 = EDGE_LOOP('',(#755));
#755 = ORIENTED_EDGE('',*,*,#756,.T.);
#756 = EDGE_CURVE('',#757,#757,#759,.T.);
#757 = VERTEX_POINT('',#758);
#758 = CARTESIAN_POINT('',(99.124148,-133.421249,0.));
#759 = CIRCLE('',#760,0.4);
#760 = AXIS2_PLACEMENT_3D('',#761,#762,#763);
#761 = CARTESIAN_POINT('',(99.124148,-133.021249,0.));
#762 = DIRECTION('',(-0.,0.,-1.));
#763 = DIRECTION('',(3.5527136788E-14,-1.,-0.));
#764 = FACE_BOUND('',#765,.F.);
#765 = EDGE_LOOP('',(#766));
#766 = ORIENTED_EDGE('',*,*,#767,.T.);
#767 = EDGE_CURVE('',#768,#768,#770,.T.);
#768 = VERTEX_POINT('',#769);
#769 = CARTESIAN_POINT('',(91.980398,-132.818749,0.));
#770 = CIRCLE('',#771,0.75);
#771 = AXIS2_PLACEMENT_3D('',#772,#773,#774);
#772 = CARTESIAN_POINT('',(91.980398,-132.068749,0.));
#773 = DIRECTION('',(-0.,0.,-1.));
#774 = DIRECTION('',(-0.,-1.,0.));
#775 = FACE_BOUND('',#776,.F.);
#776 = EDGE_LOOP('',(#777));
#777 = ORIENTED_EDGE('',*,*,#778,.T.);
#778 = EDGE_CURVE('',#779,#779,#781,.T.);
#779 = VERTEX_POINT('',#780);
#780 = CARTESIAN_POINT('',(65.310398,-118.948749,0.));
#781 = CIRCLE('',#782,0.85);
#782 = AXIS2_PLACEMENT_3D('',#783,#784,#785);
#783 = CARTESIAN_POINT('',(65.310398,-118.098749,0.));
#784 = DIRECTION('',(-0.,0.,-1.));
#785 = DIRECTION('',(1.671865260612E-14,-1.,-0.));
#786 = FACE_BOUND('',#787,.F.);
#787 = EDGE_LOOP('',(#788));
#788 = ORIENTED_EDGE('',*,*,#789,.T.);
#789 = EDGE_CURVE('',#790,#790,#792,.T.);
#790 = VERTEX_POINT('',#791);
#791 = CARTESIAN_POINT('',(70.390398,-120.098749,0.));
#792 = CIRCLE('',#793,2.);
#793 = AXIS2_PLACEMENT_3D('',#794,#795,#796);
#794 = CARTESIAN_POINT('',(70.390398,-118.098749,0.));
#795 = DIRECTION('',(-0.,0.,-1.));
#796 = DIRECTION('',(-0.,-1.,0.));
#797 = FACE_BOUND('',#798,.F.);
#798 = EDGE_LOOP('',(#799));
#799 = ORIENTED_EDGE('',*,*,#800,.T.);
#800 = EDGE_CURVE('',#801,#801,#803,.T.);
#801 = VERTEX_POINT('',#802);
#802 = CARTESIAN_POINT('',(66.580398,-116.308749,0.));
#803 = CIRCLE('',#804,0.75);
#804 = AXIS2_PLACEMENT_3D('',#805,#806,#807);
#805 = CARTESIAN_POINT('',(66.580398,-115.558749,0.));
#806 = DIRECTION('',(-0.,0.,-1.));
#807 = DIRECTION('',(-0.,-1.,0.));
#808 = FACE_BOUND('',#809,.F.);
#809 = EDGE_LOOP('',(#810));
#810 = ORIENTED_EDGE('',*,*,#811,.T.);
#811 = EDGE_CURVE('',#812,#812,#814,.T.);
#812 = VERTEX_POINT('',#813);
#813 = CARTESIAN_POINT('',(72.930398,-113.768749,0.));
#814 = CIRCLE('',#815,0.75);
#815 = AXIS2_PLACEMENT_3D('',#816,#817,#818);
#816 = CARTESIAN_POINT('',(72.930398,-113.018749,0.));
#817 = DIRECTION('',(-0.,0.,-1.));
#818 = DIRECTION('',(-0.,-1.,0.));
#819 = FACE_BOUND('',#820,.F.);
#820 = EDGE_LOOP('',(#821));
#821 = ORIENTED_EDGE('',*,*,#822,.T.);
#822 = EDGE_CURVE('',#823,#823,#825,.T.);
#823 = VERTEX_POINT('',#824);
#824 = CARTESIAN_POINT('',(75.470398,-118.948749,0.));
#825 = CIRCLE('',#826,0.85);
#826 = AXIS2_PLACEMENT_3D('',#827,#828,#829);
#827 = CARTESIAN_POINT('',(75.470398,-118.098749,0.));
#828 = DIRECTION('',(-0.,0.,-1.));
#829 = DIRECTION('',(1.671865260612E-14,-1.,-0.));
#830 = FACE_BOUND('',#831,.F.);
#831 = EDGE_LOOP('',(#832));
#832 = ORIENTED_EDGE('',*,*,#833,.T.);
#833 = EDGE_CURVE('',#834,#834,#836,.T.);
#834 = VERTEX_POINT('',#835);
#835 = CARTESIAN_POINT('',(80.074148,-121.991249,0.));
#836 = CIRCLE('',#837,0.4);
#837 = AXIS2_PLACEMENT_3D('',#838,#839,#840);
#838 = CARTESIAN_POINT('',(80.074148,-121.591249,0.));
#839 = DIRECTION('',(-0.,0.,-1.));
#840 = DIRECTION('',(-3.552713678801E-14,-1.,0.));
#841 = FACE_BOUND('',#842,.F.);
#842 = EDGE_LOOP('',(#843));
#843 = ORIENTED_EDGE('',*,*,#844,.T.);
#844 = EDGE_CURVE('',#845,#845,#847,.T.);
#845 = VERTEX_POINT('',#846);
#846 = CARTESIAN_POINT('',(80.074148,-114.371249,0.));
#847 = CIRCLE('',#848,0.4);
#848 = AXIS2_PLACEMENT_3D('',#849,#850,#851);
#849 = CARTESIAN_POINT('',(80.074148,-113.971249,0.));
#850 = DIRECTION('',(-0.,0.,-1.));
#851 = DIRECTION('',(-3.552713678801E-14,-1.,0.));
#852 = FACE_BOUND('',#853,.F.);
#853 = EDGE_LOOP('',(#854));
#854 = ORIENTED_EDGE('',*,*,#855,.T.);
#855 = EDGE_CURVE('',#856,#856,#858,.T.);
#856 = VERTEX_POINT('',#857);
#857 = CARTESIAN_POINT('',(84.360398,-118.948749,0.));
#858 = CIRCLE('',#859,0.85);
#859 = AXIS2_PLACEMENT_3D('',#860,#861,#862);
#860 = CARTESIAN_POINT('',(84.360398,-118.098749,0.));
#861 = DIRECTION('',(-0.,0.,-1.));
#862 = DIRECTION('',(-0.,-1.,0.));
#863 = FACE_BOUND('',#864,.F.);
#864 = EDGE_LOOP('',(#865));
#865 = ORIENTED_EDGE('',*,*,#866,.T.);
#866 = EDGE_CURVE('',#867,#867,#869,.T.);
#867 = VERTEX_POINT('',#868);
#868 = CARTESIAN_POINT('',(89.440398,-120.098749,0.));
#869 = CIRCLE('',#870,2.);
#870 = AXIS2_PLACEMENT_3D('',#871,#872,#873);
#871 = CARTESIAN_POINT('',(89.440398,-118.098749,0.));
#872 = DIRECTION('',(-0.,0.,-1.));
#873 = DIRECTION('',(-0.,-1.,0.));
#874 = FACE_BOUND('',#875,.F.);
#875 = EDGE_LOOP('',(#876));
#876 = ORIENTED_EDGE('',*,*,#877,.T.);
#877 = EDGE_CURVE('',#878,#878,#880,.T.);
#878 = VERTEX_POINT('',#879);
#879 = CARTESIAN_POINT('',(85.630398,-116.308749,0.));
#880 = CIRCLE('',#881,0.75);
#881 = AXIS2_PLACEMENT_3D('',#882,#883,#884);
#882 = CARTESIAN_POINT('',(85.630398,-115.558749,0.));
#883 = DIRECTION('',(-0.,0.,-1.));
#884 = DIRECTION('',(-0.,-1.,0.));
#885 = FACE_BOUND('',#886,.F.);
#886 = EDGE_LOOP('',(#887));
#887 = ORIENTED_EDGE('',*,*,#888,.T.);
#888 = EDGE_CURVE('',#889,#889,#891,.T.);
#889 = VERTEX_POINT('',#890);
#890 = CARTESIAN_POINT('',(94.520398,-118.948749,0.));
#891 = CIRCLE('',#892,0.85);
#892 = AXIS2_PLACEMENT_3D('',#893,#894,#895);
#893 = CARTESIAN_POINT('',(94.520398,-118.098749,0.));
#894 = DIRECTION('',(-0.,0.,-1.));
#895 = DIRECTION('',(-0.,-1.,0.));
#896 = FACE_BOUND('',#897,.F.);
#897 = EDGE_LOOP('',(#898));
#898 = ORIENTED_EDGE('',*,*,#899,.T.);
#899 = EDGE_CURVE('',#900,#900,#902,.T.);
#900 = VERTEX_POINT('',#901);
#901 = CARTESIAN_POINT('',(99.124148,-121.991249,0.));
#902 = CIRCLE('',#903,0.4);
#903 = AXIS2_PLACEMENT_3D('',#904,#905,#906);
#904 = CARTESIAN_POINT('',(99.124148,-121.591249,0.));
#905 = DIRECTION('',(-0.,0.,-1.));
#906 = DIRECTION('',(3.5527136788E-14,-1.,-0.));
#907 = FACE_BOUND('',#908,.F.);
#908 = EDGE_LOOP('',(#909));
#909 = ORIENTED_EDGE('',*,*,#910,.T.);
#910 = EDGE_CURVE('',#911,#911,#913,.T.);
#911 = VERTEX_POINT('',#912);
#912 = CARTESIAN_POINT('',(91.980398,-113.768749,0.));
#913 = CIRCLE('',#914,0.75);
#914 = AXIS2_PLACEMENT_3D('',#915,#916,#917);
#915 = CARTESIAN_POINT('',(91.980398,-113.018749,0.));
#916 = DIRECTION('',(-0.,0.,-1.));
#917 = DIRECTION('',(-0.,-1.,0.));
#918 = FACE_BOUND('',#919,.F.);
#919 = EDGE_LOOP('',(#920));
#920 = ORIENTED_EDGE('',*,*,#921,.T.);
#921 = EDGE_CURVE('',#922,#922,#924,.T.);
#922 = VERTEX_POINT('',#923);
#923 = CARTESIAN_POINT('',(99.124148,-114.371249,0.));
#924 = CIRCLE('',#925,0.4);
#925 = AXIS2_PLACEMENT_3D('',#926,#927,#928);
#926 = CARTESIAN_POINT('',(99.124148,-113.971249,0.));
#927 = DIRECTION('',(-0.,0.,-1.));
#928 = DIRECTION('',(3.5527136788E-14,-1.,-0.));
#929 = FACE_BOUND('',#930,.F.);
#930 = EDGE_LOOP('',(#931));
#931 = ORIENTED_EDGE('',*,*,#932,.T.);
#932 = EDGE_CURVE('',#933,#933,#935,.T.);
#933 = VERTEX_POINT('',#934);
#934 = CARTESIAN_POINT('',(103.410398,-137.998749,0.));
#935 = CIRCLE('',#936,0.85);
#936 = AXIS2_PLACEMENT_3D('',#937,#938,#939);
#937 = CARTESIAN_POINT('',(103.410398,-137.148749,0.));
#938 = DIRECTION('',(-0.,0.,-1.));
#939 = DIRECTION('',(-0.,-1.,0.));
#940 = FACE_BOUND('',#941,.F.);
#941 = EDGE_LOOP('',(#942));
#942 = ORIENTED_EDGE('',*,*,#943,.T.);
#943 = EDGE_CURVE('',#944,#944,#946,.T.);
#944 = VERTEX_POINT('',#945);
#945 = CARTESIAN_POINT('',(108.490398,-139.148749,0.));
#946 = CIRCLE('',#947,2.);
#947 = AXIS2_PLACEMENT_3D('',#948,#949,#950);
#948 = CARTESIAN_POINT('',(108.490398,-137.148749,0.));
#949 = DIRECTION('',(-0.,0.,-1.));
#950 = DIRECTION('',(-0.,-1.,0.));
#951 = FACE_BOUND('',#952,.F.);
#952 = EDGE_LOOP('',(#953));
#953 = ORIENTED_EDGE('',*,*,#954,.T.);
#954 = EDGE_CURVE('',#955,#955,#957,.T.);
#955 = VERTEX_POINT('',#956);
#956 = CARTESIAN_POINT('',(104.680398,-135.358749,0.));
#957 = CIRCLE('',#958,0.75);
#958 = AXIS2_PLACEMENT_3D('',#959,#960,#961);
#959 = CARTESIAN_POINT('',(104.680398,-134.608749,0.));
#960 = DIRECTION('',(-0.,0.,-1.));
#961 = DIRECTION('',(-0.,-1.,0.));
#962 = FACE_BOUND('',#963,.F.);
#963 = EDGE_LOOP('',(#964));
#964 = ORIENTED_EDGE('',*,*,#965,.T.);
#965 = EDGE_CURVE('',#966,#966,#968,.T.);
#966 = VERTEX_POINT('',#967);
#967 = CARTESIAN_POINT('',(113.570398,-137.998749,0.));
#968 = CIRCLE('',#969,0.85);
#969 = AXIS2_PLACEMENT_3D('',#970,#971,#972);
#970 = CARTESIAN_POINT('',(113.570398,-137.148749,0.));
#971 = DIRECTION('',(-0.,0.,-1.));
#972 = DIRECTION('',(-1.671865260612E-14,-1.,0.));
#973 = FACE_BOUND('',#974,.F.);
#974 = EDGE_LOOP('',(#975));
#975 = ORIENTED_EDGE('',*,*,#976,.T.);
#976 = EDGE_CURVE('',#977,#977,#979,.T.);
#977 = VERTEX_POINT('',#978);
#978 = CARTESIAN_POINT('',(118.174148,-141.041249,0.));
#979 = CIRCLE('',#980,0.4);
#980 = AXIS2_PLACEMENT_3D('',#981,#982,#983);
#981 = CARTESIAN_POINT('',(118.174148,-140.641249,0.));
#982 = DIRECTION('',(-0.,0.,-1.));
#983 = DIRECTION('',(-0.,-1.,0.));
#984 = FACE_BOUND('',#985,.F.);
#985 = EDGE_LOOP('',(#986));
#986 = ORIENTED_EDGE('',*,*,#987,.T.);
#987 = EDGE_CURVE('',#988,#988,#990,.T.);
#988 = VERTEX_POINT('',#989);
#989 = CARTESIAN_POINT('',(118.174148,-133.421249,0.));
#990 = CIRCLE('',#991,0.4);
#991 = AXIS2_PLACEMENT_3D('',#992,#993,#994);
#992 = CARTESIAN_POINT('',(118.174148,-133.021249,0.));
#993 = DIRECTION('',(-0.,0.,-1.));
#994 = DIRECTION('',(-0.,-1.,0.));
#995 = FACE_BOUND('',#996,.F.);
#996 = EDGE_LOOP('',(#997));
#997 = ORIENTED_EDGE('',*,*,#998,.T.);
#998 = EDGE_CURVE('',#999,#999,#1001,.T.);
#999 = VERTEX_POINT('',#1000);
#1000 = CARTESIAN_POINT('',(111.030398,-132.818749,0.));
#1001 = CIRCLE('',#1002,0.75);
#1002 = AXIS2_PLACEMENT_3D('',#1003,#1004,#1005);
#1003 = CARTESIAN_POINT('',(111.030398,-132.068749,0.));
#1004 = DIRECTION('',(-0.,0.,-1.));
#1005 = DIRECTION('',(-0.,-1.,0.));
#1006 = FACE_BOUND('',#1007,.F.);
#1007 = EDGE_LOOP('',(#1008));
#1008 = ORIENTED_EDGE('',*,*,#1009,.T.);
#1009 = EDGE_CURVE('',#1010,#1010,#1012,.T.);
#1010 = VERTEX_POINT('',#1011);
#1011 = CARTESIAN_POINT('',(122.460398,-137.998749,0.));
#1012 = CIRCLE('',#1013,0.85);
#1013 = AXIS2_PLACEMENT_3D('',#1014,#1015,#1016);
#1014 = CARTESIAN_POINT('',(122.460398,-137.148749,0.));
#1015 = DIRECTION('',(-0.,0.,-1.));
#1016 = DIRECTION('',(-0.,-1.,0.));
#1017 = FACE_BOUND('',#1018,.F.);
#1018 = EDGE_LOOP('',(#1019));
#1019 = ORIENTED_EDGE('',*,*,#1020,.T.);
#1020 = EDGE_CURVE('',#1021,#1021,#1023,.T.);
#1021 = VERTEX_POINT('',#1022);
#1022 = CARTESIAN_POINT('',(127.540398,-139.148749,0.));
#1023 = CIRCLE('',#1024,2.);
#1024 = AXIS2_PLACEMENT_3D('',#1025,#1026,#1027);
#1025 = CARTESIAN_POINT('',(127.540398,-137.148749,0.));
#1026 = DIRECTION('',(-0.,0.,-1.));
#1027 = DIRECTION('',(-7.105427357601E-15,-1.,0.));
#1028 = FACE_BOUND('',#1029,.F.);
#1029 = EDGE_LOOP('',(#1030));
#1030 = ORIENTED_EDGE('',*,*,#1031,.T.);
#1031 = EDGE_CURVE('',#1032,#1032,#1034,.T.);
#1032 = VERTEX_POINT('',#1033);
#1033 = CARTESIAN_POINT('',(123.730398,-135.358749,0.));
#1034 = CIRCLE('',#1035,0.75);
#1035 = AXIS2_PLACEMENT_3D('',#1036,#1037,#1038);
#1036 = CARTESIAN_POINT('',(123.730398,-134.608749,0.));
#1037 = DIRECTION('',(-0.,0.,-1.));
#1038 = DIRECTION('',(-0.,-1.,0.));
#1039 = FACE_BOUND('',#1040,.F.);
#1040 = EDGE_LOOP('',(#1041));
#1041 = ORIENTED_EDGE('',*,*,#1042,.T.);
#1042 = EDGE_CURVE('',#1043,#1043,#1045,.T.);
#1043 = VERTEX_POINT('',#1044);
#1044 = CARTESIAN_POINT('',(132.620398,-137.998749,0.));
#1045 = CIRCLE('',#1046,0.85);
#1046 = AXIS2_PLACEMENT_3D('',#1047,#1048,#1049);
#1047 = CARTESIAN_POINT('',(132.620398,-137.148749,0.));
#1048 = DIRECTION('',(-0.,0.,-1.));
#1049 = DIRECTION('',(-0.,-1.,0.));
#1050 = FACE_BOUND('',#1051,.F.);
#1051 = EDGE_LOOP('',(#1052));
#1052 = ORIENTED_EDGE('',*,*,#1053,.T.);
#1053 = EDGE_CURVE('',#1054,#1054,#1056,.T.);
#1054 = VERTEX_POINT('',#1055);
#1055 = CARTESIAN_POINT('',(137.224148,-141.993749,0.));
#1056 = CIRCLE('',#1057,0.4);
#1057 = AXIS2_PLACEMENT_3D('',#1058,#1059,#1060);
#1058 = CARTESIAN_POINT('',(137.224148,-141.593749,0.));
#1059 = DIRECTION('',(-0.,0.,-1.));
#1060 = DIRECTION('',(-0.,-1.,0.));
#1061 = FACE_BOUND('',#1062,.F.);
#1062 = EDGE_LOOP('',(#1063));
#1063 = ORIENTED_EDGE('',*,*,#1064,.T.);
#1064 = EDGE_CURVE('',#1065,#1065,#1067,.T.);
#1065 = VERTEX_POINT('',#1066);
#1066 = CARTESIAN_POINT('',(137.224148,-134.373749,0.));
#1067 = CIRCLE('',#1068,0.4);
#1068 = AXIS2_PLACEMENT_3D('',#1069,#1070,#1071);
#1069 = CARTESIAN_POINT('',(137.224148,-133.973749,0.));
#1070 = DIRECTION('',(-0.,0.,-1.));
#1071 = DIRECTION('',(-0.,-1.,0.));
#1072 = FACE_BOUND('',#1073,.F.);
#1073 = EDGE_LOOP('',(#1074));
#1074 = ORIENTED_EDGE('',*,*,#1075,.T.);
#1075 = EDGE_CURVE('',#1076,#1076,#1078,.T.);
#1076 = VERTEX_POINT('',#1077);
#1077 = CARTESIAN_POINT('',(130.080398,-132.818749,0.));
#1078 = CIRCLE('',#1079,0.75);
#1079 = AXIS2_PLACEMENT_3D('',#1080,#1081,#1082);
#1080 = CARTESIAN_POINT('',(130.080398,-132.068749,0.));
#1081 = DIRECTION('',(-0.,0.,-1.));
#1082 = DIRECTION('',(-0.,-1.,0.));
#1083 = FACE_BOUND('',#1084,.F.);
#1084 = EDGE_LOOP('',(#1085));
#1085 = ORIENTED_EDGE('',*,*,#1086,.T.);
#1086 = EDGE_CURVE('',#1087,#1087,#1089,.T.);
#1087 = VERTEX_POINT('',#1088);
#1088 = CARTESIAN_POINT('',(103.410398,-118.948749,0.));
#1089 = CIRCLE('',#1090,0.85);
#1090 = AXIS2_PLACEMENT_3D('',#1091,#1092,#1093);
#1091 = CARTESIAN_POINT('',(103.410398,-118.098749,0.));
#1092 = DIRECTION('',(-0.,0.,-1.));
#1093 = DIRECTION('',(-0.,-1.,0.));
#1094 = FACE_BOUND('',#1095,.F.);
#1095 = EDGE_LOOP('',(#1096));
#1096 = ORIENTED_EDGE('',*,*,#1097,.T.);
#1097 = EDGE_CURVE('',#1098,#1098,#1100,.T.);
#1098 = VERTEX_POINT('',#1099);
#1099 = CARTESIAN_POINT('',(108.490398,-120.098749,0.));
#1100 = CIRCLE('',#1101,2.);
#1101 = AXIS2_PLACEMENT_3D('',#1102,#1103,#1104);
#1102 = CARTESIAN_POINT('',(108.490398,-118.098749,0.));
#1103 = DIRECTION('',(-0.,0.,-1.));
#1104 = DIRECTION('',(-0.,-1.,0.));
#1105 = FACE_BOUND('',#1106,.F.);
#1106 = EDGE_LOOP('',(#1107));
#1107 = ORIENTED_EDGE('',*,*,#1108,.T.);
#1108 = EDGE_CURVE('',#1109,#1109,#1111,.T.);
#1109 = VERTEX_POINT('',#1110);
#1110 = CARTESIAN_POINT('',(104.680398,-116.308749,0.));
#1111 = CIRCLE('',#1112,0.75);
#1112 = AXIS2_PLACEMENT_3D('',#1113,#1114,#1115);
#1113 = CARTESIAN_POINT('',(104.680398,-115.558749,0.));
#1114 = DIRECTION('',(-0.,0.,-1.));
#1115 = DIRECTION('',(-0.,-1.,0.));
#1116 = FACE_BOUND('',#1117,.F.);
#1117 = EDGE_LOOP('',(#1118));
#1118 = ORIENTED_EDGE('',*,*,#1119,.T.);
#1119 = EDGE_CURVE('',#1120,#1120,#1122,.T.);
#1120 = VERTEX_POINT('',#1121);
#1121 = CARTESIAN_POINT('',(113.570398,-118.948749,0.));
#1122 = CIRCLE('',#1123,0.85);
#1123 = AXIS2_PLACEMENT_3D('',#1124,#1125,#1126);
#1124 = CARTESIAN_POINT('',(113.570398,-118.098749,0.));
#1125 = DIRECTION('',(-0.,0.,-1.));
#1126 = DIRECTION('',(-1.671865260612E-14,-1.,0.));
#1127 = FACE_BOUND('',#1128,.F.);
#1128 = EDGE_LOOP('',(#1129));
#1129 = ORIENTED_EDGE('',*,*,#1130,.T.);
#1130 = EDGE_CURVE('',#1131,#1131,#1133,.T.);
#1131 = VERTEX_POINT('',#1132);
#1132 = CARTESIAN_POINT('',(118.174148,-121.991249,0.));
#1133 = CIRCLE('',#1134,0.4);
#1134 = AXIS2_PLACEMENT_3D('',#1135,#1136,#1137);
#1135 = CARTESIAN_POINT('',(118.174148,-121.591249,0.));
#1136 = DIRECTION('',(-0.,0.,-1.));
#1137 = DIRECTION('',(-0.,-1.,0.));
#1138 = FACE_BOUND('',#1139,.F.);
#1139 = EDGE_LOOP('',(#1140));
#1140 = ORIENTED_EDGE('',*,*,#1141,.T.);
#1141 = EDGE_CURVE('',#1142,#1142,#1144,.T.);
#1142 = VERTEX_POINT('',#1143);
#1143 = CARTESIAN_POINT('',(111.030398,-113.768749,0.));
#1144 = CIRCLE('',#1145,0.75);
#1145 = AXIS2_PLACEMENT_3D('',#1146,#1147,#1148);
#1146 = CARTESIAN_POINT('',(111.030398,-113.018749,0.));
#1147 = DIRECTION('',(-0.,0.,-1.));
#1148 = DIRECTION('',(-0.,-1.,0.));
#1149 = FACE_BOUND('',#1150,.F.);
#1150 = EDGE_LOOP('',(#1151));
#1151 = ORIENTED_EDGE('',*,*,#1152,.T.);
#1152 = EDGE_CURVE('',#1153,#1153,#1155,.T.);
#1153 = VERTEX_POINT('',#1154);
#1154 = CARTESIAN_POINT('',(118.174148,-114.371249,0.));
#1155 = CIRCLE('',#1156,0.4);
#1156 = AXIS2_PLACEMENT_3D('',#1157,#1158,#1159);
#1157 = CARTESIAN_POINT('',(118.174148,-113.971249,0.));
#1158 = DIRECTION('',(-0.,0.,-1.));
#1159 = DIRECTION('',(-0.,-1.,0.));
#1160 = FACE_BOUND('',#1161,.F.);
#1161 = EDGE_LOOP('',(#1162));
#1162 = ORIENTED_EDGE('',*,*,#1163,.T.);
#1163 = EDGE_CURVE('',#1164,#1164,#1166,.T.);
#1164 = VERTEX_POINT('',#1165);
#1165 = CARTESIAN_POINT('',(122.460398,-118.948749,0.));
#1166 = CIRCLE('',#1167,0.85);
#1167 = AXIS2_PLACEMENT_3D('',#1168,#1169,#1170);
#1168 = CARTESIAN_POINT('',(122.460398,-118.098749,0.));
#1169 = DIRECTION('',(-0.,0.,-1.));
#1170 = DIRECTION('',(-0.,-1.,0.));
#1171 = FACE_BOUND('',#1172,.F.);
#1172 = EDGE_LOOP('',(#1173));
#1173 = ORIENTED_EDGE('',*,*,#1174,.T.);
#1174 = EDGE_CURVE('',#1175,#1175,#1177,.T.);
#1175 = VERTEX_POINT('',#1176);
#1176 = CARTESIAN_POINT('',(127.540398,-120.098749,0.));
#1177 = CIRCLE('',#1178,2.);
#1178 = AXIS2_PLACEMENT_3D('',#1179,#1180,#1181);
#1179 = CARTESIAN_POINT('',(127.540398,-118.098749,0.));
#1180 = DIRECTION('',(-0.,0.,-1.));
#1181 = DIRECTION('',(-7.105427357601E-15,-1.,0.));
#1182 = FACE_BOUND('',#1183,.F.);
#1183 = EDGE_LOOP('',(#1184));
#1184 = ORIENTED_EDGE('',*,*,#1185,.T.);
#1185 = EDGE_CURVE('',#1186,#1186,#1188,.T.);
#1186 = VERTEX_POINT('',#1187);
#1187 = CARTESIAN_POINT('',(123.730398,-116.308749,0.));
#1188 = CIRCLE('',#1189,0.75);
#1189 = AXIS2_PLACEMENT_3D('',#1190,#1191,#1192);
#1190 = CARTESIAN_POINT('',(123.730398,-115.558749,0.));
#1191 = DIRECTION('',(-0.,0.,-1.));
#1192 = DIRECTION('',(-0.,-1.,0.));
#1193 = FACE_BOUND('',#1194,.F.);
#1194 = EDGE_LOOP('',(#1195));
#1195 = ORIENTED_EDGE('',*,*,#1196,.T.);
#1196 = EDGE_CURVE('',#1197,#1197,#1199,.T.);
#1197 = VERTEX_POINT('',#1198);
#1198 = CARTESIAN_POINT('',(132.620398,-118.948749,0.));
#1199 = CIRCLE('',#1200,0.85);
#1200 = AXIS2_PLACEMENT_3D('',#1201,#1202,#1203);
#1201 = CARTESIAN_POINT('',(132.620398,-118.098749,0.));
#1202 = DIRECTION('',(-0.,0.,-1.));
#1203 = DIRECTION('',(-0.,-1.,0.));
#1204 = FACE_BOUND('',#1205,.F.);
#1205 = EDGE_LOOP('',(#1206));
#1206 = ORIENTED_EDGE('',*,*,#1207,.T.);
#1207 = EDGE_CURVE('',#1208,#1208,#1210,.T.);
#1208 = VERTEX_POINT('',#1209);
#1209 = CARTESIAN_POINT('',(137.224148,-121.991249,0.));
#1210 = CIRCLE('',#1211,0.4);
#1211 = AXIS2_PLACEMENT_3D('',#1212,#1213,#1214);
#1212 = CARTESIAN_POINT('',(137.224148,-121.591249,0.));
#1213 = DIRECTION('',(-0.,0.,-1.));
#1214 = DIRECTION('',(-0.,-1.,0.));
#1215 = FACE_BOUND('',#1216,.F.);
#1216 = EDGE_LOOP('',(#1217));
#1217 = ORIENTED_EDGE('',*,*,#1218,.T.);
#1218 = EDGE_CURVE('',#1219,#1219,#1221,.T.);
#1219 = VERTEX_POINT('',#1220);
#1220 = CARTESIAN_POINT('',(130.080398,-113.768749,0.));
#1221 = CIRCLE('',#1222,0.75);
#1222 = AXIS2_PLACEMENT_3D('',#1223,#1224,#1225);
#1223 = CARTESIAN_POINT('',(130.080398,-113.018749,0.));
#1224 = DIRECTION('',(-0.,0.,-1.));
#1225 = DIRECTION('',(-0.,-1.,0.));
#1226 = FACE_BOUND('',#1227,.F.);
#1227 = EDGE_LOOP('',(#1228));
#1228 = ORIENTED_EDGE('',*,*,#1229,.T.);
#1229 = EDGE_CURVE('',#1230,#1230,#1232,.T.);
#1230 = VERTEX_POINT('',#1231);
#1231 = CARTESIAN_POINT('',(137.224148,-114.371249,0.));
#1232 = CIRCLE('',#1233,0.4);
#1233 = AXIS2_PLACEMENT_3D('',#1234,#1235,#1236);
#1234 = CARTESIAN_POINT('',(137.224148,-113.971249,0.));
#1235 = DIRECTION('',(-0.,0.,-1.));
#1236 = DIRECTION('',(-0.,-1.,0.));
#1237 = FACE_BOUND('',#1238,.F.);
#1238 = EDGE_LOOP('',(#1239));
#1239 = ORIENTED_EDGE('',*,*,#1240,.T.);
#1240 = EDGE_CURVE('',#1241,#1241,#1243,.T.);
#1241 = VERTEX_POINT('',#1242);
#1242 = CARTESIAN_POINT('',(65.310398,-99.898749,0.));
#1243 = CIRCLE('',#1244,0.85);
#1244 = AXIS2_PLACEMENT_3D('',#1245,#1246,#1247);
#1245 = CARTESIAN_POINT('',(65.310398,-99.048749,0.));
#1246 = DIRECTION('',(-0.,0.,-1.));
#1247 = DIRECTION('',(1.671865260612E-14,-1.,-0.));
#1248 = FACE_BOUND('',#1249,.F.);
#1249 = EDGE_LOOP('',(#1250));
#1250 = ORIENTED_EDGE('',*,*,#1251,.T.);
#1251 = EDGE_CURVE('',#1252,#1252,#1254,.T.);
#1252 = VERTEX_POINT('',#1253);
#1253 = CARTESIAN_POINT('',(70.390398,-101.048749,0.));
#1254 = CIRCLE('',#1255,2.);
#1255 = AXIS2_PLACEMENT_3D('',#1256,#1257,#1258);
#1256 = CARTESIAN_POINT('',(70.390398,-99.048749,0.));
#1257 = DIRECTION('',(-0.,0.,-1.));
#1258 = DIRECTION('',(-0.,-1.,0.));
#1259 = FACE_BOUND('',#1260,.F.);
#1260 = EDGE_LOOP('',(#1261));
#1261 = ORIENTED_EDGE('',*,*,#1262,.T.);
#1262 = EDGE_CURVE('',#1263,#1263,#1265,.T.);
#1263 = VERTEX_POINT('',#1264);
#1264 = CARTESIAN_POINT('',(66.580398,-97.258749,0.));
#1265 = CIRCLE('',#1266,0.75);
#1266 = AXIS2_PLACEMENT_3D('',#1267,#1268,#1269);
#1267 = CARTESIAN_POINT('',(66.580398,-96.508749,0.));
#1268 = DIRECTION('',(-0.,0.,-1.));
#1269 = DIRECTION('',(-0.,-1.,0.));
#1270 = FACE_BOUND('',#1271,.F.);
#1271 = EDGE_LOOP('',(#1272));
#1272 = ORIENTED_EDGE('',*,*,#1273,.T.);
#1273 = EDGE_CURVE('',#1274,#1274,#1276,.T.);
#1274 = VERTEX_POINT('',#1275);
#1275 = CARTESIAN_POINT('',(72.930398,-94.718749,0.));
#1276 = CIRCLE('',#1277,0.75);
#1277 = AXIS2_PLACEMENT_3D('',#1278,#1279,#1280);
#1278 = CARTESIAN_POINT('',(72.930398,-93.968749,0.));
#1279 = DIRECTION('',(-0.,0.,-1.));
#1280 = DIRECTION('',(-0.,-1.,0.));
#1281 = FACE_BOUND('',#1282,.F.);
#1282 = EDGE_LOOP('',(#1283));
#1283 = ORIENTED_EDGE('',*,*,#1284,.T.);
#1284 = EDGE_CURVE('',#1285,#1285,#1287,.T.);
#1285 = VERTEX_POINT('',#1286);
#1286 = CARTESIAN_POINT('',(75.470398,-99.898749,0.));
#1287 = CIRCLE('',#1288,0.85);
#1288 = AXIS2_PLACEMENT_3D('',#1289,#1290,#1291);
#1289 = CARTESIAN_POINT('',(75.470398,-99.048749,0.));
#1290 = DIRECTION('',(-0.,0.,-1.));
#1291 = DIRECTION('',(1.671865260612E-14,-1.,-0.));
#1292 = FACE_BOUND('',#1293,.F.);
#1293 = EDGE_LOOP('',(#1294));
#1294 = ORIENTED_EDGE('',*,*,#1295,.T.);
#1295 = EDGE_CURVE('',#1296,#1296,#1298,.T.);
#1296 = VERTEX_POINT('',#1297);
#1297 = CARTESIAN_POINT('',(80.074148,-102.941249,0.));
#1298 = CIRCLE('',#1299,0.4);
#1299 = AXIS2_PLACEMENT_3D('',#1300,#1301,#1302);
#1300 = CARTESIAN_POINT('',(80.074148,-102.541249,0.));
#1301 = DIRECTION('',(-0.,0.,-1.));
#1302 = DIRECTION('',(-3.552713678801E-14,-1.,0.));
#1303 = FACE_BOUND('',#1304,.F.);
#1304 = EDGE_LOOP('',(#1305));
#1305 = ORIENTED_EDGE('',*,*,#1306,.T.);
#1306 = EDGE_CURVE('',#1307,#1307,#1309,.T.);
#1307 = VERTEX_POINT('',#1308);
#1308 = CARTESIAN_POINT('',(80.074148,-95.321249,0.));
#1309 = CIRCLE('',#1310,0.4);
#1310 = AXIS2_PLACEMENT_3D('',#1311,#1312,#1313);
#1311 = CARTESIAN_POINT('',(80.074148,-94.921249,0.));
#1312 = DIRECTION('',(-0.,0.,-1.));
#1313 = DIRECTION('',(-3.552713678801E-14,-1.,0.));
#1314 = FACE_BOUND('',#1315,.F.);
#1315 = EDGE_LOOP('',(#1316,#1327,#1335,#1344));
#1316 = ORIENTED_EDGE('',*,*,#1317,.T.);
#1317 = EDGE_CURVE('',#1318,#1320,#1322,.T.);
#1318 = VERTEX_POINT('',#1319);
#1319 = CARTESIAN_POINT('',(72.542898,-85.078749,0.));
#1320 = VERTEX_POINT('',#1321);
#1321 = CARTESIAN_POINT('',(72.542898,-83.578749,0.));
#1322 = CIRCLE('',#1323,0.75);
#1323 = AXIS2_PLACEMENT_3D('',#1324,#1325,#1326);
#1324 = CARTESIAN_POINT('',(72.542898,-84.328749,0.));
#1325 = DIRECTION('',(-0.,0.,-1.));
#1326 = DIRECTION('',(0.,1.,0.));
#1327 = ORIENTED_EDGE('',*,*,#1328,.T.);
#1328 = EDGE_CURVE('',#1320,#1329,#1331,.T.);
#1329 = VERTEX_POINT('',#1330);
#1330 = CARTESIAN_POINT('',(73.842898,-83.578749,0.));
#1331 = LINE('',#1332,#1333);
#1332 = CARTESIAN_POINT('',(36.921449,-83.578749,0.));
#1333 = VECTOR('',#1334,1.);
#1334 = DIRECTION('',(1.,0.,-0.));
#1335 = ORIENTED_EDGE('',*,*,#1336,.T.);
#1336 = EDGE_CURVE('',#1329,#1337,#1339,.T.);
#1337 = VERTEX_POINT('',#1338);
#1338 = CARTESIAN_POINT('',(73.842898,-85.078749,0.));
#1339 = CIRCLE('',#1340,0.75);
#1340 = AXIS2_PLACEMENT_3D('',#1341,#1342,#1343);
#1341 = CARTESIAN_POINT('',(73.842898,-84.328749,0.));
#1342 = DIRECTION('',(-0.,0.,-1.));
#1343 = DIRECTION('',(-0.,-1.,0.));
#1344 = ORIENTED_EDGE('',*,*,#1345,.T.);
#1345 = EDGE_CURVE('',#1337,#1318,#1346,.T.);
#1346 = LINE('',#1347,#1348);
#1347 = CARTESIAN_POINT('',(36.271449,-85.078749,0.));
#1348 = VECTOR('',#1349,1.);
#1349 = DIRECTION('',(-1.,0.,0.));
#1350 = FACE_BOUND('',#1351,.F.);
#1351 = EDGE_LOOP('',(#1352));
#1352 = ORIENTED_EDGE('',*,*,#1353,.T.);
#1353 = EDGE_CURVE('',#1354,#1354,#1356,.T.);
#1354 = VERTEX_POINT('',#1355);
#1355 = CARTESIAN_POINT('',(84.360398,-99.898749,0.));
#1356 = CIRCLE('',#1357,0.85);
#1357 = AXIS2_PLACEMENT_3D('',#1358,#1359,#1360);
#1358 = CARTESIAN_POINT('',(84.360398,-99.048749,0.));
#1359 = DIRECTION('',(-0.,0.,-1.));
#1360 = DIRECTION('',(-0.,-1.,0.));
#1361 = FACE_BOUND('',#1362,.F.);
#1362 = EDGE_LOOP('',(#1363));
#1363 = ORIENTED_EDGE('',*,*,#1364,.T.);
#1364 = EDGE_CURVE('',#1365,#1365,#1367,.T.);
#1365 = VERTEX_POINT('',#1366);
#1366 = CARTESIAN_POINT('',(89.440398,-101.048749,0.));
#1367 = CIRCLE('',#1368,2.);
#1368 = AXIS2_PLACEMENT_3D('',#1369,#1370,#1371);
#1369 = CARTESIAN_POINT('',(89.440398,-99.048749,0.));
#1370 = DIRECTION('',(-0.,0.,-1.));
#1371 = DIRECTION('',(-0.,-1.,0.));
#1372 = FACE_BOUND('',#1373,.F.);
#1373 = EDGE_LOOP('',(#1374));
#1374 = ORIENTED_EDGE('',*,*,#1375,.T.);
#1375 = EDGE_CURVE('',#1376,#1376,#1378,.T.);
#1376 = VERTEX_POINT('',#1377);
#1377 = CARTESIAN_POINT('',(85.630398,-97.258749,0.));
#1378 = CIRCLE('',#1379,0.75);
#1379 = AXIS2_PLACEMENT_3D('',#1380,#1381,#1382);
#1380 = CARTESIAN_POINT('',(85.630398,-96.508749,0.));
#1381 = DIRECTION('',(-0.,0.,-1.));
#1382 = DIRECTION('',(-0.,-1.,0.));
#1383 = FACE_BOUND('',#1384,.F.);
#1384 = EDGE_LOOP('',(#1385));
#1385 = ORIENTED_EDGE('',*,*,#1386,.T.);
#1386 = EDGE_CURVE('',#1387,#1387,#1389,.T.);
#1387 = VERTEX_POINT('',#1388);
#1388 = CARTESIAN_POINT('',(94.520398,-99.898749,0.));
#1389 = CIRCLE('',#1390,0.85);
#1390 = AXIS2_PLACEMENT_3D('',#1391,#1392,#1393);
#1391 = CARTESIAN_POINT('',(94.520398,-99.048749,0.));
#1392 = DIRECTION('',(-0.,0.,-1.));
#1393 = DIRECTION('',(-0.,-1.,0.));
#1394 = FACE_BOUND('',#1395,.F.);
#1395 = EDGE_LOOP('',(#1396));
#1396 = ORIENTED_EDGE('',*,*,#1397,.T.);
#1397 = EDGE_CURVE('',#1398,#1398,#1400,.T.);
#1398 = VERTEX_POINT('',#1399);
#1399 = CARTESIAN_POINT('',(99.124148,-102.941249,0.));
#1400 = CIRCLE('',#1401,0.4);
#1401 = AXIS2_PLACEMENT_3D('',#1402,#1403,#1404);
#1402 = CARTESIAN_POINT('',(99.124148,-102.541249,0.));
#1403 = DIRECTION('',(-0.,0.,-1.));
#1404 = DIRECTION('',(3.5527136788E-14,-1.,-0.));
#1405 = FACE_BOUND('',#1406,.F.);
#1406 = EDGE_LOOP('',(#1407));
#1407 = ORIENTED_EDGE('',*,*,#1408,.T.);
#1408 = EDGE_CURVE('',#1409,#1409,#1411,.T.);
#1409 = VERTEX_POINT('',#1410);
#1410 = CARTESIAN_POINT('',(91.980398,-94.718749,0.));
#1411 = CIRCLE('',#1412,0.75);
#1412 = AXIS2_PLACEMENT_3D('',#1413,#1414,#1415);
#1413 = CARTESIAN_POINT('',(91.980398,-93.968749,0.));
#1414 = DIRECTION('',(-0.,0.,-1.));
#1415 = DIRECTION('',(-0.,-1.,0.));
#1416 = FACE_BOUND('',#1417,.F.);
#1417 = EDGE_LOOP('',(#1418));
#1418 = ORIENTED_EDGE('',*,*,#1419,.T.);
#1419 = EDGE_CURVE('',#1420,#1420,#1422,.T.);
#1420 = VERTEX_POINT('',#1421);
#1421 = CARTESIAN_POINT('',(99.124148,-95.321249,0.));
#1422 = CIRCLE('',#1423,0.4);
#1423 = AXIS2_PLACEMENT_3D('',#1424,#1425,#1426);
#1424 = CARTESIAN_POINT('',(99.124148,-94.921249,0.));
#1425 = DIRECTION('',(-0.,0.,-1.));
#1426 = DIRECTION('',(3.5527136788E-14,-1.,-0.));
#1427 = FACE_BOUND('',#1428,.F.);
#1428 = EDGE_LOOP('',(#1429));
#1429 = ORIENTED_EDGE('',*,*,#1430,.T.);
#1430 = EDGE_CURVE('',#1431,#1431,#1433,.T.);
#1431 = VERTEX_POINT('',#1432);
#1432 = CARTESIAN_POINT('',(66.192898,-81.728749,0.));
#1433 = CIRCLE('',#1434,0.5);
#1434 = AXIS2_PLACEMENT_3D('',#1435,#1436,#1437);
#1435 = CARTESIAN_POINT('',(66.192898,-81.228749,0.));
#1436 = DIRECTION('',(-0.,0.,-1.));
#1437 = DIRECTION('',(-0.,-1.,0.));
#1438 = FACE_BOUND('',#1439,.F.);
#1439 = EDGE_LOOP('',(#1440));
#1440 = ORIENTED_EDGE('',*,*,#1441,.T.);
#1441 = EDGE_CURVE('',#1442,#1442,#1444,.T.);
#1442 = VERTEX_POINT('',#1443);
#1443 = CARTESIAN_POINT('',(73.192898,-79.778749,0.));
#1444 = CIRCLE('',#1445,1.05);
#1445 = AXIS2_PLACEMENT_3D('',#1446,#1447,#1448);
#1446 = CARTESIAN_POINT('',(73.192898,-78.728749,0.));
#1447 = DIRECTION('',(-0.,0.,-1.));
#1448 = DIRECTION('',(-0.,-1.,0.));
#1449 = FACE_BOUND('',#1450,.F.);
#1450 = EDGE_LOOP('',(#1451));
#1451 = ORIENTED_EDGE('',*,*,#1452,.T.);
#1452 = EDGE_CURVE('',#1453,#1453,#1455,.T.);
#1453 = VERTEX_POINT('',#1454);
#1454 = CARTESIAN_POINT('',(66.192898,-76.728749,0.));
#1455 = CIRCLE('',#1456,0.5);
#1456 = AXIS2_PLACEMENT_3D('',#1457,#1458,#1459);
#1457 = CARTESIAN_POINT('',(66.192898,-76.228749,0.));
#1458 = DIRECTION('',(-0.,0.,-1.));
#1459 = DIRECTION('',(-0.,-1.,0.));
#1460 = FACE_BOUND('',#1461,.F.);
#1461 = EDGE_LOOP('',(#1462,#1473,#1481,#1490));
#1462 = ORIENTED_EDGE('',*,*,#1463,.T.);
#1463 = EDGE_CURVE('',#1464,#1466,#1468,.T.);
#1464 = VERTEX_POINT('',#1465);
#1465 = CARTESIAN_POINT('',(77.392898,-79.528749,0.));
#1466 = VERTEX_POINT('',#1467);
#1467 = CARTESIAN_POINT('',(77.392898,-77.928749,0.));
#1468 = CIRCLE('',#1469,0.8);
#1469 = AXIS2_PLACEMENT_3D('',#1470,#1471,#1472);
#1470 = CARTESIAN_POINT('',(77.392898,-78.728749,0.));
#1471 = DIRECTION('',(-0.,0.,-1.));
#1472 = DIRECTION('',(0.,1.,0.));
#1473 = ORIENTED_EDGE('',*,*,#1474,.T.);
#1474 = EDGE_CURVE('',#1466,#1475,#1477,.T.);
#1475 = VERTEX_POINT('',#1476);
#1476 = CARTESIAN_POINT('',(77.992898,-77.928749,0.));
#1477 = LINE('',#1478,#1479);
#1478 = CARTESIAN_POINT('',(38.996449,-77.928749,0.));
#1479 = VECTOR('',#1480,1.);
#1480 = DIRECTION('',(1.,0.,-0.));
#1481 = ORIENTED_EDGE('',*,*,#1482,.T.);
#1482 = EDGE_CURVE('',#1475,#1483,#1485,.T.);
#1483 = VERTEX_POINT('',#1484);
#1484 = CARTESIAN_POINT('',(77.992898,-79.528749,0.));
#1485 = CIRCLE('',#1486,0.8);
#1486 = AXIS2_PLACEMENT_3D('',#1487,#1488,#1489);
#1487 = CARTESIAN_POINT('',(77.992898,-78.728749,0.));
#1488 = DIRECTION('',(-0.,0.,-1.));
#1489 = DIRECTION('',(-0.,-1.,0.));
#1490 = ORIENTED_EDGE('',*,*,#1491,.T.);
#1491 = EDGE_CURVE('',#1483,#1464,#1492,.T.);
#1492 = LINE('',#1493,#1494);
#1493 = CARTESIAN_POINT('',(38.696449,-79.528749,0.));
#1494 = VECTOR('',#1495,1.);
#1495 = DIRECTION('',(-1.,0.,0.));
#1496 = FACE_BOUND('',#1497,.F.);
#1497 = EDGE_LOOP('',(#1498));
#1498 = ORIENTED_EDGE('',*,*,#1499,.T.);
#1499 = EDGE_CURVE('',#1500,#1500,#1502,.T.);
#1500 = VERTEX_POINT('',#1501);
#1501 = CARTESIAN_POINT('',(80.692898,-81.728749,0.));
#1502 = CIRCLE('',#1503,0.5);
#1503 = AXIS2_PLACEMENT_3D('',#1504,#1505,#1506);
#1504 = CARTESIAN_POINT('',(80.692898,-81.228749,0.));
#1505 = DIRECTION('',(-0.,0.,-1.));
#1506 = DIRECTION('',(-0.,-1.,0.));
#1507 = FACE_BOUND('',#1508,.F.);
#1508 = EDGE_LOOP('',(#1509));
#1509 = ORIENTED_EDGE('',*,*,#1510,.T.);
#1510 = EDGE_CURVE('',#1511,#1511,#1513,.T.);
#1511 = VERTEX_POINT('',#1512);
#1512 = CARTESIAN_POINT('',(80.692898,-79.228749,0.));
#1513 = CIRCLE('',#1514,0.5);
#1514 = AXIS2_PLACEMENT_3D('',#1515,#1516,#1517);
#1515 = CARTESIAN_POINT('',(80.692898,-78.728749,0.));
#1516 = DIRECTION('',(-0.,0.,-1.));
#1517 = DIRECTION('',(-0.,-1.,0.));
#1518 = FACE_BOUND('',#1519,.F.);
#1519 = EDGE_LOOP('',(#1520));
#1520 = ORIENTED_EDGE('',*,*,#1521,.T.);
#1521 = EDGE_CURVE('',#1522,#1522,#1524,.T.);
#1522 = VERTEX_POINT('',#1523);
#1523 = CARTESIAN_POINT('',(80.692898,-76.728749,0.));
#1524 = CIRCLE('',#1525,0.5);
#1525 = AXIS2_PLACEMENT_3D('',#1526,#1527,#1528);
#1526 = CARTESIAN_POINT('',(80.692898,-76.228749,0.));
#1527 = DIRECTION('',(-0.,0.,-1.));
#1528 = DIRECTION('',(-0.,-1.,0.));
#1529 = FACE_BOUND('',#1530,.F.);
#1530 = EDGE_LOOP('',(#1531,#1542,#1550,#1559));
#1531 = ORIENTED_EDGE('',*,*,#1532,.T.);
#1532 = EDGE_CURVE('',#1533,#1535,#1537,.T.);
#1533 = VERTEX_POINT('',#1534);
#1534 = CARTESIAN_POINT('',(72.542898,-73.878749,0.));
#1535 = VERTEX_POINT('',#1536);
#1536 = CARTESIAN_POINT('',(72.542898,-72.378749,0.));
#1537 = CIRCLE('',#1538,0.75);
#1538 = AXIS2_PLACEMENT_3D('',#1539,#1540,#1541);
#1539 = CARTESIAN_POINT('',(72.542898,-73.128749,0.));
#1540 = DIRECTION('',(-0.,0.,-1.));
#1541 = DIRECTION('',(0.,1.,0.));
#1542 = ORIENTED_EDGE('',*,*,#1543,.T.);
#1543 = EDGE_CURVE('',#1535,#1544,#1546,.T.);
#1544 = VERTEX_POINT('',#1545);
#1545 = CARTESIAN_POINT('',(73.842898,-72.378749,0.));
#1546 = LINE('',#1547,#1548);
#1547 = CARTESIAN_POINT('',(36.921449,-72.378749,0.));
#1548 = VECTOR('',#1549,1.);
#1549 = DIRECTION('',(1.,0.,-0.));
#1550 = ORIENTED_EDGE('',*,*,#1551,.T.);
#1551 = EDGE_CURVE('',#1544,#1552,#1554,.T.);
#1552 = VERTEX_POINT('',#1553);
#1553 = CARTESIAN_POINT('',(73.842898,-73.878749,0.));
#1554 = CIRCLE('',#1555,0.75);
#1555 = AXIS2_PLACEMENT_3D('',#1556,#1557,#1558);
#1556 = CARTESIAN_POINT('',(73.842898,-73.128749,0.));
#1557 = DIRECTION('',(-0.,0.,-1.));
#1558 = DIRECTION('',(-0.,-1.,0.));
#1559 = ORIENTED_EDGE('',*,*,#1560,.T.);
#1560 = EDGE_CURVE('',#1552,#1533,#1561,.T.);
#1561 = LINE('',#1562,#1563);
#1562 = CARTESIAN_POINT('',(36.271449,-73.878749,0.));
#1563 = VECTOR('',#1564,1.);
#1564 = DIRECTION('',(-1.,0.,0.));
#1565 = FACE_BOUND('',#1566,.F.);
#1566 = EDGE_LOOP('',(#1567,#1577,#1585,#1593,#1601,#1609,#1617,#1625,
    #1633,#1641,#1649,#1657,#1665,#1673,#1681,#1689,#1697,#1705,#1713,
    #1721,#1729,#1737,#1745,#1753));
#1567 = ORIENTED_EDGE('',*,*,#1568,.F.);
#1568 = EDGE_CURVE('',#1569,#1571,#1573,.T.);
#1569 = VERTEX_POINT('',#1570);
#1570 = CARTESIAN_POINT('',(93.47122,-77.85554,0.));
#1571 = VERTEX_POINT('',#1572);
#1572 = CARTESIAN_POINT('',(92.830914,-78.537779,0.));
#1573 = LINE('',#1574,#1575);
#1574 = CARTESIAN_POINT('',(93.47122,-77.85554,0.));
#1575 = VECTOR('',#1576,1.);
#1576 = DIRECTION('',(-0.684343151081,-0.729160100093,0.));
#1577 = ORIENTED_EDGE('',*,*,#1578,.F.);
#1578 = EDGE_CURVE('',#1579,#1569,#1581,.T.);
#1579 = VERTEX_POINT('',#1580);
#1580 = CARTESIAN_POINT('',(93.533687,-77.8892,0.));
#1581 = LINE('',#1582,#1583);
#1582 = CARTESIAN_POINT('',(93.533687,-77.8892,0.));
#1583 = VECTOR('',#1584,1.);
#1584 = DIRECTION('',(-0.880330327805,0.474361164037,0.));
#1585 = ORIENTED_EDGE('',*,*,#1586,.F.);
#1586 = EDGE_CURVE('',#1587,#1579,#1589,.T.);
#1587 = VERTEX_POINT('',#1588);
#1588 = CARTESIAN_POINT('',(93.785946,-77.9575,0.));
#1589 = LINE('',#1590,#1591);
#1590 = CARTESIAN_POINT('',(93.785946,-77.9575,0.));
#1591 = VECTOR('',#1592,1.);
#1592 = DIRECTION('',(-0.965245820026,0.261343656749,0.));
#1593 = ORIENTED_EDGE('',*,*,#1594,.F.);
#1594 = EDGE_CURVE('',#1595,#1587,#1597,.T.);
#1595 = VERTEX_POINT('',#1596);
#1596 = CARTESIAN_POINT('',(95.374851,-77.9575,0.));
#1597 = LINE('',#1598,#1599);
#1598 = CARTESIAN_POINT('',(95.374851,-77.9575,0.));
#1599 = VECTOR('',#1600,1.);
#1600 = DIRECTION('',(-1.,0.,0.));
#1601 = ORIENTED_EDGE('',*,*,#1602,.F.);
#1602 = EDGE_CURVE('',#1603,#1595,#1605,.T.);
#1603 = VERTEX_POINT('',#1604);
#1604 = CARTESIAN_POINT('',(95.56891,-77.920861,0.));
#1605 = LINE('',#1606,#1607);
#1606 = CARTESIAN_POINT('',(95.56891,-77.920861,0.));
#1607 = VECTOR('',#1608,1.);
#1608 = DIRECTION('',(-0.982639418319,-0.185525668213,0.));
#1609 = ORIENTED_EDGE('',*,*,#1610,.F.);
#1610 = EDGE_CURVE('',#1611,#1603,#1613,.T.);
#1611 = VERTEX_POINT('',#1612);
#1612 = CARTESIAN_POINT('',(95.627109,-77.889201,0.));
#1613 = LINE('',#1614,#1615);
#1614 = CARTESIAN_POINT('',(95.627109,-77.889201,0.));
#1615 = VECTOR('',#1616,1.);
#1616 = DIRECTION('',(-0.878433773096,-0.477864108597,0.));
#1617 = ORIENTED_EDGE('',*,*,#1618,.F.);
#1618 = EDGE_CURVE('',#1619,#1611,#1621,.T.);
#1619 = VERTEX_POINT('',#1620);
#1620 = CARTESIAN_POINT('',(96.358427,-78.472822,0.));
#1621 = LINE('',#1622,#1623);
#1622 = CARTESIAN_POINT('',(96.358427,-78.472822,0.));
#1623 = VECTOR('',#1624,1.);
#1624 = DIRECTION('',(-0.781615560147,0.623760463749,0.));
#1625 = ORIENTED_EDGE('',*,*,#1626,.F.);
#1626 = EDGE_CURVE('',#1627,#1619,#1629,.T.);
#1627 = VERTEX_POINT('',#1628);
#1628 = CARTESIAN_POINT('',(96.329882,-78.537779,0.));
#1629 = LINE('',#1630,#1631);
#1630 = CARTESIAN_POINT('',(96.329882,-78.537779,0.));
#1631 = VECTOR('',#1632,1.);
#1632 = DIRECTION('',(0.402312539603,0.915502386932,0.));
#1633 = ORIENTED_EDGE('',*,*,#1634,.F.);
#1634 = EDGE_CURVE('',#1635,#1627,#1637,.T.);
#1635 = VERTEX_POINT('',#1636);
#1636 = CARTESIAN_POINT('',(96.280397,-78.754657,0.));
#1637 = LINE('',#1638,#1639);
#1638 = CARTESIAN_POINT('',(96.280397,-78.754657,0.));
#1639 = VECTOR('',#1640,1.);
#1640 = DIRECTION('',(0.222452619431,0.974943502008,0.));
#1641 = ORIENTED_EDGE('',*,*,#1642,.F.);
#1642 = EDGE_CURVE('',#1643,#1635,#1645,.T.);
#1643 = VERTEX_POINT('',#1644);
#1644 = CARTESIAN_POINT('',(96.280397,-80.160341,0.));
#1645 = LINE('',#1646,#1647);
#1646 = CARTESIAN_POINT('',(96.280397,-80.160341,0.));
#1647 = VECTOR('',#1648,1.);
#1648 = DIRECTION('',(0.,1.,0.));
#1649 = ORIENTED_EDGE('',*,*,#1650,.F.);
#1650 = EDGE_CURVE('',#1651,#1643,#1653,.T.);
#1651 = VERTEX_POINT('',#1652);
#1652 = CARTESIAN_POINT('',(96.306941,-80.325953,0.));
#1653 = LINE('',#1654,#1655);
#1654 = CARTESIAN_POINT('',(96.306941,-80.325953,0.));
#1655 = VECTOR('',#1656,1.);
#1656 = DIRECTION('',(-0.158258371896,0.987397735325,0.));
#1657 = ORIENTED_EDGE('',*,*,#1658,.F.);
#1658 = EDGE_CURVE('',#1659,#1651,#1661,.T.);
#1659 = VERTEX_POINT('',#1660);
#1660 = CARTESIAN_POINT('',(96.329882,-80.377218,0.));
#1661 = LINE('',#1662,#1663);
#1662 = CARTESIAN_POINT('',(96.329882,-80.377218,0.));
#1663 = VECTOR('',#1664,1.);
#1664 = DIRECTION('',(-0.408464832859,0.912774057649,0.));
#1665 = ORIENTED_EDGE('',*,*,#1666,.F.);
#1666 = EDGE_CURVE('',#1667,#1659,#1669,.T.);
#1667 = VERTEX_POINT('',#1668);
#1668 = CARTESIAN_POINT('',(95.689576,-81.059459,0.));
#1669 = LINE('',#1670,#1671);
#1670 = CARTESIAN_POINT('',(95.689576,-81.059459,0.));
#1671 = VECTOR('',#1672,1.);
#1672 = DIRECTION('',(0.684342084454,0.729161101161,0.));
#1673 = ORIENTED_EDGE('',*,*,#1674,.F.);
#1674 = EDGE_CURVE('',#1675,#1667,#1677,.T.);
#1675 = VERTEX_POINT('',#1676);
#1676 = CARTESIAN_POINT('',(95.627109,-81.025798,0.));
#1677 = LINE('',#1678,#1679);
#1678 = CARTESIAN_POINT('',(95.627109,-81.025798,0.));
#1679 = VECTOR('',#1680,1.);
#1680 = DIRECTION('',(0.880324442731,-0.47437208553,0.));
#1681 = ORIENTED_EDGE('',*,*,#1682,.F.);
#1682 = EDGE_CURVE('',#1683,#1675,#1685,.T.);
#1683 = VERTEX_POINT('',#1684);
#1684 = CARTESIAN_POINT('',(95.37485,-80.957499,0.));
#1685 = LINE('',#1686,#1687);
#1686 = CARTESIAN_POINT('',(95.37485,-80.957499,0.));
#1687 = VECTOR('',#1688,1.);
#1688 = DIRECTION('',(0.965246785273,-0.261340091681,0.));
#1689 = ORIENTED_EDGE('',*,*,#1690,.F.);
#1690 = EDGE_CURVE('',#1691,#1683,#1693,.T.);
#1691 = VERTEX_POINT('',#1692);
#1692 = CARTESIAN_POINT('',(93.785946,-80.957499,0.));
#1693 = LINE('',#1694,#1695);
#1694 = CARTESIAN_POINT('',(93.785946,-80.957499,0.));
#1695 = VECTOR('',#1696,1.);
#1696 = DIRECTION('',(1.,0.,0.));
#1697 = ORIENTED_EDGE('',*,*,#1698,.F.);
#1698 = EDGE_CURVE('',#1699,#1691,#1701,.T.);
#1699 = VERTEX_POINT('',#1700);
#1700 = CARTESIAN_POINT('',(93.591886,-80.994136,0.));
#1701 = LINE('',#1702,#1703);
#1702 = CARTESIAN_POINT('',(93.591886,-80.994136,0.));
#1703 = VECTOR('',#1704,1.);
#1704 = DIRECTION('',(0.982641438784,0.185514966468,0.));
#1705 = ORIENTED_EDGE('',*,*,#1706,.F.);
#1706 = EDGE_CURVE('',#1707,#1699,#1709,.T.);
#1707 = VERTEX_POINT('',#1708);
#1708 = CARTESIAN_POINT('',(93.533687,-81.025796,0.));
#1709 = LINE('',#1710,#1711);
#1710 = CARTESIAN_POINT('',(93.533687,-81.025796,0.));
#1711 = VECTOR('',#1712,1.);
#1712 = DIRECTION('',(0.878433773096,0.477864108597,0.));
#1713 = ORIENTED_EDGE('',*,*,#1714,.F.);
#1714 = EDGE_CURVE('',#1715,#1707,#1717,.T.);
#1715 = VERTEX_POINT('',#1716);
#1716 = CARTESIAN_POINT('',(92.802368,-80.442177,0.));
#1717 = LINE('',#1718,#1719);
#1718 = CARTESIAN_POINT('',(92.802368,-80.442177,0.));
#1719 = VECTOR('',#1720,1.);
#1720 = DIRECTION('',(0.781617018126,-0.623758636794,0.));
#1721 = ORIENTED_EDGE('',*,*,#1722,.F.);
#1722 = EDGE_CURVE('',#1723,#1715,#1725,.T.);
#1723 = VERTEX_POINT('',#1724);
#1724 = CARTESIAN_POINT('',(92.830914,-80.377219,0.));
#1725 = LINE('',#1726,#1727);
#1726 = CARTESIAN_POINT('',(92.830914,-80.377219,0.));
#1727 = VECTOR('',#1728,1.);
#1728 = DIRECTION('',(-0.402319161193,-0.915499477082,0.));
#1729 = ORIENTED_EDGE('',*,*,#1730,.F.);
#1730 = EDGE_CURVE('',#1731,#1723,#1733,.T.);
#1731 = VERTEX_POINT('',#1732);
#1732 = CARTESIAN_POINT('',(92.880399,-80.160341,0.));
#1733 = LINE('',#1734,#1735);
#1734 = CARTESIAN_POINT('',(92.880399,-80.160341,0.));
#1735 = VECTOR('',#1736,1.);
#1736 = DIRECTION('',(-0.222452619431,-0.974943502008,0.));
#1737 = ORIENTED_EDGE('',*,*,#1738,.F.);
#1738 = EDGE_CURVE('',#1739,#1731,#1741,.T.);
#1739 = VERTEX_POINT('',#1740);
#1740 = CARTESIAN_POINT('',(92.880399,-78.754657,0.));
#1741 = LINE('',#1742,#1743);
#1742 = CARTESIAN_POINT('',(92.880399,-78.754657,0.));
#1743 = VECTOR('',#1744,1.);
#1744 = DIRECTION('',(0.,-1.,0.));
#1745 = ORIENTED_EDGE('',*,*,#1746,.F.);
#1746 = EDGE_CURVE('',#1747,#1739,#1749,.T.);
#1747 = VERTEX_POINT('',#1748);
#1748 = CARTESIAN_POINT('',(92.853856,-78.589044,0.));
#1749 = LINE('',#1750,#1751);
#1750 = CARTESIAN_POINT('',(92.853856,-78.589044,0.));
#1751 = VECTOR('',#1752,1.);
#1752 = DIRECTION('',(0.158251627473,-0.987398816286,0.));
#1753 = ORIENTED_EDGE('',*,*,#1754,.F.);
#1754 = EDGE_CURVE('',#1571,#1747,#1755,.T.);
#1755 = LINE('',#1756,#1757);
#1756 = CARTESIAN_POINT('',(92.830914,-78.537779,0.));
#1757 = VECTOR('',#1758,1.);
#1758 = DIRECTION('',(0.40847966706,-0.912767419225,0.));
#1759 = FACE_BOUND('',#1760,.F.);
#1760 = EDGE_LOOP('',(#1761,#1771,#1779,#1787,#1795,#1803,#1811,#1819,
    #1827,#1835,#1843,#1851,#1859,#1867,#1875,#1883,#1891,#1899,#1907,
    #1915,#1923,#1931,#1939,#1947));
#1761 = ORIENTED_EDGE('',*,*,#1762,.F.);
#1762 = EDGE_CURVE('',#1763,#1765,#1767,.T.);
#1763 = VERTEX_POINT('',#1764);
#1764 = CARTESIAN_POINT('',(93.471216,-71.614292,0.));
#1765 = VERTEX_POINT('',#1766);
#1766 = CARTESIAN_POINT('',(92.830914,-72.296529,0.));
#1767 = LINE('',#1768,#1769);
#1768 = CARTESIAN_POINT('',(93.471216,-71.614292,0.));
#1769 = VECTOR('',#1770,1.);
#1770 = DIRECTION('',(-0.684341944741,-0.729161232285,0.));
#1771 = ORIENTED_EDGE('',*,*,#1772,.F.);
#1772 = EDGE_CURVE('',#1773,#1763,#1775,.T.);
#1773 = VERTEX_POINT('',#1774);
#1774 = CARTESIAN_POINT('',(93.533687,-71.64795,0.));
#1775 = LINE('',#1776,#1777);
#1776 = CARTESIAN_POINT('',(93.533687,-71.64795,0.));
#1777 = VECTOR('',#1778,1.);
#1778 = DIRECTION('',(-0.880354780336,0.474315781668,0.));
#1779 = ORIENTED_EDGE('',*,*,#1780,.F.);
#1780 = EDGE_CURVE('',#1781,#1773,#1783,.T.);
#1781 = VERTEX_POINT('',#1782);
#1782 = CARTESIAN_POINT('',(93.785946,-71.71625,0.));
#1783 = LINE('',#1784,#1785);
#1784 = CARTESIAN_POINT('',(93.785946,-71.71625,0.));
#1785 = VECTOR('',#1786,1.);
#1786 = DIRECTION('',(-0.965245820026,0.261343656749,0.));
#1787 = ORIENTED_EDGE('',*,*,#1788,.F.);
#1788 = EDGE_CURVE('',#1789,#1781,#1791,.T.);
#1789 = VERTEX_POINT('',#1790);
#1790 = CARTESIAN_POINT('',(95.374851,-71.71625,0.));
#1791 = LINE('',#1792,#1793);
#1792 = CARTESIAN_POINT('',(95.374851,-71.71625,0.));
#1793 = VECTOR('',#1794,1.);
#1794 = DIRECTION('',(-1.,0.,0.));
#1795 = ORIENTED_EDGE('',*,*,#1796,.F.);
#1796 = EDGE_CURVE('',#1797,#1789,#1799,.T.);
#1797 = VERTEX_POINT('',#1798);
#1798 = CARTESIAN_POINT('',(95.568909,-71.679608,0.));
#1799 = LINE('',#1800,#1801);
#1800 = CARTESIAN_POINT('',(95.568909,-71.679608,0.));
#1801 = VECTOR('',#1802,1.);
#1802 = DIRECTION('',(-0.982636474538,-0.185541259314,0.));
#1803 = ORIENTED_EDGE('',*,*,#1804,.F.);
#1804 = EDGE_CURVE('',#1805,#1797,#1807,.T.);
#1805 = VERTEX_POINT('',#1806);
#1806 = CARTESIAN_POINT('',(95.627109,-71.647951,0.));
#1807 = LINE('',#1808,#1809);
#1808 = CARTESIAN_POINT('',(95.627109,-71.647951,0.));
#1809 = VECTOR('',#1810,1.);
#1810 = DIRECTION('',(-0.878456226645,-0.477822831046,0.));
#1811 = ORIENTED_EDGE('',*,*,#1812,.F.);
#1812 = EDGE_CURVE('',#1813,#1805,#1815,.T.);
#1813 = VERTEX_POINT('',#1814);
#1814 = CARTESIAN_POINT('',(96.358419,-72.231576,0.));
#1815 = LINE('',#1816,#1817);
#1816 = CARTESIAN_POINT('',(96.358419,-72.231576,0.));
#1817 = VECTOR('',#1818,1.);
#1818 = DIRECTION('',(-0.781610149114,0.623767244092,0.));
#1819 = ORIENTED_EDGE('',*,*,#1820,.F.);
#1820 = EDGE_CURVE('',#1821,#1813,#1823,.T.);
#1821 = VERTEX_POINT('',#1822);
#1822 = CARTESIAN_POINT('',(96.329882,-72.296529,0.));
#1823 = LINE('',#1824,#1825);
#1824 = CARTESIAN_POINT('',(96.329882,-72.296529,0.));
#1825 = VECTOR('',#1826,1.);
#1826 = DIRECTION('',(0.402238793091,0.915534790891,0.));
#1827 = ORIENTED_EDGE('',*,*,#1828,.F.);
#1828 = EDGE_CURVE('',#1829,#1821,#1831,.T.);
#1829 = VERTEX_POINT('',#1830);
#1830 = CARTESIAN_POINT('',(96.280397,-72.513407,0.));
#1831 = LINE('',#1832,#1833);
#1832 = CARTESIAN_POINT('',(96.280397,-72.513407,0.));
#1833 = VECTOR('',#1834,1.);
#1834 = DIRECTION('',(0.222452619431,0.974943502008,0.));
#1835 = ORIENTED_EDGE('',*,*,#1836,.F.);
#1836 = EDGE_CURVE('',#1837,#1829,#1839,.T.);
#1837 = VERTEX_POINT('',#1838);
#1838 = CARTESIAN_POINT('',(96.280397,-73.919091,0.));
#1839 = LINE('',#1840,#1841);
#1840 = CARTESIAN_POINT('',(96.280397,-73.919091,0.));
#1841 = VECTOR('',#1842,1.);
#1842 = DIRECTION('',(0.,1.,0.));
#1843 = ORIENTED_EDGE('',*,*,#1844,.F.);
#1844 = EDGE_CURVE('',#1845,#1837,#1847,.T.);
#1845 = VERTEX_POINT('',#1846);
#1846 = CARTESIAN_POINT('',(96.306946,-74.084702,0.));
#1847 = LINE('',#1848,#1849);
#1848 = CARTESIAN_POINT('',(96.306946,-74.084702,0.));
#1849 = VECTOR('',#1850,1.);
#1850 = DIRECTION('',(-0.158288367468,0.98739292722,0.));
#1851 = ORIENTED_EDGE('',*,*,#1852,.F.);
#1852 = EDGE_CURVE('',#1853,#1845,#1855,.T.);
#1853 = VERTEX_POINT('',#1854);
#1854 = CARTESIAN_POINT('',(96.329882,-74.135968,0.));
#1855 = LINE('',#1856,#1857);
#1856 = CARTESIAN_POINT('',(96.329882,-74.135968,0.));
#1857 = VECTOR('',#1858,1.);
#1858 = DIRECTION('',(-0.408384019466,0.912810217211,0.));
#1859 = ORIENTED_EDGE('',*,*,#1860,.F.);
#1860 = EDGE_CURVE('',#1861,#1853,#1863,.T.);
#1861 = VERTEX_POINT('',#1862);
#1862 = CARTESIAN_POINT('',(95.68958,-74.818207,0.));
#1863 = LINE('',#1864,#1865);
#1864 = CARTESIAN_POINT('',(95.68958,-74.818207,0.));
#1865 = VECTOR('',#1866,1.);
#1866 = DIRECTION('',(0.684340878109,0.729162233353,0.));
#1867 = ORIENTED_EDGE('',*,*,#1868,.F.);
#1868 = EDGE_CURVE('',#1869,#1861,#1871,.T.);
#1869 = VERTEX_POINT('',#1870);
#1870 = CARTESIAN_POINT('',(95.627109,-74.784548,0.));
#1871 = LINE('',#1872,#1873);
#1872 = CARTESIAN_POINT('',(95.627109,-74.784548,0.));
#1873 = VECTOR('',#1874,1.);
#1874 = DIRECTION('',(0.880348895876,-0.474326703371,0.));
#1875 = ORIENTED_EDGE('',*,*,#1876,.F.);
#1876 = EDGE_CURVE('',#1877,#1869,#1879,.T.);
#1877 = VERTEX_POINT('',#1878);
#1878 = CARTESIAN_POINT('',(95.37485,-74.716249,0.));
#1879 = LINE('',#1880,#1881);
#1880 = CARTESIAN_POINT('',(95.37485,-74.716249,0.));
#1881 = VECTOR('',#1882,1.);
#1882 = DIRECTION('',(0.965246785273,-0.261340091681,0.));
#1883 = ORIENTED_EDGE('',*,*,#1884,.F.);
#1884 = EDGE_CURVE('',#1885,#1877,#1887,.T.);
#1885 = VERTEX_POINT('',#1886);
#1886 = CARTESIAN_POINT('',(93.785946,-74.716249,0.));
#1887 = LINE('',#1888,#1889);
#1888 = CARTESIAN_POINT('',(93.785946,-74.716249,0.));
#1889 = VECTOR('',#1890,1.);
#1890 = DIRECTION('',(1.,0.,0.));
#1891 = ORIENTED_EDGE('',*,*,#1892,.F.);
#1892 = EDGE_CURVE('',#1893,#1885,#1895,.T.);
#1893 = VERTEX_POINT('',#1894);
#1894 = CARTESIAN_POINT('',(93.591887,-74.752889,0.));
#1895 = LINE('',#1896,#1897);
#1896 = CARTESIAN_POINT('',(93.591887,-74.752889,0.));
#1897 = VECTOR('',#1898,1.);
#1898 = DIRECTION('',(0.982638495187,0.18553055753,0.));
#1899 = ORIENTED_EDGE('',*,*,#1900,.F.);
#1900 = EDGE_CURVE('',#1901,#1893,#1903,.T.);
#1901 = VERTEX_POINT('',#1902);
#1902 = CARTESIAN_POINT('',(93.533687,-74.784546,0.));
#1903 = LINE('',#1904,#1905);
#1904 = CARTESIAN_POINT('',(93.533687,-74.784546,0.));
#1905 = VECTOR('',#1906,1.);
#1906 = DIRECTION('',(0.878456226645,0.477822831046,0.));
#1907 = ORIENTED_EDGE('',*,*,#1908,.F.);
#1908 = EDGE_CURVE('',#1909,#1901,#1911,.T.);
#1909 = VERTEX_POINT('',#1910);
#1910 = CARTESIAN_POINT('',(92.802377,-74.200923,0.));
#1911 = LINE('',#1912,#1913);
#1912 = CARTESIAN_POINT('',(92.802377,-74.200923,0.));
#1913 = VECTOR('',#1914,1.);
#1914 = DIRECTION('',(0.781611191267,-0.623765938222,0.));
#1915 = ORIENTED_EDGE('',*,*,#1916,.F.);
#1916 = EDGE_CURVE('',#1917,#1909,#1919,.T.);
#1917 = VERTEX_POINT('',#1918);
#1918 = CARTESIAN_POINT('',(92.830914,-74.135969,0.));
#1919 = LINE('',#1920,#1921);
#1920 = CARTESIAN_POINT('',(92.830914,-74.135969,0.));
#1921 = VECTOR('',#1922,1.);
#1922 = DIRECTION('',(-0.40223360235,-0.915537071418,0.));
#1923 = ORIENTED_EDGE('',*,*,#1924,.F.);
#1924 = EDGE_CURVE('',#1925,#1917,#1927,.T.);
#1925 = VERTEX_POINT('',#1926);
#1926 = CARTESIAN_POINT('',(92.880399,-73.919091,0.));
#1927 = LINE('',#1928,#1929);
#1928 = CARTESIAN_POINT('',(92.880399,-73.919091,0.));
#1929 = VECTOR('',#1930,1.);
#1930 = DIRECTION('',(-0.222452619431,-0.974943502008,0.));
#1931 = ORIENTED_EDGE('',*,*,#1932,.F.);
#1932 = EDGE_CURVE('',#1933,#1925,#1935,.T.);
#1933 = VERTEX_POINT('',#1934);
#1934 = CARTESIAN_POINT('',(92.880399,-72.513407,0.));
#1935 = LINE('',#1936,#1937);
#1936 = CARTESIAN_POINT('',(92.880399,-72.513407,0.));
#1937 = VECTOR('',#1938,1.);
#1938 = DIRECTION('',(0.,-1.,0.));
#1939 = ORIENTED_EDGE('',*,*,#1940,.F.);
#1940 = EDGE_CURVE('',#1941,#1933,#1943,.T.);
#1941 = VERTEX_POINT('',#1942);
#1942 = CARTESIAN_POINT('',(92.853851,-72.347795,0.));
#1943 = LINE('',#1944,#1945);
#1944 = CARTESIAN_POINT('',(92.853851,-72.347795,0.));
#1945 = VECTOR('',#1946,1.);
#1946 = DIRECTION('',(0.158281622922,-0.987394008411,0.));
#1947 = ORIENTED_EDGE('',*,*,#1948,.F.);
#1948 = EDGE_CURVE('',#1765,#1941,#1949,.T.);
#1949 = LINE('',#1950,#1951);
#1950 = CARTESIAN_POINT('',(92.830914,-72.296529,0.));
#1951 = VECTOR('',#1952,1.);
#1952 = DIRECTION('',(0.408398855141,-0.912803579703,0.));
#1953 = FACE_BOUND('',#1954,.F.);
#1954 = EDGE_LOOP('',(#1955,#1965,#1973,#1981,#1989,#1997,#2005,#2013,
    #2021,#2029,#2037,#2045,#2053,#2061,#2069,#2077,#2085,#2093,#2101,
    #2109,#2117,#2125,#2133,#2141));
#1955 = ORIENTED_EDGE('',*,*,#1956,.F.);
#1956 = EDGE_CURVE('',#1957,#1959,#1961,.T.);
#1957 = VERTEX_POINT('',#1958);
#1958 = CARTESIAN_POINT('',(93.471216,-64.464292,0.));
#1959 = VERTEX_POINT('',#1960);
#1960 = CARTESIAN_POINT('',(92.830914,-65.146529,0.));
#1961 = LINE('',#1962,#1963);
#1962 = CARTESIAN_POINT('',(93.471216,-64.464292,0.));
#1963 = VECTOR('',#1964,1.);
#1964 = DIRECTION('',(-0.684341944741,-0.729161232285,0.));
#1965 = ORIENTED_EDGE('',*,*,#1966,.F.);
#1966 = EDGE_CURVE('',#1967,#1957,#1969,.T.);
#1967 = VERTEX_POINT('',#1968);
#1968 = CARTESIAN_POINT('',(93.533687,-64.49795,0.));
#1969 = LINE('',#1970,#1971);
#1970 = CARTESIAN_POINT('',(93.533687,-64.49795,0.));
#1971 = VECTOR('',#1972,1.);
#1972 = DIRECTION('',(-0.880354780336,0.474315781668,0.));
#1973 = ORIENTED_EDGE('',*,*,#1974,.F.);
#1974 = EDGE_CURVE('',#1975,#1967,#1977,.T.);
#1975 = VERTEX_POINT('',#1976);
#1976 = CARTESIAN_POINT('',(93.785946,-64.56625,0.));
#1977 = LINE('',#1978,#1979);
#1978 = CARTESIAN_POINT('',(93.785946,-64.56625,0.));
#1979 = VECTOR('',#1980,1.);
#1980 = DIRECTION('',(-0.965245820026,0.261343656749,0.));
#1981 = ORIENTED_EDGE('',*,*,#1982,.F.);
#1982 = EDGE_CURVE('',#1983,#1975,#1985,.T.);
#1983 = VERTEX_POINT('',#1984);
#1984 = CARTESIAN_POINT('',(95.374851,-64.56625,0.));
#1985 = LINE('',#1986,#1987);
#1986 = CARTESIAN_POINT('',(95.374851,-64.56625,0.));
#1987 = VECTOR('',#1988,1.);
#1988 = DIRECTION('',(-1.,0.,0.));
#1989 = ORIENTED_EDGE('',*,*,#1990,.F.);
#1990 = EDGE_CURVE('',#1991,#1983,#1993,.T.);
#1991 = VERTEX_POINT('',#1992);
#1992 = CARTESIAN_POINT('',(95.568909,-64.529608,0.));
#1993 = LINE('',#1994,#1995);
#1994 = CARTESIAN_POINT('',(95.568909,-64.529608,0.));
#1995 = VECTOR('',#1996,1.);
#1996 = DIRECTION('',(-0.982636474538,-0.185541259314,0.));
#1997 = ORIENTED_EDGE('',*,*,#1998,.F.);
#1998 = EDGE_CURVE('',#1999,#1991,#2001,.T.);
#1999 = VERTEX_POINT('',#2000);
#2000 = CARTESIAN_POINT('',(95.627109,-64.497951,0.));
#2001 = LINE('',#2002,#2003);
#2002 = CARTESIAN_POINT('',(95.627109,-64.497951,0.));
#2003 = VECTOR('',#2004,1.);
#2004 = DIRECTION('',(-0.878456226645,-0.477822831046,0.));
#2005 = ORIENTED_EDGE('',*,*,#2006,.F.);
#2006 = EDGE_CURVE('',#2007,#1999,#2009,.T.);
#2007 = VERTEX_POINT('',#2008);
#2008 = CARTESIAN_POINT('',(96.358419,-65.081576,0.));
#2009 = LINE('',#2010,#2011);
#2010 = CARTESIAN_POINT('',(96.358419,-65.081576,0.));
#2011 = VECTOR('',#2012,1.);
#2012 = DIRECTION('',(-0.781610149114,0.623767244092,0.));
#2013 = ORIENTED_EDGE('',*,*,#2014,.F.);
#2014 = EDGE_CURVE('',#2015,#2007,#2017,.T.);
#2015 = VERTEX_POINT('',#2016);
#2016 = CARTESIAN_POINT('',(96.329882,-65.146529,0.));
#2017 = LINE('',#2018,#2019);
#2018 = CARTESIAN_POINT('',(96.329882,-65.146529,0.));
#2019 = VECTOR('',#2020,1.);
#2020 = DIRECTION('',(0.402238793091,0.915534790891,0.));
#2021 = ORIENTED_EDGE('',*,*,#2022,.F.);
#2022 = EDGE_CURVE('',#2023,#2015,#2025,.T.);
#2023 = VERTEX_POINT('',#2024);
#2024 = CARTESIAN_POINT('',(96.280397,-65.363407,0.));
#2025 = LINE('',#2026,#2027);
#2026 = CARTESIAN_POINT('',(96.280397,-65.363407,0.));
#2027 = VECTOR('',#2028,1.);
#2028 = DIRECTION('',(0.222452619431,0.974943502008,0.));
#2029 = ORIENTED_EDGE('',*,*,#2030,.F.);
#2030 = EDGE_CURVE('',#2031,#2023,#2033,.T.);
#2031 = VERTEX_POINT('',#2032);
#2032 = CARTESIAN_POINT('',(96.280397,-66.769091,0.));
#2033 = LINE('',#2034,#2035);
#2034 = CARTESIAN_POINT('',(96.280397,-66.769091,0.));
#2035 = VECTOR('',#2036,1.);
#2036 = DIRECTION('',(0.,1.,0.));
#2037 = ORIENTED_EDGE('',*,*,#2038,.F.);
#2038 = EDGE_CURVE('',#2039,#2031,#2041,.T.);
#2039 = VERTEX_POINT('',#2040);
#2040 = CARTESIAN_POINT('',(96.306946,-66.934702,0.));
#2041 = LINE('',#2042,#2043);
#2042 = CARTESIAN_POINT('',(96.306946,-66.934702,0.));
#2043 = VECTOR('',#2044,1.);
#2044 = DIRECTION('',(-0.158288367468,0.98739292722,0.));
#2045 = ORIENTED_EDGE('',*,*,#2046,.F.);
#2046 = EDGE_CURVE('',#2047,#2039,#2049,.T.);
#2047 = VERTEX_POINT('',#2048);
#2048 = CARTESIAN_POINT('',(96.329882,-66.985968,0.));
#2049 = LINE('',#2050,#2051);
#2050 = CARTESIAN_POINT('',(96.329882,-66.985968,0.));
#2051 = VECTOR('',#2052,1.);
#2052 = DIRECTION('',(-0.408384019466,0.912810217211,0.));
#2053 = ORIENTED_EDGE('',*,*,#2054,.F.);
#2054 = EDGE_CURVE('',#2055,#2047,#2057,.T.);
#2055 = VERTEX_POINT('',#2056);
#2056 = CARTESIAN_POINT('',(95.68958,-67.668207,0.));
#2057 = LINE('',#2058,#2059);
#2058 = CARTESIAN_POINT('',(95.68958,-67.668207,0.));
#2059 = VECTOR('',#2060,1.);
#2060 = DIRECTION('',(0.684340878109,0.729162233353,0.));
#2061 = ORIENTED_EDGE('',*,*,#2062,.F.);
#2062 = EDGE_CURVE('',#2063,#2055,#2065,.T.);
#2063 = VERTEX_POINT('',#2064);
#2064 = CARTESIAN_POINT('',(95.627109,-67.634548,0.));
#2065 = LINE('',#2066,#2067);
#2066 = CARTESIAN_POINT('',(95.627109,-67.634548,0.));
#2067 = VECTOR('',#2068,1.);
#2068 = DIRECTION('',(0.880348895876,-0.474326703371,0.));
#2069 = ORIENTED_EDGE('',*,*,#2070,.F.);
#2070 = EDGE_CURVE('',#2071,#2063,#2073,.T.);
#2071 = VERTEX_POINT('',#2072);
#2072 = CARTESIAN_POINT('',(95.37485,-67.566249,0.));
#2073 = LINE('',#2074,#2075);
#2074 = CARTESIAN_POINT('',(95.37485,-67.566249,0.));
#2075 = VECTOR('',#2076,1.);
#2076 = DIRECTION('',(0.965246785273,-0.261340091681,0.));
#2077 = ORIENTED_EDGE('',*,*,#2078,.F.);
#2078 = EDGE_CURVE('',#2079,#2071,#2081,.T.);
#2079 = VERTEX_POINT('',#2080);
#2080 = CARTESIAN_POINT('',(93.785946,-67.566249,0.));
#2081 = LINE('',#2082,#2083);
#2082 = CARTESIAN_POINT('',(93.785946,-67.566249,0.));
#2083 = VECTOR('',#2084,1.);
#2084 = DIRECTION('',(1.,0.,0.));
#2085 = ORIENTED_EDGE('',*,*,#2086,.F.);
#2086 = EDGE_CURVE('',#2087,#2079,#2089,.T.);
#2087 = VERTEX_POINT('',#2088);
#2088 = CARTESIAN_POINT('',(93.591887,-67.602889,0.));
#2089 = LINE('',#2090,#2091);
#2090 = CARTESIAN_POINT('',(93.591887,-67.602889,0.));
#2091 = VECTOR('',#2092,1.);
#2092 = DIRECTION('',(0.982638495187,0.18553055753,0.));
#2093 = ORIENTED_EDGE('',*,*,#2094,.F.);
#2094 = EDGE_CURVE('',#2095,#2087,#2097,.T.);
#2095 = VERTEX_POINT('',#2096);
#2096 = CARTESIAN_POINT('',(93.533687,-67.634546,0.));
#2097 = LINE('',#2098,#2099);
#2098 = CARTESIAN_POINT('',(93.533687,-67.634546,0.));
#2099 = VECTOR('',#2100,1.);
#2100 = DIRECTION('',(0.878456226645,0.477822831046,0.));
#2101 = ORIENTED_EDGE('',*,*,#2102,.F.);
#2102 = EDGE_CURVE('',#2103,#2095,#2105,.T.);
#2103 = VERTEX_POINT('',#2104);
#2104 = CARTESIAN_POINT('',(92.802377,-67.050923,0.));
#2105 = LINE('',#2106,#2107);
#2106 = CARTESIAN_POINT('',(92.802377,-67.050923,0.));
#2107 = VECTOR('',#2108,1.);
#2108 = DIRECTION('',(0.781611191267,-0.623765938222,0.));
#2109 = ORIENTED_EDGE('',*,*,#2110,.F.);
#2110 = EDGE_CURVE('',#2111,#2103,#2113,.T.);
#2111 = VERTEX_POINT('',#2112);
#2112 = CARTESIAN_POINT('',(92.830914,-66.985969,0.));
#2113 = LINE('',#2114,#2115);
#2114 = CARTESIAN_POINT('',(92.830914,-66.985969,0.));
#2115 = VECTOR('',#2116,1.);
#2116 = DIRECTION('',(-0.40223360235,-0.915537071418,0.));
#2117 = ORIENTED_EDGE('',*,*,#2118,.F.);
#2118 = EDGE_CURVE('',#2119,#2111,#2121,.T.);
#2119 = VERTEX_POINT('',#2120);
#2120 = CARTESIAN_POINT('',(92.880399,-66.769091,0.));
#2121 = LINE('',#2122,#2123);
#2122 = CARTESIAN_POINT('',(92.880399,-66.769091,0.));
#2123 = VECTOR('',#2124,1.);
#2124 = DIRECTION('',(-0.222452619431,-0.974943502008,0.));
#2125 = ORIENTED_EDGE('',*,*,#2126,.F.);
#2126 = EDGE_CURVE('',#2127,#2119,#2129,.T.);
#2127 = VERTEX_POINT('',#2128);
#2128 = CARTESIAN_POINT('',(92.880399,-65.363407,0.));
#2129 = LINE('',#2130,#2131);
#2130 = CARTESIAN_POINT('',(92.880399,-65.363407,0.));
#2131 = VECTOR('',#2132,1.);
#2132 = DIRECTION('',(0.,-1.,0.));
#2133 = ORIENTED_EDGE('',*,*,#2134,.F.);
#2134 = EDGE_CURVE('',#2135,#2127,#2137,.T.);
#2135 = VERTEX_POINT('',#2136);
#2136 = CARTESIAN_POINT('',(92.853851,-65.197795,0.));
#2137 = LINE('',#2138,#2139);
#2138 = CARTESIAN_POINT('',(92.853851,-65.197795,0.));
#2139 = VECTOR('',#2140,1.);
#2140 = DIRECTION('',(0.158281622922,-0.987394008411,0.));
#2141 = ORIENTED_EDGE('',*,*,#2142,.F.);
#2142 = EDGE_CURVE('',#1959,#2135,#2143,.T.);
#2143 = LINE('',#2144,#2145);
#2144 = CARTESIAN_POINT('',(92.830914,-65.146529,0.));
#2145 = VECTOR('',#2146,1.);
#2146 = DIRECTION('',(0.408398855141,-0.912803579703,0.));
#2147 = FACE_BOUND('',#2148,.F.);
#2148 = EDGE_LOOP('',(#2149));
#2149 = ORIENTED_EDGE('',*,*,#2150,.T.);
#2150 = EDGE_CURVE('',#2151,#2151,#2153,.T.);
#2151 = VERTEX_POINT('',#2152);
#2152 = CARTESIAN_POINT('',(103.410398,-99.898749,0.));
#2153 = CIRCLE('',#2154,0.85);
#2154 = AXIS2_PLACEMENT_3D('',#2155,#2156,#2157);
#2155 = CARTESIAN_POINT('',(103.410398,-99.048749,0.));
#2156 = DIRECTION('',(-0.,0.,-1.));
#2157 = DIRECTION('',(-0.,-1.,0.));
#2158 = FACE_BOUND('',#2159,.F.);
#2159 = EDGE_LOOP('',(#2160));
#2160 = ORIENTED_EDGE('',*,*,#2161,.T.);
#2161 = EDGE_CURVE('',#2162,#2162,#2164,.T.);
#2162 = VERTEX_POINT('',#2163);
#2163 = CARTESIAN_POINT('',(108.490398,-101.048749,0.));
#2164 = CIRCLE('',#2165,2.);
#2165 = AXIS2_PLACEMENT_3D('',#2166,#2167,#2168);
#2166 = CARTESIAN_POINT('',(108.490398,-99.048749,0.));
#2167 = DIRECTION('',(-0.,0.,-1.));
#2168 = DIRECTION('',(-0.,-1.,0.));
#2169 = FACE_BOUND('',#2170,.F.);
#2170 = EDGE_LOOP('',(#2171));
#2171 = ORIENTED_EDGE('',*,*,#2172,.T.);
#2172 = EDGE_CURVE('',#2173,#2173,#2175,.T.);
#2173 = VERTEX_POINT('',#2174);
#2174 = CARTESIAN_POINT('',(104.680398,-97.258749,0.));
#2175 = CIRCLE('',#2176,0.75);
#2176 = AXIS2_PLACEMENT_3D('',#2177,#2178,#2179);
#2177 = CARTESIAN_POINT('',(104.680398,-96.508749,0.));
#2178 = DIRECTION('',(-0.,0.,-1.));
#2179 = DIRECTION('',(-0.,-1.,0.));
#2180 = FACE_BOUND('',#2181,.F.);
#2181 = EDGE_LOOP('',(#2182));
#2182 = ORIENTED_EDGE('',*,*,#2183,.T.);
#2183 = EDGE_CURVE('',#2184,#2184,#2186,.T.);
#2184 = VERTEX_POINT('',#2185);
#2185 = CARTESIAN_POINT('',(113.570398,-99.898749,0.));
#2186 = CIRCLE('',#2187,0.85);
#2187 = AXIS2_PLACEMENT_3D('',#2188,#2189,#2190);
#2188 = CARTESIAN_POINT('',(113.570398,-99.048749,0.));
#2189 = DIRECTION('',(-0.,0.,-1.));
#2190 = DIRECTION('',(-1.671865260612E-14,-1.,0.));
#2191 = FACE_BOUND('',#2192,.F.);
#2192 = EDGE_LOOP('',(#2193));
#2193 = ORIENTED_EDGE('',*,*,#2194,.T.);
#2194 = EDGE_CURVE('',#2195,#2195,#2197,.T.);
#2195 = VERTEX_POINT('',#2196);
#2196 = CARTESIAN_POINT('',(118.174148,-102.941249,0.));
#2197 = CIRCLE('',#2198,0.4);
#2198 = AXIS2_PLACEMENT_3D('',#2199,#2200,#2201);
#2199 = CARTESIAN_POINT('',(118.174148,-102.541249,0.));
#2200 = DIRECTION('',(-0.,0.,-1.));
#2201 = DIRECTION('',(-0.,-1.,0.));
#2202 = FACE_BOUND('',#2203,.F.);
#2203 = EDGE_LOOP('',(#2204));
#2204 = ORIENTED_EDGE('',*,*,#2205,.T.);
#2205 = EDGE_CURVE('',#2206,#2206,#2208,.T.);
#2206 = VERTEX_POINT('',#2207);
#2207 = CARTESIAN_POINT('',(111.030398,-94.718749,0.));
#2208 = CIRCLE('',#2209,0.75);
#2209 = AXIS2_PLACEMENT_3D('',#2210,#2211,#2212);
#2210 = CARTESIAN_POINT('',(111.030398,-93.968749,0.));
#2211 = DIRECTION('',(-0.,0.,-1.));
#2212 = DIRECTION('',(-0.,-1.,0.));
#2213 = FACE_BOUND('',#2214,.F.);
#2214 = EDGE_LOOP('',(#2215));
#2215 = ORIENTED_EDGE('',*,*,#2216,.T.);
#2216 = EDGE_CURVE('',#2217,#2217,#2219,.T.);
#2217 = VERTEX_POINT('',#2218);
#2218 = CARTESIAN_POINT('',(118.174148,-95.321249,0.));
#2219 = CIRCLE('',#2220,0.4);
#2220 = AXIS2_PLACEMENT_3D('',#2221,#2222,#2223);
#2221 = CARTESIAN_POINT('',(118.174148,-94.921249,0.));
#2222 = DIRECTION('',(-0.,0.,-1.));
#2223 = DIRECTION('',(-0.,-1.,0.));
#2224 = FACE_BOUND('',#2225,.F.);
#2225 = EDGE_LOOP('',(#2226));
#2226 = ORIENTED_EDGE('',*,*,#2227,.T.);
#2227 = EDGE_CURVE('',#2228,#2228,#2230,.T.);
#2228 = VERTEX_POINT('',#2229);
#2229 = CARTESIAN_POINT('',(122.460398,-99.898749,0.));
#2230 = CIRCLE('',#2231,0.85);
#2231 = AXIS2_PLACEMENT_3D('',#2232,#2233,#2234);
#2232 = CARTESIAN_POINT('',(122.460398,-99.048749,0.));
#2233 = DIRECTION('',(-0.,0.,-1.));
#2234 = DIRECTION('',(-0.,-1.,0.));
#2235 = FACE_BOUND('',#2236,.F.);
#2236 = EDGE_LOOP('',(#2237));
#2237 = ORIENTED_EDGE('',*,*,#2238,.T.);
#2238 = EDGE_CURVE('',#2239,#2239,#2241,.T.);
#2239 = VERTEX_POINT('',#2240);
#2240 = CARTESIAN_POINT('',(127.540398,-101.048749,0.));
#2241 = CIRCLE('',#2242,2.);
#2242 = AXIS2_PLACEMENT_3D('',#2243,#2244,#2245);
#2243 = CARTESIAN_POINT('',(127.540398,-99.048749,0.));
#2244 = DIRECTION('',(-0.,0.,-1.));
#2245 = DIRECTION('',(-7.105427357601E-15,-1.,0.));
#2246 = FACE_BOUND('',#2247,.F.);
#2247 = EDGE_LOOP('',(#2248));
#2248 = ORIENTED_EDGE('',*,*,#2249,.T.);
#2249 = EDGE_CURVE('',#2250,#2250,#2252,.T.);
#2250 = VERTEX_POINT('',#2251);
#2251 = CARTESIAN_POINT('',(123.730398,-97.258749,0.));
#2252 = CIRCLE('',#2253,0.75);
#2253 = AXIS2_PLACEMENT_3D('',#2254,#2255,#2256);
#2254 = CARTESIAN_POINT('',(123.730398,-96.508749,0.));
#2255 = DIRECTION('',(-0.,0.,-1.));
#2256 = DIRECTION('',(-0.,-1.,0.));
#2257 = FACE_BOUND('',#2258,.F.);
#2258 = EDGE_LOOP('',(#2259));
#2259 = ORIENTED_EDGE('',*,*,#2260,.T.);
#2260 = EDGE_CURVE('',#2261,#2261,#2263,.T.);
#2261 = VERTEX_POINT('',#2262);
#2262 = CARTESIAN_POINT('',(132.620398,-99.898749,0.));
#2263 = CIRCLE('',#2264,0.85);
#2264 = AXIS2_PLACEMENT_3D('',#2265,#2266,#2267);
#2265 = CARTESIAN_POINT('',(132.620398,-99.048749,0.));
#2266 = DIRECTION('',(-0.,0.,-1.));
#2267 = DIRECTION('',(-0.,-1.,0.));
#2268 = FACE_BOUND('',#2269,.F.);
#2269 = EDGE_LOOP('',(#2270));
#2270 = ORIENTED_EDGE('',*,*,#2271,.T.);
#2271 = EDGE_CURVE('',#2272,#2272,#2274,.T.);
#2272 = VERTEX_POINT('',#2273);
#2273 = CARTESIAN_POINT('',(137.224148,-102.941249,0.));
#2274 = CIRCLE('',#2275,0.4);
#2275 = AXIS2_PLACEMENT_3D('',#2276,#2277,#2278);
#2276 = CARTESIAN_POINT('',(137.224148,-102.541249,0.));
#2277 = DIRECTION('',(-0.,0.,-1.));
#2278 = DIRECTION('',(-0.,-1.,0.));
#2279 = FACE_BOUND('',#2280,.F.);
#2280 = EDGE_LOOP('',(#2281));
#2281 = ORIENTED_EDGE('',*,*,#2282,.T.);
#2282 = EDGE_CURVE('',#2283,#2283,#2285,.T.);
#2283 = VERTEX_POINT('',#2284);
#2284 = CARTESIAN_POINT('',(130.080398,-94.718749,0.));
#2285 = CIRCLE('',#2286,0.75);
#2286 = AXIS2_PLACEMENT_3D('',#2287,#2288,#2289);
#2287 = CARTESIAN_POINT('',(130.080398,-93.968749,0.));
#2288 = DIRECTION('',(-0.,0.,-1.));
#2289 = DIRECTION('',(-0.,-1.,0.));
#2290 = FACE_BOUND('',#2291,.F.);
#2291 = EDGE_LOOP('',(#2292));
#2292 = ORIENTED_EDGE('',*,*,#2293,.T.);
#2293 = EDGE_CURVE('',#2294,#2294,#2296,.T.);
#2294 = VERTEX_POINT('',#2295);
#2295 = CARTESIAN_POINT('',(137.224148,-95.321249,0.));
#2296 = CIRCLE('',#2297,0.4);
#2297 = AXIS2_PLACEMENT_3D('',#2298,#2299,#2300);
#2298 = CARTESIAN_POINT('',(137.224148,-94.921249,0.));
#2299 = DIRECTION('',(-0.,0.,-1.));
#2300 = DIRECTION('',(-0.,-1.,0.));
#2301 = FACE_BOUND('',#2302,.F.);
#2302 = EDGE_LOOP('',(#2303));
#2303 = ORIENTED_EDGE('',*,*,#2304,.T.);
#2304 = EDGE_CURVE('',#2305,#2305,#2307,.T.);
#2305 = VERTEX_POINT('',#2306);
#2306 = CARTESIAN_POINT('',(117.697898,-79.649499,0.));
#2307 = CIRCLE('',#2308,0.4445);
#2308 = AXIS2_PLACEMENT_3D('',#2309,#2310,#2311);
#2309 = CARTESIAN_POINT('',(117.697898,-79.204999,0.));
#2310 = DIRECTION('',(-0.,0.,-1.));
#2311 = DIRECTION('',(-3.197042680585E-14,-1.,0.));
#2312 = FACE_BOUND('',#2313,.F.);
#2313 = EDGE_LOOP('',(#2314));
#2314 = ORIENTED_EDGE('',*,*,#2315,.T.);
#2315 = EDGE_CURVE('',#2316,#2316,#2318,.T.);
#2316 = VERTEX_POINT('',#2317);
#2317 = CARTESIAN_POINT('',(117.697898,-77.109499,0.));
#2318 = CIRCLE('',#2319,0.4445);
#2319 = AXIS2_PLACEMENT_3D('',#2320,#2321,#2322);
#2320 = CARTESIAN_POINT('',(117.697898,-76.664999,0.));
#2321 = DIRECTION('',(-0.,0.,-1.));
#2322 = DIRECTION('',(-3.197042680585E-14,-1.,0.));
#2323 = FACE_BOUND('',#2324,.F.);
#2324 = EDGE_LOOP('',(#2325));
#2325 = ORIENTED_EDGE('',*,*,#2326,.T.);
#2326 = EDGE_CURVE('',#2327,#2327,#2329,.T.);
#2327 = VERTEX_POINT('',#2328);
#2328 = CARTESIAN_POINT('',(117.697898,-74.569499,0.));
#2329 = CIRCLE('',#2330,0.4445);
#2330 = AXIS2_PLACEMENT_3D('',#2331,#2332,#2333);
#2331 = CARTESIAN_POINT('',(117.697898,-74.124999,0.));
#2332 = DIRECTION('',(-0.,0.,-1.));
#2333 = DIRECTION('',(-3.197042680586E-14,-1.,0.));
#2334 = FACE_BOUND('',#2335,.F.);
#2335 = EDGE_LOOP('',(#2336));
#2336 = ORIENTED_EDGE('',*,*,#2337,.T.);
#2337 = EDGE_CURVE('',#2338,#2338,#2340,.T.);
#2338 = VERTEX_POINT('',#2339);
#2339 = CARTESIAN_POINT('',(117.697898,-72.029499,0.));
#2340 = CIRCLE('',#2341,0.4445);
#2341 = AXIS2_PLACEMENT_3D('',#2342,#2343,#2344);
#2342 = CARTESIAN_POINT('',(117.697898,-71.584999,0.));
#2343 = DIRECTION('',(-0.,0.,-1.));
#2344 = DIRECTION('',(-3.197042680585E-14,-1.,0.));
#2345 = FACE_BOUND('',#2346,.F.);
#2346 = EDGE_LOOP('',(#2347));
#2347 = ORIENTED_EDGE('',*,*,#2348,.T.);
#2348 = EDGE_CURVE('',#2349,#2349,#2351,.T.);
#2349 = VERTEX_POINT('',#2350);
#2350 = CARTESIAN_POINT('',(117.697898,-69.489499,0.));
#2351 = CIRCLE('',#2352,0.4445);
#2352 = AXIS2_PLACEMENT_3D('',#2353,#2354,#2355);
#2353 = CARTESIAN_POINT('',(117.697898,-69.044999,0.));
#2354 = DIRECTION('',(-0.,0.,-1.));
#2355 = DIRECTION('',(-3.197042680585E-14,-1.,0.));
#2356 = FACE_BOUND('',#2357,.F.);
#2357 = EDGE_LOOP('',(#2358));
#2358 = ORIENTED_EDGE('',*,*,#2359,.T.);
#2359 = EDGE_CURVE('',#2360,#2360,#2362,.T.);
#2360 = VERTEX_POINT('',#2361);
#2361 = CARTESIAN_POINT('',(117.697898,-66.949499,0.));
#2362 = CIRCLE('',#2363,0.4445);
#2363 = AXIS2_PLACEMENT_3D('',#2364,#2365,#2366);
#2364 = CARTESIAN_POINT('',(117.697898,-66.504999,0.));
#2365 = DIRECTION('',(-0.,0.,-1.));
#2366 = DIRECTION('',(-3.197042680585E-14,-1.,0.));
#2367 = FACE_BOUND('',#2368,.F.);
#2368 = EDGE_LOOP('',(#2369));
#2369 = ORIENTED_EDGE('',*,*,#2370,.T.);
#2370 = EDGE_CURVE('',#2371,#2371,#2373,.T.);
#2371 = VERTEX_POINT('',#2372);
#2372 = CARTESIAN_POINT('',(117.697898,-64.409499,0.));
#2373 = CIRCLE('',#2374,0.4445);
#2374 = AXIS2_PLACEMENT_3D('',#2375,#2376,#2377);
#2375 = CARTESIAN_POINT('',(117.697898,-63.964999,0.));
#2376 = DIRECTION('',(-0.,0.,-1.));
#2377 = DIRECTION('',(-3.197042680585E-14,-1.,0.));
#2378 = FACE_BOUND('',#2379,.F.);
#2379 = EDGE_LOOP('',(#2380));
#2380 = ORIENTED_EDGE('',*,*,#2381,.T.);
#2381 = EDGE_CURVE('',#2382,#2382,#2384,.T.);
#2382 = VERTEX_POINT('',#2383);
#2383 = CARTESIAN_POINT('',(132.937898,-79.649499,0.));
#2384 = CIRCLE('',#2385,0.4445);
#2385 = AXIS2_PLACEMENT_3D('',#2386,#2387,#2388);
#2386 = CARTESIAN_POINT('',(132.937898,-79.204999,0.));
#2387 = DIRECTION('',(-0.,0.,-1.));
#2388 = DIRECTION('',(-6.394085361171E-14,-1.,0.));
#2389 = FACE_BOUND('',#2390,.F.);
#2390 = EDGE_LOOP('',(#2391));
#2391 = ORIENTED_EDGE('',*,*,#2392,.T.);
#2392 = EDGE_CURVE('',#2393,#2393,#2395,.T.);
#2393 = VERTEX_POINT('',#2394);
#2394 = CARTESIAN_POINT('',(132.937898,-77.109499,0.));
#2395 = CIRCLE('',#2396,0.4445);
#2396 = AXIS2_PLACEMENT_3D('',#2397,#2398,#2399);
#2397 = CARTESIAN_POINT('',(132.937898,-76.664999,0.));
#2398 = DIRECTION('',(-0.,0.,-1.));
#2399 = DIRECTION('',(-6.394085361171E-14,-1.,0.));
#2400 = FACE_BOUND('',#2401,.F.);
#2401 = EDGE_LOOP('',(#2402));
#2402 = ORIENTED_EDGE('',*,*,#2403,.T.);
#2403 = EDGE_CURVE('',#2404,#2404,#2406,.T.);
#2404 = VERTEX_POINT('',#2405);
#2405 = CARTESIAN_POINT('',(132.937898,-74.569499,0.));
#2406 = CIRCLE('',#2407,0.4445);
#2407 = AXIS2_PLACEMENT_3D('',#2408,#2409,#2410);
#2408 = CARTESIAN_POINT('',(132.937898,-74.124999,0.));
#2409 = DIRECTION('',(-0.,0.,-1.));
#2410 = DIRECTION('',(-6.394085361171E-14,-1.,0.));
#2411 = FACE_BOUND('',#2412,.F.);
#2412 = EDGE_LOOP('',(#2413));
#2413 = ORIENTED_EDGE('',*,*,#2414,.T.);
#2414 = EDGE_CURVE('',#2415,#2415,#2417,.T.);
#2415 = VERTEX_POINT('',#2416);
#2416 = CARTESIAN_POINT('',(132.937898,-72.029499,0.));
#2417 = CIRCLE('',#2418,0.4445);
#2418 = AXIS2_PLACEMENT_3D('',#2419,#2420,#2421);
#2419 = CARTESIAN_POINT('',(132.937898,-71.584999,0.));
#2420 = DIRECTION('',(-0.,0.,-1.));
#2421 = DIRECTION('',(-6.394085361171E-14,-1.,0.));
#2422 = FACE_BOUND('',#2423,.F.);
#2423 = EDGE_LOOP('',(#2424));
#2424 = ORIENTED_EDGE('',*,*,#2425,.T.);
#2425 = EDGE_CURVE('',#2426,#2426,#2428,.T.);
#2426 = VERTEX_POINT('',#2427);
#2427 = CARTESIAN_POINT('',(132.937898,-69.489499,0.));
#2428 = CIRCLE('',#2429,0.4445);
#2429 = AXIS2_PLACEMENT_3D('',#2430,#2431,#2432);
#2430 = CARTESIAN_POINT('',(132.937898,-69.044999,0.));
#2431 = DIRECTION('',(-0.,0.,-1.));
#2432 = DIRECTION('',(-6.394085361171E-14,-1.,0.));
#2433 = FACE_BOUND('',#2434,.F.);
#2434 = EDGE_LOOP('',(#2435));
#2435 = ORIENTED_EDGE('',*,*,#2436,.T.);
#2436 = EDGE_CURVE('',#2437,#2437,#2439,.T.);
#2437 = VERTEX_POINT('',#2438);
#2438 = CARTESIAN_POINT('',(132.937898,-66.949499,0.));
#2439 = CIRCLE('',#2440,0.4445);
#2440 = AXIS2_PLACEMENT_3D('',#2441,#2442,#2443);
#2441 = CARTESIAN_POINT('',(132.937898,-66.504999,0.));
#2442 = DIRECTION('',(-0.,0.,-1.));
#2443 = DIRECTION('',(-6.394085361171E-14,-1.,0.));
#2444 = FACE_BOUND('',#2445,.F.);
#2445 = EDGE_LOOP('',(#2446));
#2446 = ORIENTED_EDGE('',*,*,#2447,.T.);
#2447 = EDGE_CURVE('',#2448,#2448,#2450,.T.);
#2448 = VERTEX_POINT('',#2449);
#2449 = CARTESIAN_POINT('',(132.937898,-64.409499,0.));
#2450 = CIRCLE('',#2451,0.4445);
#2451 = AXIS2_PLACEMENT_3D('',#2452,#2453,#2454);
#2452 = CARTESIAN_POINT('',(132.937898,-63.964999,0.));
#2453 = DIRECTION('',(-0.,0.,-1.));
#2454 = DIRECTION('',(-6.394085361171E-14,-1.,0.));
#2455 = PLANE('',#2456);
#2456 = AXIS2_PLACEMENT_3D('',#2457,#2458,#2459);
#2457 = CARTESIAN_POINT('',(0.,0.,0.));
#2458 = DIRECTION('',(0.,0.,1.));
#2459 = DIRECTION('',(1.,0.,-0.));
#2460 = ADVANCED_FACE('',(#2461,#2472,#2483,#2494,#2505,#2516,#2527,
    #2538,#2549,#2560,#2571,#2582,#2593,#2604,#2615,#2626,#2637,#2648,
    #2659,#2670,#2681,#2692,#2703,#2714,#2725,#2736,#2747,#2758,#2769,
    #2780,#2791,#2802,#2813,#2824,#2835,#2846,#2857,#2868,#2879,#2890,
    #2901,#2912,#2923,#2934,#2945,#2956,#2967,#2978,#2989,#3000,#3011,
    #3022,#3033,#3044,#3055,#3066,#3077,#3088,#3099,#3110,#3121,#3132,
    #3143,#3154,#3165,#3201,#3212,#3223,#3234,#3245,#3256,#3267,#3278,
    #3289,#3300,#3311,#3347,#3358,#3369,#3380,#3416,#3610,#3804,#3998,
    #4009,#4020,#4031,#4042,#4053,#4064,#4075,#4086,#4097,#4108,#4119,
    #4130,#4141,#4152,#4163,#4174,#4185,#4196,#4207,#4218,#4229,#4240,
    #4251,#4262,#4273,#4284,#4295),#4306,.T.);
#2461 = FACE_BOUND('',#2462,.T.);
#2462 = EDGE_LOOP('',(#2463,#2464,#2465,#2471));
#2463 = ORIENTED_EDGE('',*,*,#521,.F.);
#2464 = ORIENTED_EDGE('',*,*,#561,.F.);
#2465 = ORIENTED_EDGE('',*,*,#2466,.F.);
#2466 = EDGE_CURVE('',#584,#554,#2467,.T.);
#2467 = LINE('',#2468,#2469);
#2468 = CARTESIAN_POINT('',(58.580398,-61.116249,1.51));
#2469 = VECTOR('',#2470,1.);
#2470 = DIRECTION('',(1.,0.,0.));
#2471 = ORIENTED_EDGE('',*,*,#583,.F.);
#2472 = FACE_BOUND('',#2473,.T.);
#2473 = EDGE_LOOP('',(#2474));
#2474 = ORIENTED_EDGE('',*,*,#2475,.T.);
#2475 = EDGE_CURVE('',#2476,#2476,#2478,.T.);
#2476 = VERTEX_POINT('',#2477);
#2477 = CARTESIAN_POINT('',(65.310398,-137.998749,1.51));
#2478 = CIRCLE('',#2479,0.85);
#2479 = AXIS2_PLACEMENT_3D('',#2480,#2481,#2482);
#2480 = CARTESIAN_POINT('',(65.310398,-137.148749,1.51));
#2481 = DIRECTION('',(-0.,0.,-1.));
#2482 = DIRECTION('',(1.671865260612E-14,-1.,-0.));
#2483 = FACE_BOUND('',#2484,.T.);
#2484 = EDGE_LOOP('',(#2485));
#2485 = ORIENTED_EDGE('',*,*,#2486,.T.);
#2486 = EDGE_CURVE('',#2487,#2487,#2489,.T.);
#2487 = VERTEX_POINT('',#2488);
#2488 = CARTESIAN_POINT('',(70.390398,-139.148749,1.51));
#2489 = CIRCLE('',#2490,2.);
#2490 = AXIS2_PLACEMENT_3D('',#2491,#2492,#2493);
#2491 = CARTESIAN_POINT('',(70.390398,-137.148749,1.51));
#2492 = DIRECTION('',(-0.,0.,-1.));
#2493 = DIRECTION('',(-0.,-1.,0.));
#2494 = FACE_BOUND('',#2495,.T.);
#2495 = EDGE_LOOP('',(#2496));
#2496 = ORIENTED_EDGE('',*,*,#2497,.T.);
#2497 = EDGE_CURVE('',#2498,#2498,#2500,.T.);
#2498 = VERTEX_POINT('',#2499);
#2499 = CARTESIAN_POINT('',(66.580398,-135.358749,1.51));
#2500 = CIRCLE('',#2501,0.75);
#2501 = AXIS2_PLACEMENT_3D('',#2502,#2503,#2504);
#2502 = CARTESIAN_POINT('',(66.580398,-134.608749,1.51));
#2503 = DIRECTION('',(-0.,0.,-1.));
#2504 = DIRECTION('',(-0.,-1.,0.));
#2505 = FACE_BOUND('',#2506,.T.);
#2506 = EDGE_LOOP('',(#2507));
#2507 = ORIENTED_EDGE('',*,*,#2508,.T.);
#2508 = EDGE_CURVE('',#2509,#2509,#2511,.T.);
#2509 = VERTEX_POINT('',#2510);
#2510 = CARTESIAN_POINT('',(75.470398,-137.998749,1.51));
#2511 = CIRCLE('',#2512,0.85);
#2512 = AXIS2_PLACEMENT_3D('',#2513,#2514,#2515);
#2513 = CARTESIAN_POINT('',(75.470398,-137.148749,1.51));
#2514 = DIRECTION('',(-0.,0.,-1.));
#2515 = DIRECTION('',(1.671865260612E-14,-1.,-0.));
#2516 = FACE_BOUND('',#2517,.T.);
#2517 = EDGE_LOOP('',(#2518));
#2518 = ORIENTED_EDGE('',*,*,#2519,.T.);
#2519 = EDGE_CURVE('',#2520,#2520,#2522,.T.);
#2520 = VERTEX_POINT('',#2521);
#2521 = CARTESIAN_POINT('',(80.074148,-141.041249,1.51));
#2522 = CIRCLE('',#2523,0.4);
#2523 = AXIS2_PLACEMENT_3D('',#2524,#2525,#2526);
#2524 = CARTESIAN_POINT('',(80.074148,-140.641249,1.51));
#2525 = DIRECTION('',(-0.,0.,-1.));
#2526 = DIRECTION('',(-3.552713678801E-14,-1.,0.));
#2527 = FACE_BOUND('',#2528,.T.);
#2528 = EDGE_LOOP('',(#2529));
#2529 = ORIENTED_EDGE('',*,*,#2530,.T.);
#2530 = EDGE_CURVE('',#2531,#2531,#2533,.T.);
#2531 = VERTEX_POINT('',#2532);
#2532 = CARTESIAN_POINT('',(80.074148,-133.421249,1.51));
#2533 = CIRCLE('',#2534,0.4);
#2534 = AXIS2_PLACEMENT_3D('',#2535,#2536,#2537);
#2535 = CARTESIAN_POINT('',(80.074148,-133.021249,1.51));
#2536 = DIRECTION('',(-0.,0.,-1.));
#2537 = DIRECTION('',(-3.5527136788E-14,-1.,0.));
#2538 = FACE_BOUND('',#2539,.T.);
#2539 = EDGE_LOOP('',(#2540));
#2540 = ORIENTED_EDGE('',*,*,#2541,.T.);
#2541 = EDGE_CURVE('',#2542,#2542,#2544,.T.);
#2542 = VERTEX_POINT('',#2543);
#2543 = CARTESIAN_POINT('',(72.930398,-132.818749,1.51));
#2544 = CIRCLE('',#2545,0.75);
#2545 = AXIS2_PLACEMENT_3D('',#2546,#2547,#2548);
#2546 = CARTESIAN_POINT('',(72.930398,-132.068749,1.51));
#2547 = DIRECTION('',(-0.,0.,-1.));
#2548 = DIRECTION('',(-0.,-1.,0.));
#2549 = FACE_BOUND('',#2550,.T.);
#2550 = EDGE_LOOP('',(#2551));
#2551 = ORIENTED_EDGE('',*,*,#2552,.T.);
#2552 = EDGE_CURVE('',#2553,#2553,#2555,.T.);
#2553 = VERTEX_POINT('',#2554);
#2554 = CARTESIAN_POINT('',(84.360398,-137.998749,1.51));
#2555 = CIRCLE('',#2556,0.85);
#2556 = AXIS2_PLACEMENT_3D('',#2557,#2558,#2559);
#2557 = CARTESIAN_POINT('',(84.360398,-137.148749,1.51));
#2558 = DIRECTION('',(-0.,0.,-1.));
#2559 = DIRECTION('',(-0.,-1.,0.));
#2560 = FACE_BOUND('',#2561,.T.);
#2561 = EDGE_LOOP('',(#2562));
#2562 = ORIENTED_EDGE('',*,*,#2563,.T.);
#2563 = EDGE_CURVE('',#2564,#2564,#2566,.T.);
#2564 = VERTEX_POINT('',#2565);
#2565 = CARTESIAN_POINT('',(89.440398,-139.148749,1.51));
#2566 = CIRCLE('',#2567,2.);
#2567 = AXIS2_PLACEMENT_3D('',#2568,#2569,#2570);
#2568 = CARTESIAN_POINT('',(89.440398,-137.148749,1.51));
#2569 = DIRECTION('',(-0.,0.,-1.));
#2570 = DIRECTION('',(-0.,-1.,0.));
#2571 = FACE_BOUND('',#2572,.T.);
#2572 = EDGE_LOOP('',(#2573));
#2573 = ORIENTED_EDGE('',*,*,#2574,.T.);
#2574 = EDGE_CURVE('',#2575,#2575,#2577,.T.);
#2575 = VERTEX_POINT('',#2576);
#2576 = CARTESIAN_POINT('',(85.630398,-135.358749,1.51));
#2577 = CIRCLE('',#2578,0.75);
#2578 = AXIS2_PLACEMENT_3D('',#2579,#2580,#2581);
#2579 = CARTESIAN_POINT('',(85.630398,-134.608749,1.51));
#2580 = DIRECTION('',(-0.,0.,-1.));
#2581 = DIRECTION('',(-0.,-1.,0.));
#2582 = FACE_BOUND('',#2583,.T.);
#2583 = EDGE_LOOP('',(#2584));
#2584 = ORIENTED_EDGE('',*,*,#2585,.T.);
#2585 = EDGE_CURVE('',#2586,#2586,#2588,.T.);
#2586 = VERTEX_POINT('',#2587);
#2587 = CARTESIAN_POINT('',(94.520398,-137.998749,1.51));
#2588 = CIRCLE('',#2589,0.85);
#2589 = AXIS2_PLACEMENT_3D('',#2590,#2591,#2592);
#2590 = CARTESIAN_POINT('',(94.520398,-137.148749,1.51));
#2591 = DIRECTION('',(-0.,0.,-1.));
#2592 = DIRECTION('',(-0.,-1.,0.));
#2593 = FACE_BOUND('',#2594,.T.);
#2594 = EDGE_LOOP('',(#2595));
#2595 = ORIENTED_EDGE('',*,*,#2596,.T.);
#2596 = EDGE_CURVE('',#2597,#2597,#2599,.T.);
#2597 = VERTEX_POINT('',#2598);
#2598 = CARTESIAN_POINT('',(99.124148,-141.041249,1.51));
#2599 = CIRCLE('',#2600,0.4);
#2600 = AXIS2_PLACEMENT_3D('',#2601,#2602,#2603);
#2601 = CARTESIAN_POINT('',(99.124148,-140.641249,1.51));
#2602 = DIRECTION('',(-0.,0.,-1.));
#2603 = DIRECTION('',(3.5527136788E-14,-1.,-0.));
#2604 = FACE_BOUND('',#2605,.T.);
#2605 = EDGE_LOOP('',(#2606));
#2606 = ORIENTED_EDGE('',*,*,#2607,.T.);
#2607 = EDGE_CURVE('',#2608,#2608,#2610,.T.);
#2608 = VERTEX_POINT('',#2609);
#2609 = CARTESIAN_POINT('',(99.124148,-133.421249,1.51));
#2610 = CIRCLE('',#2611,0.4);
#2611 = AXIS2_PLACEMENT_3D('',#2612,#2613,#2614);
#2612 = CARTESIAN_POINT('',(99.124148,-133.021249,1.51));
#2613 = DIRECTION('',(-0.,0.,-1.));
#2614 = DIRECTION('',(3.5527136788E-14,-1.,-0.));
#2615 = FACE_BOUND('',#2616,.T.);
#2616 = EDGE_LOOP('',(#2617));
#2617 = ORIENTED_EDGE('',*,*,#2618,.T.);
#2618 = EDGE_CURVE('',#2619,#2619,#2621,.T.);
#2619 = VERTEX_POINT('',#2620);
#2620 = CARTESIAN_POINT('',(91.980398,-132.818749,1.51));
#2621 = CIRCLE('',#2622,0.75);
#2622 = AXIS2_PLACEMENT_3D('',#2623,#2624,#2625);
#2623 = CARTESIAN_POINT('',(91.980398,-132.068749,1.51));
#2624 = DIRECTION('',(-0.,0.,-1.));
#2625 = DIRECTION('',(-0.,-1.,0.));
#2626 = FACE_BOUND('',#2627,.T.);
#2627 = EDGE_LOOP('',(#2628));
#2628 = ORIENTED_EDGE('',*,*,#2629,.T.);
#2629 = EDGE_CURVE('',#2630,#2630,#2632,.T.);
#2630 = VERTEX_POINT('',#2631);
#2631 = CARTESIAN_POINT('',(65.310398,-118.948749,1.51));
#2632 = CIRCLE('',#2633,0.85);
#2633 = AXIS2_PLACEMENT_3D('',#2634,#2635,#2636);
#2634 = CARTESIAN_POINT('',(65.310398,-118.098749,1.51));
#2635 = DIRECTION('',(-0.,0.,-1.));
#2636 = DIRECTION('',(1.671865260612E-14,-1.,-0.));
#2637 = FACE_BOUND('',#2638,.T.);
#2638 = EDGE_LOOP('',(#2639));
#2639 = ORIENTED_EDGE('',*,*,#2640,.T.);
#2640 = EDGE_CURVE('',#2641,#2641,#2643,.T.);
#2641 = VERTEX_POINT('',#2642);
#2642 = CARTESIAN_POINT('',(70.390398,-120.098749,1.51));
#2643 = CIRCLE('',#2644,2.);
#2644 = AXIS2_PLACEMENT_3D('',#2645,#2646,#2647);
#2645 = CARTESIAN_POINT('',(70.390398,-118.098749,1.51));
#2646 = DIRECTION('',(-0.,0.,-1.));
#2647 = DIRECTION('',(-0.,-1.,0.));
#2648 = FACE_BOUND('',#2649,.T.);
#2649 = EDGE_LOOP('',(#2650));
#2650 = ORIENTED_EDGE('',*,*,#2651,.T.);
#2651 = EDGE_CURVE('',#2652,#2652,#2654,.T.);
#2652 = VERTEX_POINT('',#2653);
#2653 = CARTESIAN_POINT('',(66.580398,-116.308749,1.51));
#2654 = CIRCLE('',#2655,0.75);
#2655 = AXIS2_PLACEMENT_3D('',#2656,#2657,#2658);
#2656 = CARTESIAN_POINT('',(66.580398,-115.558749,1.51));
#2657 = DIRECTION('',(-0.,0.,-1.));
#2658 = DIRECTION('',(-0.,-1.,0.));
#2659 = FACE_BOUND('',#2660,.T.);
#2660 = EDGE_LOOP('',(#2661));
#2661 = ORIENTED_EDGE('',*,*,#2662,.T.);
#2662 = EDGE_CURVE('',#2663,#2663,#2665,.T.);
#2663 = VERTEX_POINT('',#2664);
#2664 = CARTESIAN_POINT('',(72.930398,-113.768749,1.51));
#2665 = CIRCLE('',#2666,0.75);
#2666 = AXIS2_PLACEMENT_3D('',#2667,#2668,#2669);
#2667 = CARTESIAN_POINT('',(72.930398,-113.018749,1.51));
#2668 = DIRECTION('',(-0.,0.,-1.));
#2669 = DIRECTION('',(-0.,-1.,0.));
#2670 = FACE_BOUND('',#2671,.T.);
#2671 = EDGE_LOOP('',(#2672));
#2672 = ORIENTED_EDGE('',*,*,#2673,.T.);
#2673 = EDGE_CURVE('',#2674,#2674,#2676,.T.);
#2674 = VERTEX_POINT('',#2675);
#2675 = CARTESIAN_POINT('',(75.470398,-118.948749,1.51));
#2676 = CIRCLE('',#2677,0.85);
#2677 = AXIS2_PLACEMENT_3D('',#2678,#2679,#2680);
#2678 = CARTESIAN_POINT('',(75.470398,-118.098749,1.51));
#2679 = DIRECTION('',(-0.,0.,-1.));
#2680 = DIRECTION('',(1.671865260612E-14,-1.,-0.));
#2681 = FACE_BOUND('',#2682,.T.);
#2682 = EDGE_LOOP('',(#2683));
#2683 = ORIENTED_EDGE('',*,*,#2684,.T.);
#2684 = EDGE_CURVE('',#2685,#2685,#2687,.T.);
#2685 = VERTEX_POINT('',#2686);
#2686 = CARTESIAN_POINT('',(80.074148,-121.991249,1.51));
#2687 = CIRCLE('',#2688,0.4);
#2688 = AXIS2_PLACEMENT_3D('',#2689,#2690,#2691);
#2689 = CARTESIAN_POINT('',(80.074148,-121.591249,1.51));
#2690 = DIRECTION('',(-0.,0.,-1.));
#2691 = DIRECTION('',(-3.552713678801E-14,-1.,0.));
#2692 = FACE_BOUND('',#2693,.T.);
#2693 = EDGE_LOOP('',(#2694));
#2694 = ORIENTED_EDGE('',*,*,#2695,.T.);
#2695 = EDGE_CURVE('',#2696,#2696,#2698,.T.);
#2696 = VERTEX_POINT('',#2697);
#2697 = CARTESIAN_POINT('',(80.074148,-114.371249,1.51));
#2698 = CIRCLE('',#2699,0.4);
#2699 = AXIS2_PLACEMENT_3D('',#2700,#2701,#2702);
#2700 = CARTESIAN_POINT('',(80.074148,-113.971249,1.51));
#2701 = DIRECTION('',(-0.,0.,-1.));
#2702 = DIRECTION('',(-3.552713678801E-14,-1.,0.));
#2703 = FACE_BOUND('',#2704,.T.);
#2704 = EDGE_LOOP('',(#2705));
#2705 = ORIENTED_EDGE('',*,*,#2706,.T.);
#2706 = EDGE_CURVE('',#2707,#2707,#2709,.T.);
#2707 = VERTEX_POINT('',#2708);
#2708 = CARTESIAN_POINT('',(84.360398,-118.948749,1.51));
#2709 = CIRCLE('',#2710,0.85);
#2710 = AXIS2_PLACEMENT_3D('',#2711,#2712,#2713);
#2711 = CARTESIAN_POINT('',(84.360398,-118.098749,1.51));
#2712 = DIRECTION('',(-0.,0.,-1.));
#2713 = DIRECTION('',(-0.,-1.,0.));
#2714 = FACE_BOUND('',#2715,.T.);
#2715 = EDGE_LOOP('',(#2716));
#2716 = ORIENTED_EDGE('',*,*,#2717,.T.);
#2717 = EDGE_CURVE('',#2718,#2718,#2720,.T.);
#2718 = VERTEX_POINT('',#2719);
#2719 = CARTESIAN_POINT('',(89.440398,-120.098749,1.51));
#2720 = CIRCLE('',#2721,2.);
#2721 = AXIS2_PLACEMENT_3D('',#2722,#2723,#2724);
#2722 = CARTESIAN_POINT('',(89.440398,-118.098749,1.51));
#2723 = DIRECTION('',(-0.,0.,-1.));
#2724 = DIRECTION('',(-0.,-1.,0.));
#2725 = FACE_BOUND('',#2726,.T.);
#2726 = EDGE_LOOP('',(#2727));
#2727 = ORIENTED_EDGE('',*,*,#2728,.T.);
#2728 = EDGE_CURVE('',#2729,#2729,#2731,.T.);
#2729 = VERTEX_POINT('',#2730);
#2730 = CARTESIAN_POINT('',(85.630398,-116.308749,1.51));
#2731 = CIRCLE('',#2732,0.75);
#2732 = AXIS2_PLACEMENT_3D('',#2733,#2734,#2735);
#2733 = CARTESIAN_POINT('',(85.630398,-115.558749,1.51));
#2734 = DIRECTION('',(-0.,0.,-1.));
#2735 = DIRECTION('',(-0.,-1.,0.));
#2736 = FACE_BOUND('',#2737,.T.);
#2737 = EDGE_LOOP('',(#2738));
#2738 = ORIENTED_EDGE('',*,*,#2739,.T.);
#2739 = EDGE_CURVE('',#2740,#2740,#2742,.T.);
#2740 = VERTEX_POINT('',#2741);
#2741 = CARTESIAN_POINT('',(94.520398,-118.948749,1.51));
#2742 = CIRCLE('',#2743,0.85);
#2743 = AXIS2_PLACEMENT_3D('',#2744,#2745,#2746);
#2744 = CARTESIAN_POINT('',(94.520398,-118.098749,1.51));
#2745 = DIRECTION('',(-0.,0.,-1.));
#2746 = DIRECTION('',(-0.,-1.,0.));
#2747 = FACE_BOUND('',#2748,.T.);
#2748 = EDGE_LOOP('',(#2749));
#2749 = ORIENTED_EDGE('',*,*,#2750,.T.);
#2750 = EDGE_CURVE('',#2751,#2751,#2753,.T.);
#2751 = VERTEX_POINT('',#2752);
#2752 = CARTESIAN_POINT('',(99.124148,-121.991249,1.51));
#2753 = CIRCLE('',#2754,0.4);
#2754 = AXIS2_PLACEMENT_3D('',#2755,#2756,#2757);
#2755 = CARTESIAN_POINT('',(99.124148,-121.591249,1.51));
#2756 = DIRECTION('',(-0.,0.,-1.));
#2757 = DIRECTION('',(3.5527136788E-14,-1.,-0.));
#2758 = FACE_BOUND('',#2759,.T.);
#2759 = EDGE_LOOP('',(#2760));
#2760 = ORIENTED_EDGE('',*,*,#2761,.T.);
#2761 = EDGE_CURVE('',#2762,#2762,#2764,.T.);
#2762 = VERTEX_POINT('',#2763);
#2763 = CARTESIAN_POINT('',(91.980398,-113.768749,1.51));
#2764 = CIRCLE('',#2765,0.75);
#2765 = AXIS2_PLACEMENT_3D('',#2766,#2767,#2768);
#2766 = CARTESIAN_POINT('',(91.980398,-113.018749,1.51));
#2767 = DIRECTION('',(-0.,0.,-1.));
#2768 = DIRECTION('',(-0.,-1.,0.));
#2769 = FACE_BOUND('',#2770,.T.);
#2770 = EDGE_LOOP('',(#2771));
#2771 = ORIENTED_EDGE('',*,*,#2772,.T.);
#2772 = EDGE_CURVE('',#2773,#2773,#2775,.T.);
#2773 = VERTEX_POINT('',#2774);
#2774 = CARTESIAN_POINT('',(99.124148,-114.371249,1.51));
#2775 = CIRCLE('',#2776,0.4);
#2776 = AXIS2_PLACEMENT_3D('',#2777,#2778,#2779);
#2777 = CARTESIAN_POINT('',(99.124148,-113.971249,1.51));
#2778 = DIRECTION('',(-0.,0.,-1.));
#2779 = DIRECTION('',(3.5527136788E-14,-1.,-0.));
#2780 = FACE_BOUND('',#2781,.T.);
#2781 = EDGE_LOOP('',(#2782));
#2782 = ORIENTED_EDGE('',*,*,#2783,.T.);
#2783 = EDGE_CURVE('',#2784,#2784,#2786,.T.);
#2784 = VERTEX_POINT('',#2785);
#2785 = CARTESIAN_POINT('',(103.410398,-137.998749,1.51));
#2786 = CIRCLE('',#2787,0.85);
#2787 = AXIS2_PLACEMENT_3D('',#2788,#2789,#2790);
#2788 = CARTESIAN_POINT('',(103.410398,-137.148749,1.51));
#2789 = DIRECTION('',(-0.,0.,-1.));
#2790 = DIRECTION('',(-0.,-1.,0.));
#2791 = FACE_BOUND('',#2792,.T.);
#2792 = EDGE_LOOP('',(#2793));
#2793 = ORIENTED_EDGE('',*,*,#2794,.T.);
#2794 = EDGE_CURVE('',#2795,#2795,#2797,.T.);
#2795 = VERTEX_POINT('',#2796);
#2796 = CARTESIAN_POINT('',(108.490398,-139.148749,1.51));
#2797 = CIRCLE('',#2798,2.);
#2798 = AXIS2_PLACEMENT_3D('',#2799,#2800,#2801);
#2799 = CARTESIAN_POINT('',(108.490398,-137.148749,1.51));
#2800 = DIRECTION('',(-0.,0.,-1.));
#2801 = DIRECTION('',(-0.,-1.,0.));
#2802 = FACE_BOUND('',#2803,.T.);
#2803 = EDGE_LOOP('',(#2804));
#2804 = ORIENTED_EDGE('',*,*,#2805,.T.);
#2805 = EDGE_CURVE('',#2806,#2806,#2808,.T.);
#2806 = VERTEX_POINT('',#2807);
#2807 = CARTESIAN_POINT('',(104.680398,-135.358749,1.51));
#2808 = CIRCLE('',#2809,0.75);
#2809 = AXIS2_PLACEMENT_3D('',#2810,#2811,#2812);
#2810 = CARTESIAN_POINT('',(104.680398,-134.608749,1.51));
#2811 = DIRECTION('',(-0.,0.,-1.));
#2812 = DIRECTION('',(-0.,-1.,0.));
#2813 = FACE_BOUND('',#2814,.T.);
#2814 = EDGE_LOOP('',(#2815));
#2815 = ORIENTED_EDGE('',*,*,#2816,.T.);
#2816 = EDGE_CURVE('',#2817,#2817,#2819,.T.);
#2817 = VERTEX_POINT('',#2818);
#2818 = CARTESIAN_POINT('',(113.570398,-137.998749,1.51));
#2819 = CIRCLE('',#2820,0.85);
#2820 = AXIS2_PLACEMENT_3D('',#2821,#2822,#2823);
#2821 = CARTESIAN_POINT('',(113.570398,-137.148749,1.51));
#2822 = DIRECTION('',(-0.,0.,-1.));
#2823 = DIRECTION('',(-1.671865260612E-14,-1.,0.));
#2824 = FACE_BOUND('',#2825,.T.);
#2825 = EDGE_LOOP('',(#2826));
#2826 = ORIENTED_EDGE('',*,*,#2827,.T.);
#2827 = EDGE_CURVE('',#2828,#2828,#2830,.T.);
#2828 = VERTEX_POINT('',#2829);
#2829 = CARTESIAN_POINT('',(118.174148,-141.041249,1.51));
#2830 = CIRCLE('',#2831,0.4);
#2831 = AXIS2_PLACEMENT_3D('',#2832,#2833,#2834);
#2832 = CARTESIAN_POINT('',(118.174148,-140.641249,1.51));
#2833 = DIRECTION('',(-0.,0.,-1.));
#2834 = DIRECTION('',(-0.,-1.,0.));
#2835 = FACE_BOUND('',#2836,.T.);
#2836 = EDGE_LOOP('',(#2837));
#2837 = ORIENTED_EDGE('',*,*,#2838,.T.);
#2838 = EDGE_CURVE('',#2839,#2839,#2841,.T.);
#2839 = VERTEX_POINT('',#2840);
#2840 = CARTESIAN_POINT('',(118.174148,-133.421249,1.51));
#2841 = CIRCLE('',#2842,0.4);
#2842 = AXIS2_PLACEMENT_3D('',#2843,#2844,#2845);
#2843 = CARTESIAN_POINT('',(118.174148,-133.021249,1.51));
#2844 = DIRECTION('',(-0.,0.,-1.));
#2845 = DIRECTION('',(-0.,-1.,0.));
#2846 = FACE_BOUND('',#2847,.T.);
#2847 = EDGE_LOOP('',(#2848));
#2848 = ORIENTED_EDGE('',*,*,#2849,.T.);
#2849 = EDGE_CURVE('',#2850,#2850,#2852,.T.);
#2850 = VERTEX_POINT('',#2851);
#2851 = CARTESIAN_POINT('',(111.030398,-132.818749,1.51));
#2852 = CIRCLE('',#2853,0.75);
#2853 = AXIS2_PLACEMENT_3D('',#2854,#2855,#2856);
#2854 = CARTESIAN_POINT('',(111.030398,-132.068749,1.51));
#2855 = DIRECTION('',(-0.,0.,-1.));
#2856 = DIRECTION('',(-0.,-1.,0.));
#2857 = FACE_BOUND('',#2858,.T.);
#2858 = EDGE_LOOP('',(#2859));
#2859 = ORIENTED_EDGE('',*,*,#2860,.T.);
#2860 = EDGE_CURVE('',#2861,#2861,#2863,.T.);
#2861 = VERTEX_POINT('',#2862);
#2862 = CARTESIAN_POINT('',(122.460398,-137.998749,1.51));
#2863 = CIRCLE('',#2864,0.85);
#2864 = AXIS2_PLACEMENT_3D('',#2865,#2866,#2867);
#2865 = CARTESIAN_POINT('',(122.460398,-137.148749,1.51));
#2866 = DIRECTION('',(-0.,0.,-1.));
#2867 = DIRECTION('',(-0.,-1.,0.));
#2868 = FACE_BOUND('',#2869,.T.);
#2869 = EDGE_LOOP('',(#2870));
#2870 = ORIENTED_EDGE('',*,*,#2871,.T.);
#2871 = EDGE_CURVE('',#2872,#2872,#2874,.T.);
#2872 = VERTEX_POINT('',#2873);
#2873 = CARTESIAN_POINT('',(127.540398,-139.148749,1.51));
#2874 = CIRCLE('',#2875,2.);
#2875 = AXIS2_PLACEMENT_3D('',#2876,#2877,#2878);
#2876 = CARTESIAN_POINT('',(127.540398,-137.148749,1.51));
#2877 = DIRECTION('',(-0.,0.,-1.));
#2878 = DIRECTION('',(-7.105427357601E-15,-1.,0.));
#2879 = FACE_BOUND('',#2880,.T.);
#2880 = EDGE_LOOP('',(#2881));
#2881 = ORIENTED_EDGE('',*,*,#2882,.T.);
#2882 = EDGE_CURVE('',#2883,#2883,#2885,.T.);
#2883 = VERTEX_POINT('',#2884);
#2884 = CARTESIAN_POINT('',(123.730398,-135.358749,1.51));
#2885 = CIRCLE('',#2886,0.75);
#2886 = AXIS2_PLACEMENT_3D('',#2887,#2888,#2889);
#2887 = CARTESIAN_POINT('',(123.730398,-134.608749,1.51));
#2888 = DIRECTION('',(-0.,0.,-1.));
#2889 = DIRECTION('',(-0.,-1.,0.));
#2890 = FACE_BOUND('',#2891,.T.);
#2891 = EDGE_LOOP('',(#2892));
#2892 = ORIENTED_EDGE('',*,*,#2893,.T.);
#2893 = EDGE_CURVE('',#2894,#2894,#2896,.T.);
#2894 = VERTEX_POINT('',#2895);
#2895 = CARTESIAN_POINT('',(132.620398,-137.998749,1.51));
#2896 = CIRCLE('',#2897,0.85);
#2897 = AXIS2_PLACEMENT_3D('',#2898,#2899,#2900);
#2898 = CARTESIAN_POINT('',(132.620398,-137.148749,1.51));
#2899 = DIRECTION('',(-0.,0.,-1.));
#2900 = DIRECTION('',(-0.,-1.,0.));
#2901 = FACE_BOUND('',#2902,.T.);
#2902 = EDGE_LOOP('',(#2903));
#2903 = ORIENTED_EDGE('',*,*,#2904,.T.);
#2904 = EDGE_CURVE('',#2905,#2905,#2907,.T.);
#2905 = VERTEX_POINT('',#2906);
#2906 = CARTESIAN_POINT('',(137.224148,-141.993749,1.51));
#2907 = CIRCLE('',#2908,0.4);
#2908 = AXIS2_PLACEMENT_3D('',#2909,#2910,#2911);
#2909 = CARTESIAN_POINT('',(137.224148,-141.593749,1.51));
#2910 = DIRECTION('',(-0.,0.,-1.));
#2911 = DIRECTION('',(-0.,-1.,0.));
#2912 = FACE_BOUND('',#2913,.T.);
#2913 = EDGE_LOOP('',(#2914));
#2914 = ORIENTED_EDGE('',*,*,#2915,.T.);
#2915 = EDGE_CURVE('',#2916,#2916,#2918,.T.);
#2916 = VERTEX_POINT('',#2917);
#2917 = CARTESIAN_POINT('',(137.224148,-134.373749,1.51));
#2918 = CIRCLE('',#2919,0.4);
#2919 = AXIS2_PLACEMENT_3D('',#2920,#2921,#2922);
#2920 = CARTESIAN_POINT('',(137.224148,-133.973749,1.51));
#2921 = DIRECTION('',(-0.,0.,-1.));
#2922 = DIRECTION('',(-0.,-1.,0.));
#2923 = FACE_BOUND('',#2924,.T.);
#2924 = EDGE_LOOP('',(#2925));
#2925 = ORIENTED_EDGE('',*,*,#2926,.T.);
#2926 = EDGE_CURVE('',#2927,#2927,#2929,.T.);
#2927 = VERTEX_POINT('',#2928);
#2928 = CARTESIAN_POINT('',(130.080398,-132.818749,1.51));
#2929 = CIRCLE('',#2930,0.75);
#2930 = AXIS2_PLACEMENT_3D('',#2931,#2932,#2933);
#2931 = CARTESIAN_POINT('',(130.080398,-132.068749,1.51));
#2932 = DIRECTION('',(-0.,0.,-1.));
#2933 = DIRECTION('',(-0.,-1.,0.));
#2934 = FACE_BOUND('',#2935,.T.);
#2935 = EDGE_LOOP('',(#2936));
#2936 = ORIENTED_EDGE('',*,*,#2937,.T.);
#2937 = EDGE_CURVE('',#2938,#2938,#2940,.T.);
#2938 = VERTEX_POINT('',#2939);
#2939 = CARTESIAN_POINT('',(103.410398,-118.948749,1.51));
#2940 = CIRCLE('',#2941,0.85);
#2941 = AXIS2_PLACEMENT_3D('',#2942,#2943,#2944);
#2942 = CARTESIAN_POINT('',(103.410398,-118.098749,1.51));
#2943 = DIRECTION('',(-0.,0.,-1.));
#2944 = DIRECTION('',(-0.,-1.,0.));
#2945 = FACE_BOUND('',#2946,.T.);
#2946 = EDGE_LOOP('',(#2947));
#2947 = ORIENTED_EDGE('',*,*,#2948,.T.);
#2948 = EDGE_CURVE('',#2949,#2949,#2951,.T.);
#2949 = VERTEX_POINT('',#2950);
#2950 = CARTESIAN_POINT('',(108.490398,-120.098749,1.51));
#2951 = CIRCLE('',#2952,2.);
#2952 = AXIS2_PLACEMENT_3D('',#2953,#2954,#2955);
#2953 = CARTESIAN_POINT('',(108.490398,-118.098749,1.51));
#2954 = DIRECTION('',(-0.,0.,-1.));
#2955 = DIRECTION('',(-0.,-1.,0.));
#2956 = FACE_BOUND('',#2957,.T.);
#2957 = EDGE_LOOP('',(#2958));
#2958 = ORIENTED_EDGE('',*,*,#2959,.T.);
#2959 = EDGE_CURVE('',#2960,#2960,#2962,.T.);
#2960 = VERTEX_POINT('',#2961);
#2961 = CARTESIAN_POINT('',(104.680398,-116.308749,1.51));
#2962 = CIRCLE('',#2963,0.75);
#2963 = AXIS2_PLACEMENT_3D('',#2964,#2965,#2966);
#2964 = CARTESIAN_POINT('',(104.680398,-115.558749,1.51));
#2965 = DIRECTION('',(-0.,0.,-1.));
#2966 = DIRECTION('',(-0.,-1.,0.));
#2967 = FACE_BOUND('',#2968,.T.);
#2968 = EDGE_LOOP('',(#2969));
#2969 = ORIENTED_EDGE('',*,*,#2970,.T.);
#2970 = EDGE_CURVE('',#2971,#2971,#2973,.T.);
#2971 = VERTEX_POINT('',#2972);
#2972 = CARTESIAN_POINT('',(113.570398,-118.948749,1.51));
#2973 = CIRCLE('',#2974,0.85);
#2974 = AXIS2_PLACEMENT_3D('',#2975,#2976,#2977);
#2975 = CARTESIAN_POINT('',(113.570398,-118.098749,1.51));
#2976 = DIRECTION('',(-0.,0.,-1.));
#2977 = DIRECTION('',(-1.671865260612E-14,-1.,0.));
#2978 = FACE_BOUND('',#2979,.T.);
#2979 = EDGE_LOOP('',(#2980));
#2980 = ORIENTED_EDGE('',*,*,#2981,.T.);
#2981 = EDGE_CURVE('',#2982,#2982,#2984,.T.);
#2982 = VERTEX_POINT('',#2983);
#2983 = CARTESIAN_POINT('',(118.174148,-121.991249,1.51));
#2984 = CIRCLE('',#2985,0.4);
#2985 = AXIS2_PLACEMENT_3D('',#2986,#2987,#2988);
#2986 = CARTESIAN_POINT('',(118.174148,-121.591249,1.51));
#2987 = DIRECTION('',(-0.,0.,-1.));
#2988 = DIRECTION('',(-0.,-1.,0.));
#2989 = FACE_BOUND('',#2990,.T.);
#2990 = EDGE_LOOP('',(#2991));
#2991 = ORIENTED_EDGE('',*,*,#2992,.T.);
#2992 = EDGE_CURVE('',#2993,#2993,#2995,.T.);
#2993 = VERTEX_POINT('',#2994);
#2994 = CARTESIAN_POINT('',(111.030398,-113.768749,1.51));
#2995 = CIRCLE('',#2996,0.75);
#2996 = AXIS2_PLACEMENT_3D('',#2997,#2998,#2999);
#2997 = CARTESIAN_POINT('',(111.030398,-113.018749,1.51));
#2998 = DIRECTION('',(-0.,0.,-1.));
#2999 = DIRECTION('',(-0.,-1.,0.));
#3000 = FACE_BOUND('',#3001,.T.);
#3001 = EDGE_LOOP('',(#3002));
#3002 = ORIENTED_EDGE('',*,*,#3003,.T.);
#3003 = EDGE_CURVE('',#3004,#3004,#3006,.T.);
#3004 = VERTEX_POINT('',#3005);
#3005 = CARTESIAN_POINT('',(118.174148,-114.371249,1.51));
#3006 = CIRCLE('',#3007,0.4);
#3007 = AXIS2_PLACEMENT_3D('',#3008,#3009,#3010);
#3008 = CARTESIAN_POINT('',(118.174148,-113.971249,1.51));
#3009 = DIRECTION('',(-0.,0.,-1.));
#3010 = DIRECTION('',(-0.,-1.,0.));
#3011 = FACE_BOUND('',#3012,.T.);
#3012 = EDGE_LOOP('',(#3013));
#3013 = ORIENTED_EDGE('',*,*,#3014,.T.);
#3014 = EDGE_CURVE('',#3015,#3015,#3017,.T.);
#3015 = VERTEX_POINT('',#3016);
#3016 = CARTESIAN_POINT('',(122.460398,-118.948749,1.51));
#3017 = CIRCLE('',#3018,0.85);
#3018 = AXIS2_PLACEMENT_3D('',#3019,#3020,#3021);
#3019 = CARTESIAN_POINT('',(122.460398,-118.098749,1.51));
#3020 = DIRECTION('',(-0.,0.,-1.));
#3021 = DIRECTION('',(-0.,-1.,0.));
#3022 = FACE_BOUND('',#3023,.T.);
#3023 = EDGE_LOOP('',(#3024));
#3024 = ORIENTED_EDGE('',*,*,#3025,.T.);
#3025 = EDGE_CURVE('',#3026,#3026,#3028,.T.);
#3026 = VERTEX_POINT('',#3027);
#3027 = CARTESIAN_POINT('',(127.540398,-120.098749,1.51));
#3028 = CIRCLE('',#3029,2.);
#3029 = AXIS2_PLACEMENT_3D('',#3030,#3031,#3032);
#3030 = CARTESIAN_POINT('',(127.540398,-118.098749,1.51));
#3031 = DIRECTION('',(-0.,0.,-1.));
#3032 = DIRECTION('',(-7.105427357601E-15,-1.,0.));
#3033 = FACE_BOUND('',#3034,.T.);
#3034 = EDGE_LOOP('',(#3035));
#3035 = ORIENTED_EDGE('',*,*,#3036,.T.);
#3036 = EDGE_CURVE('',#3037,#3037,#3039,.T.);
#3037 = VERTEX_POINT('',#3038);
#3038 = CARTESIAN_POINT('',(123.730398,-116.308749,1.51));
#3039 = CIRCLE('',#3040,0.75);
#3040 = AXIS2_PLACEMENT_3D('',#3041,#3042,#3043);
#3041 = CARTESIAN_POINT('',(123.730398,-115.558749,1.51));
#3042 = DIRECTION('',(-0.,0.,-1.));
#3043 = DIRECTION('',(-0.,-1.,0.));
#3044 = FACE_BOUND('',#3045,.T.);
#3045 = EDGE_LOOP('',(#3046));
#3046 = ORIENTED_EDGE('',*,*,#3047,.T.);
#3047 = EDGE_CURVE('',#3048,#3048,#3050,.T.);
#3048 = VERTEX_POINT('',#3049);
#3049 = CARTESIAN_POINT('',(132.620398,-118.948749,1.51));
#3050 = CIRCLE('',#3051,0.85);
#3051 = AXIS2_PLACEMENT_3D('',#3052,#3053,#3054);
#3052 = CARTESIAN_POINT('',(132.620398,-118.098749,1.51));
#3053 = DIRECTION('',(-0.,0.,-1.));
#3054 = DIRECTION('',(-0.,-1.,0.));
#3055 = FACE_BOUND('',#3056,.T.);
#3056 = EDGE_LOOP('',(#3057));
#3057 = ORIENTED_EDGE('',*,*,#3058,.T.);
#3058 = EDGE_CURVE('',#3059,#3059,#3061,.T.);
#3059 = VERTEX_POINT('',#3060);
#3060 = CARTESIAN_POINT('',(137.224148,-121.991249,1.51));
#3061 = CIRCLE('',#3062,0.4);
#3062 = AXIS2_PLACEMENT_3D('',#3063,#3064,#3065);
#3063 = CARTESIAN_POINT('',(137.224148,-121.591249,1.51));
#3064 = DIRECTION('',(-0.,0.,-1.));
#3065 = DIRECTION('',(-0.,-1.,0.));
#3066 = FACE_BOUND('',#3067,.T.);
#3067 = EDGE_LOOP('',(#3068));
#3068 = ORIENTED_EDGE('',*,*,#3069,.T.);
#3069 = EDGE_CURVE('',#3070,#3070,#3072,.T.);
#3070 = VERTEX_POINT('',#3071);
#3071 = CARTESIAN_POINT('',(130.080398,-113.768749,1.51));
#3072 = CIRCLE('',#3073,0.75);
#3073 = AXIS2_PLACEMENT_3D('',#3074,#3075,#3076);
#3074 = CARTESIAN_POINT('',(130.080398,-113.018749,1.51));
#3075 = DIRECTION('',(-0.,0.,-1.));
#3076 = DIRECTION('',(-0.,-1.,0.));
#3077 = FACE_BOUND('',#3078,.T.);
#3078 = EDGE_LOOP('',(#3079));
#3079 = ORIENTED_EDGE('',*,*,#3080,.T.);
#3080 = EDGE_CURVE('',#3081,#3081,#3083,.T.);
#3081 = VERTEX_POINT('',#3082);
#3082 = CARTESIAN_POINT('',(137.224148,-114.371249,1.51));
#3083 = CIRCLE('',#3084,0.4);
#3084 = AXIS2_PLACEMENT_3D('',#3085,#3086,#3087);
#3085 = CARTESIAN_POINT('',(137.224148,-113.971249,1.51));
#3086 = DIRECTION('',(-0.,0.,-1.));
#3087 = DIRECTION('',(-0.,-1.,0.));
#3088 = FACE_BOUND('',#3089,.T.);
#3089 = EDGE_LOOP('',(#3090));
#3090 = ORIENTED_EDGE('',*,*,#3091,.T.);
#3091 = EDGE_CURVE('',#3092,#3092,#3094,.T.);
#3092 = VERTEX_POINT('',#3093);
#3093 = CARTESIAN_POINT('',(65.310398,-99.898749,1.51));
#3094 = CIRCLE('',#3095,0.85);
#3095 = AXIS2_PLACEMENT_3D('',#3096,#3097,#3098);
#3096 = CARTESIAN_POINT('',(65.310398,-99.048749,1.51));
#3097 = DIRECTION('',(-0.,0.,-1.));
#3098 = DIRECTION('',(1.671865260612E-14,-1.,-0.));
#3099 = FACE_BOUND('',#3100,.T.);
#3100 = EDGE_LOOP('',(#3101));
#3101 = ORIENTED_EDGE('',*,*,#3102,.T.);
#3102 = EDGE_CURVE('',#3103,#3103,#3105,.T.);
#3103 = VERTEX_POINT('',#3104);
#3104 = CARTESIAN_POINT('',(70.390398,-101.048749,1.51));
#3105 = CIRCLE('',#3106,2.);
#3106 = AXIS2_PLACEMENT_3D('',#3107,#3108,#3109);
#3107 = CARTESIAN_POINT('',(70.390398,-99.048749,1.51));
#3108 = DIRECTION('',(-0.,0.,-1.));
#3109 = DIRECTION('',(-0.,-1.,0.));
#3110 = FACE_BOUND('',#3111,.T.);
#3111 = EDGE_LOOP('',(#3112));
#3112 = ORIENTED_EDGE('',*,*,#3113,.T.);
#3113 = EDGE_CURVE('',#3114,#3114,#3116,.T.);
#3114 = VERTEX_POINT('',#3115);
#3115 = CARTESIAN_POINT('',(66.580398,-97.258749,1.51));
#3116 = CIRCLE('',#3117,0.75);
#3117 = AXIS2_PLACEMENT_3D('',#3118,#3119,#3120);
#3118 = CARTESIAN_POINT('',(66.580398,-96.508749,1.51));
#3119 = DIRECTION('',(-0.,0.,-1.));
#3120 = DIRECTION('',(-0.,-1.,0.));
#3121 = FACE_BOUND('',#3122,.T.);
#3122 = EDGE_LOOP('',(#3123));
#3123 = ORIENTED_EDGE('',*,*,#3124,.T.);
#3124 = EDGE_CURVE('',#3125,#3125,#3127,.T.);
#3125 = VERTEX_POINT('',#3126);
#3126 = CARTESIAN_POINT('',(72.930398,-94.718749,1.51));
#3127 = CIRCLE('',#3128,0.75);
#3128 = AXIS2_PLACEMENT_3D('',#3129,#3130,#3131);
#3129 = CARTESIAN_POINT('',(72.930398,-93.968749,1.51));
#3130 = DIRECTION('',(-0.,0.,-1.));
#3131 = DIRECTION('',(-0.,-1.,0.));
#3132 = FACE_BOUND('',#3133,.T.);
#3133 = EDGE_LOOP('',(#3134));
#3134 = ORIENTED_EDGE('',*,*,#3135,.T.);
#3135 = EDGE_CURVE('',#3136,#3136,#3138,.T.);
#3136 = VERTEX_POINT('',#3137);
#3137 = CARTESIAN_POINT('',(75.470398,-99.898749,1.51));
#3138 = CIRCLE('',#3139,0.85);
#3139 = AXIS2_PLACEMENT_3D('',#3140,#3141,#3142);
#3140 = CARTESIAN_POINT('',(75.470398,-99.048749,1.51));
#3141 = DIRECTION('',(-0.,0.,-1.));
#3142 = DIRECTION('',(1.671865260612E-14,-1.,-0.));
#3143 = FACE_BOUND('',#3144,.T.);
#3144 = EDGE_LOOP('',(#3145));
#3145 = ORIENTED_EDGE('',*,*,#3146,.T.);
#3146 = EDGE_CURVE('',#3147,#3147,#3149,.T.);
#3147 = VERTEX_POINT('',#3148);
#3148 = CARTESIAN_POINT('',(80.074148,-102.941249,1.51));
#3149 = CIRCLE('',#3150,0.4);
#3150 = AXIS2_PLACEMENT_3D('',#3151,#3152,#3153);
#3151 = CARTESIAN_POINT('',(80.074148,-102.541249,1.51));
#3152 = DIRECTION('',(-0.,0.,-1.));
#3153 = DIRECTION('',(-3.552713678801E-14,-1.,0.));
#3154 = FACE_BOUND('',#3155,.T.);
#3155 = EDGE_LOOP('',(#3156));
#3156 = ORIENTED_EDGE('',*,*,#3157,.T.);
#3157 = EDGE_CURVE('',#3158,#3158,#3160,.T.);
#3158 = VERTEX_POINT('',#3159);
#3159 = CARTESIAN_POINT('',(80.074148,-95.321249,1.51));
#3160 = CIRCLE('',#3161,0.4);
#3161 = AXIS2_PLACEMENT_3D('',#3162,#3163,#3164);
#3162 = CARTESIAN_POINT('',(80.074148,-94.921249,1.51));
#3163 = DIRECTION('',(-0.,0.,-1.));
#3164 = DIRECTION('',(-3.552713678801E-14,-1.,0.));
#3165 = FACE_BOUND('',#3166,.T.);
#3166 = EDGE_LOOP('',(#3167,#3178,#3186,#3195));
#3167 = ORIENTED_EDGE('',*,*,#3168,.T.);
#3168 = EDGE_CURVE('',#3169,#3171,#3173,.T.);
#3169 = VERTEX_POINT('',#3170);
#3170 = CARTESIAN_POINT('',(72.542898,-85.078749,1.51));
#3171 = VERTEX_POINT('',#3172);
#3172 = CARTESIAN_POINT('',(72.542898,-83.578749,1.51));
#3173 = CIRCLE('',#3174,0.75);
#3174 = AXIS2_PLACEMENT_3D('',#3175,#3176,#3177);
#3175 = CARTESIAN_POINT('',(72.542898,-84.328749,1.51));
#3176 = DIRECTION('',(-0.,0.,-1.));
#3177 = DIRECTION('',(0.,1.,0.));
#3178 = ORIENTED_EDGE('',*,*,#3179,.T.);
#3179 = EDGE_CURVE('',#3171,#3180,#3182,.T.);
#3180 = VERTEX_POINT('',#3181);
#3181 = CARTESIAN_POINT('',(73.842898,-83.578749,1.51));
#3182 = LINE('',#3183,#3184);
#3183 = CARTESIAN_POINT('',(36.921449,-83.578749,1.51));
#3184 = VECTOR('',#3185,1.);
#3185 = DIRECTION('',(1.,0.,-0.));
#3186 = ORIENTED_EDGE('',*,*,#3187,.T.);
#3187 = EDGE_CURVE('',#3180,#3188,#3190,.T.);
#3188 = VERTEX_POINT('',#3189);
#3189 = CARTESIAN_POINT('',(73.842898,-85.078749,1.51));
#3190 = CIRCLE('',#3191,0.75);
#3191 = AXIS2_PLACEMENT_3D('',#3192,#3193,#3194);
#3192 = CARTESIAN_POINT('',(73.842898,-84.328749,1.51));
#3193 = DIRECTION('',(-0.,0.,-1.));
#3194 = DIRECTION('',(-0.,-1.,0.));
#3195 = ORIENTED_EDGE('',*,*,#3196,.T.);
#3196 = EDGE_CURVE('',#3188,#3169,#3197,.T.);
#3197 = LINE('',#3198,#3199);
#3198 = CARTESIAN_POINT('',(36.271449,-85.078749,1.51));
#3199 = VECTOR('',#3200,1.);
#3200 = DIRECTION('',(-1.,0.,0.));
#3201 = FACE_BOUND('',#3202,.T.);
#3202 = EDGE_LOOP('',(#3203));
#3203 = ORIENTED_EDGE('',*,*,#3204,.T.);
#3204 = EDGE_CURVE('',#3205,#3205,#3207,.T.);
#3205 = VERTEX_POINT('',#3206);
#3206 = CARTESIAN_POINT('',(84.360398,-99.898749,1.51));
#3207 = CIRCLE('',#3208,0.85);
#3208 = AXIS2_PLACEMENT_3D('',#3209,#3210,#3211);
#3209 = CARTESIAN_POINT('',(84.360398,-99.048749,1.51));
#3210 = DIRECTION('',(-0.,0.,-1.));
#3211 = DIRECTION('',(-0.,-1.,0.));
#3212 = FACE_BOUND('',#3213,.T.);
#3213 = EDGE_LOOP('',(#3214));
#3214 = ORIENTED_EDGE('',*,*,#3215,.T.);
#3215 = EDGE_CURVE('',#3216,#3216,#3218,.T.);
#3216 = VERTEX_POINT('',#3217);
#3217 = CARTESIAN_POINT('',(89.440398,-101.048749,1.51));
#3218 = CIRCLE('',#3219,2.);
#3219 = AXIS2_PLACEMENT_3D('',#3220,#3221,#3222);
#3220 = CARTESIAN_POINT('',(89.440398,-99.048749,1.51));
#3221 = DIRECTION('',(-0.,0.,-1.));
#3222 = DIRECTION('',(-0.,-1.,0.));
#3223 = FACE_BOUND('',#3224,.T.);
#3224 = EDGE_LOOP('',(#3225));
#3225 = ORIENTED_EDGE('',*,*,#3226,.T.);
#3226 = EDGE_CURVE('',#3227,#3227,#3229,.T.);
#3227 = VERTEX_POINT('',#3228);
#3228 = CARTESIAN_POINT('',(85.630398,-97.258749,1.51));
#3229 = CIRCLE('',#3230,0.75);
#3230 = AXIS2_PLACEMENT_3D('',#3231,#3232,#3233);
#3231 = CARTESIAN_POINT('',(85.630398,-96.508749,1.51));
#3232 = DIRECTION('',(-0.,0.,-1.));
#3233 = DIRECTION('',(-0.,-1.,0.));
#3234 = FACE_BOUND('',#3235,.T.);
#3235 = EDGE_LOOP('',(#3236));
#3236 = ORIENTED_EDGE('',*,*,#3237,.T.);
#3237 = EDGE_CURVE('',#3238,#3238,#3240,.T.);
#3238 = VERTEX_POINT('',#3239);
#3239 = CARTESIAN_POINT('',(94.520398,-99.898749,1.51));
#3240 = CIRCLE('',#3241,0.85);
#3241 = AXIS2_PLACEMENT_3D('',#3242,#3243,#3244);
#3242 = CARTESIAN_POINT('',(94.520398,-99.048749,1.51));
#3243 = DIRECTION('',(-0.,0.,-1.));
#3244 = DIRECTION('',(-0.,-1.,0.));
#3245 = FACE_BOUND('',#3246,.T.);
#3246 = EDGE_LOOP('',(#3247));
#3247 = ORIENTED_EDGE('',*,*,#3248,.T.);
#3248 = EDGE_CURVE('',#3249,#3249,#3251,.T.);
#3249 = VERTEX_POINT('',#3250);
#3250 = CARTESIAN_POINT('',(99.124148,-102.941249,1.51));
#3251 = CIRCLE('',#3252,0.4);
#3252 = AXIS2_PLACEMENT_3D('',#3253,#3254,#3255);
#3253 = CARTESIAN_POINT('',(99.124148,-102.541249,1.51));
#3254 = DIRECTION('',(-0.,0.,-1.));
#3255 = DIRECTION('',(3.5527136788E-14,-1.,-0.));
#3256 = FACE_BOUND('',#3257,.T.);
#3257 = EDGE_LOOP('',(#3258));
#3258 = ORIENTED_EDGE('',*,*,#3259,.T.);
#3259 = EDGE_CURVE('',#3260,#3260,#3262,.T.);
#3260 = VERTEX_POINT('',#3261);
#3261 = CARTESIAN_POINT('',(91.980398,-94.718749,1.51));
#3262 = CIRCLE('',#3263,0.75);
#3263 = AXIS2_PLACEMENT_3D('',#3264,#3265,#3266);
#3264 = CARTESIAN_POINT('',(91.980398,-93.968749,1.51));
#3265 = DIRECTION('',(-0.,0.,-1.));
#3266 = DIRECTION('',(-0.,-1.,0.));
#3267 = FACE_BOUND('',#3268,.T.);
#3268 = EDGE_LOOP('',(#3269));
#3269 = ORIENTED_EDGE('',*,*,#3270,.T.);
#3270 = EDGE_CURVE('',#3271,#3271,#3273,.T.);
#3271 = VERTEX_POINT('',#3272);
#3272 = CARTESIAN_POINT('',(99.124148,-95.321249,1.51));
#3273 = CIRCLE('',#3274,0.4);
#3274 = AXIS2_PLACEMENT_3D('',#3275,#3276,#3277);
#3275 = CARTESIAN_POINT('',(99.124148,-94.921249,1.51));
#3276 = DIRECTION('',(-0.,0.,-1.));
#3277 = DIRECTION('',(3.5527136788E-14,-1.,-0.));
#3278 = FACE_BOUND('',#3279,.T.);
#3279 = EDGE_LOOP('',(#3280));
#3280 = ORIENTED_EDGE('',*,*,#3281,.T.);
#3281 = EDGE_CURVE('',#3282,#3282,#3284,.T.);
#3282 = VERTEX_POINT('',#3283);
#3283 = CARTESIAN_POINT('',(66.192898,-81.728749,1.51));
#3284 = CIRCLE('',#3285,0.5);
#3285 = AXIS2_PLACEMENT_3D('',#3286,#3287,#3288);
#3286 = CARTESIAN_POINT('',(66.192898,-81.228749,1.51));
#3287 = DIRECTION('',(-0.,0.,-1.));
#3288 = DIRECTION('',(-0.,-1.,0.));
#3289 = FACE_BOUND('',#3290,.T.);
#3290 = EDGE_LOOP('',(#3291));
#3291 = ORIENTED_EDGE('',*,*,#3292,.T.);
#3292 = EDGE_CURVE('',#3293,#3293,#3295,.T.);
#3293 = VERTEX_POINT('',#3294);
#3294 = CARTESIAN_POINT('',(73.192898,-79.778749,1.51));
#3295 = CIRCLE('',#3296,1.05);
#3296 = AXIS2_PLACEMENT_3D('',#3297,#3298,#3299);
#3297 = CARTESIAN_POINT('',(73.192898,-78.728749,1.51));
#3298 = DIRECTION('',(-0.,0.,-1.));
#3299 = DIRECTION('',(-0.,-1.,0.));
#3300 = FACE_BOUND('',#3301,.T.);
#3301 = EDGE_LOOP('',(#3302));
#3302 = ORIENTED_EDGE('',*,*,#3303,.T.);
#3303 = EDGE_CURVE('',#3304,#3304,#3306,.T.);
#3304 = VERTEX_POINT('',#3305);
#3305 = CARTESIAN_POINT('',(66.192898,-76.728749,1.51));
#3306 = CIRCLE('',#3307,0.5);
#3307 = AXIS2_PLACEMENT_3D('',#3308,#3309,#3310);
#3308 = CARTESIAN_POINT('',(66.192898,-76.228749,1.51));
#3309 = DIRECTION('',(-0.,0.,-1.));
#3310 = DIRECTION('',(-0.,-1.,0.));
#3311 = FACE_BOUND('',#3312,.T.);
#3312 = EDGE_LOOP('',(#3313,#3324,#3332,#3341));
#3313 = ORIENTED_EDGE('',*,*,#3314,.T.);
#3314 = EDGE_CURVE('',#3315,#3317,#3319,.T.);
#3315 = VERTEX_POINT('',#3316);
#3316 = CARTESIAN_POINT('',(77.392898,-79.528749,1.51));
#3317 = VERTEX_POINT('',#3318);
#3318 = CARTESIAN_POINT('',(77.392898,-77.928749,1.51));
#3319 = CIRCLE('',#3320,0.8);
#3320 = AXIS2_PLACEMENT_3D('',#3321,#3322,#3323);
#3321 = CARTESIAN_POINT('',(77.392898,-78.728749,1.51));
#3322 = DIRECTION('',(-0.,0.,-1.));
#3323 = DIRECTION('',(0.,1.,0.));
#3324 = ORIENTED_EDGE('',*,*,#3325,.T.);
#3325 = EDGE_CURVE('',#3317,#3326,#3328,.T.);
#3326 = VERTEX_POINT('',#3327);
#3327 = CARTESIAN_POINT('',(77.992898,-77.928749,1.51));
#3328 = LINE('',#3329,#3330);
#3329 = CARTESIAN_POINT('',(38.996449,-77.928749,1.51));
#3330 = VECTOR('',#3331,1.);
#3331 = DIRECTION('',(1.,0.,-0.));
#3332 = ORIENTED_EDGE('',*,*,#3333,.T.);
#3333 = EDGE_CURVE('',#3326,#3334,#3336,.T.);
#3334 = VERTEX_POINT('',#3335);
#3335 = CARTESIAN_POINT('',(77.992898,-79.528749,1.51));
#3336 = CIRCLE('',#3337,0.8);
#3337 = AXIS2_PLACEMENT_3D('',#3338,#3339,#3340);
#3338 = CARTESIAN_POINT('',(77.992898,-78.728749,1.51));
#3339 = DIRECTION('',(-0.,0.,-1.));
#3340 = DIRECTION('',(-0.,-1.,0.));
#3341 = ORIENTED_EDGE('',*,*,#3342,.T.);
#3342 = EDGE_CURVE('',#3334,#3315,#3343,.T.);
#3343 = LINE('',#3344,#3345);
#3344 = CARTESIAN_POINT('',(38.696449,-79.528749,1.51));
#3345 = VECTOR('',#3346,1.);
#3346 = DIRECTION('',(-1.,0.,0.));
#3347 = FACE_BOUND('',#3348,.T.);
#3348 = EDGE_LOOP('',(#3349));
#3349 = ORIENTED_EDGE('',*,*,#3350,.T.);
#3350 = EDGE_CURVE('',#3351,#3351,#3353,.T.);
#3351 = VERTEX_POINT('',#3352);
#3352 = CARTESIAN_POINT('',(80.692898,-81.728749,1.51));
#3353 = CIRCLE('',#3354,0.5);
#3354 = AXIS2_PLACEMENT_3D('',#3355,#3356,#3357);
#3355 = CARTESIAN_POINT('',(80.692898,-81.228749,1.51));
#3356 = DIRECTION('',(-0.,0.,-1.));
#3357 = DIRECTION('',(-0.,-1.,0.));
#3358 = FACE_BOUND('',#3359,.T.);
#3359 = EDGE_LOOP('',(#3360));
#3360 = ORIENTED_EDGE('',*,*,#3361,.T.);
#3361 = EDGE_CURVE('',#3362,#3362,#3364,.T.);
#3362 = VERTEX_POINT('',#3363);
#3363 = CARTESIAN_POINT('',(80.692898,-79.228749,1.51));
#3364 = CIRCLE('',#3365,0.5);
#3365 = AXIS2_PLACEMENT_3D('',#3366,#3367,#3368);
#3366 = CARTESIAN_POINT('',(80.692898,-78.728749,1.51));
#3367 = DIRECTION('',(-0.,0.,-1.));
#3368 = DIRECTION('',(-0.,-1.,0.));
#3369 = FACE_BOUND('',#3370,.T.);
#3370 = EDGE_LOOP('',(#3371));
#3371 = ORIENTED_EDGE('',*,*,#3372,.T.);
#3372 = EDGE_CURVE('',#3373,#3373,#3375,.T.);
#3373 = VERTEX_POINT('',#3374);
#3374 = CARTESIAN_POINT('',(80.692898,-76.728749,1.51));
#3375 = CIRCLE('',#3376,0.5);
#3376 = AXIS2_PLACEMENT_3D('',#3377,#3378,#3379);
#3377 = CARTESIAN_POINT('',(80.692898,-76.228749,1.51));
#3378 = DIRECTION('',(-0.,0.,-1.));
#3379 = DIRECTION('',(-0.,-1.,0.));
#3380 = FACE_BOUND('',#3381,.T.);
#3381 = EDGE_LOOP('',(#3382,#3393,#3401,#3410));
#3382 = ORIENTED_EDGE('',*,*,#3383,.T.);
#3383 = EDGE_CURVE('',#3384,#3386,#3388,.T.);
#3384 = VERTEX_POINT('',#3385);
#3385 = CARTESIAN_POINT('',(72.542898,-73.878749,1.51));
#3386 = VERTEX_POINT('',#3387);
#3387 = CARTESIAN_POINT('',(72.542898,-72.378749,1.51));
#3388 = CIRCLE('',#3389,0.75);
#3389 = AXIS2_PLACEMENT_3D('',#3390,#3391,#3392);
#3390 = CARTESIAN_POINT('',(72.542898,-73.128749,1.51));
#3391 = DIRECTION('',(-0.,0.,-1.));
#3392 = DIRECTION('',(0.,1.,0.));
#3393 = ORIENTED_EDGE('',*,*,#3394,.T.);
#3394 = EDGE_CURVE('',#3386,#3395,#3397,.T.);
#3395 = VERTEX_POINT('',#3396);
#3396 = CARTESIAN_POINT('',(73.842898,-72.378749,1.51));
#3397 = LINE('',#3398,#3399);
#3398 = CARTESIAN_POINT('',(36.921449,-72.378749,1.51));
#3399 = VECTOR('',#3400,1.);
#3400 = DIRECTION('',(1.,0.,-0.));
#3401 = ORIENTED_EDGE('',*,*,#3402,.T.);
#3402 = EDGE_CURVE('',#3395,#3403,#3405,.T.);
#3403 = VERTEX_POINT('',#3404);
#3404 = CARTESIAN_POINT('',(73.842898,-73.878749,1.51));
#3405 = CIRCLE('',#3406,0.75);
#3406 = AXIS2_PLACEMENT_3D('',#3407,#3408,#3409);
#3407 = CARTESIAN_POINT('',(73.842898,-73.128749,1.51));
#3408 = DIRECTION('',(-0.,0.,-1.));
#3409 = DIRECTION('',(-0.,-1.,0.));
#3410 = ORIENTED_EDGE('',*,*,#3411,.T.);
#3411 = EDGE_CURVE('',#3403,#3384,#3412,.T.);
#3412 = LINE('',#3413,#3414);
#3413 = CARTESIAN_POINT('',(36.271449,-73.878749,1.51));
#3414 = VECTOR('',#3415,1.);
#3415 = DIRECTION('',(-1.,0.,0.));
#3416 = FACE_BOUND('',#3417,.T.);
#3417 = EDGE_LOOP('',(#3418,#3428,#3436,#3444,#3452,#3460,#3468,#3476,
    #3484,#3492,#3500,#3508,#3516,#3524,#3532,#3540,#3548,#3556,#3564,
    #3572,#3580,#3588,#3596,#3604));
#3418 = ORIENTED_EDGE('',*,*,#3419,.F.);
#3419 = EDGE_CURVE('',#3420,#3422,#3424,.T.);
#3420 = VERTEX_POINT('',#3421);
#3421 = CARTESIAN_POINT('',(93.47122,-77.85554,1.51));
#3422 = VERTEX_POINT('',#3423);
#3423 = CARTESIAN_POINT('',(92.830914,-78.537779,1.51));
#3424 = LINE('',#3425,#3426);
#3425 = CARTESIAN_POINT('',(93.47122,-77.85554,1.51));
#3426 = VECTOR('',#3427,1.);
#3427 = DIRECTION('',(-0.684343151081,-0.729160100093,0.));
#3428 = ORIENTED_EDGE('',*,*,#3429,.F.);
#3429 = EDGE_CURVE('',#3430,#3420,#3432,.T.);
#3430 = VERTEX_POINT('',#3431);
#3431 = CARTESIAN_POINT('',(93.533687,-77.8892,1.51));
#3432 = LINE('',#3433,#3434);
#3433 = CARTESIAN_POINT('',(93.533687,-77.8892,1.51));
#3434 = VECTOR('',#3435,1.);
#3435 = DIRECTION('',(-0.880330327805,0.474361164037,0.));
#3436 = ORIENTED_EDGE('',*,*,#3437,.F.);
#3437 = EDGE_CURVE('',#3438,#3430,#3440,.T.);
#3438 = VERTEX_POINT('',#3439);
#3439 = CARTESIAN_POINT('',(93.785946,-77.9575,1.51));
#3440 = LINE('',#3441,#3442);
#3441 = CARTESIAN_POINT('',(93.785946,-77.9575,1.51));
#3442 = VECTOR('',#3443,1.);
#3443 = DIRECTION('',(-0.965245820026,0.261343656749,0.));
#3444 = ORIENTED_EDGE('',*,*,#3445,.F.);
#3445 = EDGE_CURVE('',#3446,#3438,#3448,.T.);
#3446 = VERTEX_POINT('',#3447);
#3447 = CARTESIAN_POINT('',(95.374851,-77.9575,1.51));
#3448 = LINE('',#3449,#3450);
#3449 = CARTESIAN_POINT('',(95.374851,-77.9575,1.51));
#3450 = VECTOR('',#3451,1.);
#3451 = DIRECTION('',(-1.,0.,0.));
#3452 = ORIENTED_EDGE('',*,*,#3453,.F.);
#3453 = EDGE_CURVE('',#3454,#3446,#3456,.T.);
#3454 = VERTEX_POINT('',#3455);
#3455 = CARTESIAN_POINT('',(95.56891,-77.920861,1.51));
#3456 = LINE('',#3457,#3458);
#3457 = CARTESIAN_POINT('',(95.56891,-77.920861,1.51));
#3458 = VECTOR('',#3459,1.);
#3459 = DIRECTION('',(-0.982639418319,-0.185525668213,0.));
#3460 = ORIENTED_EDGE('',*,*,#3461,.F.);
#3461 = EDGE_CURVE('',#3462,#3454,#3464,.T.);
#3462 = VERTEX_POINT('',#3463);
#3463 = CARTESIAN_POINT('',(95.627109,-77.889201,1.51));
#3464 = LINE('',#3465,#3466);
#3465 = CARTESIAN_POINT('',(95.627109,-77.889201,1.51));
#3466 = VECTOR('',#3467,1.);
#3467 = DIRECTION('',(-0.878433773096,-0.477864108597,0.));
#3468 = ORIENTED_EDGE('',*,*,#3469,.F.);
#3469 = EDGE_CURVE('',#3470,#3462,#3472,.T.);
#3470 = VERTEX_POINT('',#3471);
#3471 = CARTESIAN_POINT('',(96.358427,-78.472822,1.51));
#3472 = LINE('',#3473,#3474);
#3473 = CARTESIAN_POINT('',(96.358427,-78.472822,1.51));
#3474 = VECTOR('',#3475,1.);
#3475 = DIRECTION('',(-0.781615560147,0.623760463749,0.));
#3476 = ORIENTED_EDGE('',*,*,#3477,.F.);
#3477 = EDGE_CURVE('',#3478,#3470,#3480,.T.);
#3478 = VERTEX_POINT('',#3479);
#3479 = CARTESIAN_POINT('',(96.329882,-78.537779,1.51));
#3480 = LINE('',#3481,#3482);
#3481 = CARTESIAN_POINT('',(96.329882,-78.537779,1.51));
#3482 = VECTOR('',#3483,1.);
#3483 = DIRECTION('',(0.402312539603,0.915502386932,0.));
#3484 = ORIENTED_EDGE('',*,*,#3485,.F.);
#3485 = EDGE_CURVE('',#3486,#3478,#3488,.T.);
#3486 = VERTEX_POINT('',#3487);
#3487 = CARTESIAN_POINT('',(96.280397,-78.754657,1.51));
#3488 = LINE('',#3489,#3490);
#3489 = CARTESIAN_POINT('',(96.280397,-78.754657,1.51));
#3490 = VECTOR('',#3491,1.);
#3491 = DIRECTION('',(0.222452619431,0.974943502008,0.));
#3492 = ORIENTED_EDGE('',*,*,#3493,.F.);
#3493 = EDGE_CURVE('',#3494,#3486,#3496,.T.);
#3494 = VERTEX_POINT('',#3495);
#3495 = CARTESIAN_POINT('',(96.280397,-80.160341,1.51));
#3496 = LINE('',#3497,#3498);
#3497 = CARTESIAN_POINT('',(96.280397,-80.160341,1.51));
#3498 = VECTOR('',#3499,1.);
#3499 = DIRECTION('',(0.,1.,0.));
#3500 = ORIENTED_EDGE('',*,*,#3501,.F.);
#3501 = EDGE_CURVE('',#3502,#3494,#3504,.T.);
#3502 = VERTEX_POINT('',#3503);
#3503 = CARTESIAN_POINT('',(96.306941,-80.325953,1.51));
#3504 = LINE('',#3505,#3506);
#3505 = CARTESIAN_POINT('',(96.306941,-80.325953,1.51));
#3506 = VECTOR('',#3507,1.);
#3507 = DIRECTION('',(-0.158258371896,0.987397735325,0.));
#3508 = ORIENTED_EDGE('',*,*,#3509,.F.);
#3509 = EDGE_CURVE('',#3510,#3502,#3512,.T.);
#3510 = VERTEX_POINT('',#3511);
#3511 = CARTESIAN_POINT('',(96.329882,-80.377218,1.51));
#3512 = LINE('',#3513,#3514);
#3513 = CARTESIAN_POINT('',(96.329882,-80.377218,1.51));
#3514 = VECTOR('',#3515,1.);
#3515 = DIRECTION('',(-0.408464832859,0.912774057649,0.));
#3516 = ORIENTED_EDGE('',*,*,#3517,.F.);
#3517 = EDGE_CURVE('',#3518,#3510,#3520,.T.);
#3518 = VERTEX_POINT('',#3519);
#3519 = CARTESIAN_POINT('',(95.689576,-81.059459,1.51));
#3520 = LINE('',#3521,#3522);
#3521 = CARTESIAN_POINT('',(95.689576,-81.059459,1.51));
#3522 = VECTOR('',#3523,1.);
#3523 = DIRECTION('',(0.684342084454,0.729161101161,0.));
#3524 = ORIENTED_EDGE('',*,*,#3525,.F.);
#3525 = EDGE_CURVE('',#3526,#3518,#3528,.T.);
#3526 = VERTEX_POINT('',#3527);
#3527 = CARTESIAN_POINT('',(95.627109,-81.025798,1.51));
#3528 = LINE('',#3529,#3530);
#3529 = CARTESIAN_POINT('',(95.627109,-81.025798,1.51));
#3530 = VECTOR('',#3531,1.);
#3531 = DIRECTION('',(0.880324442731,-0.47437208553,0.));
#3532 = ORIENTED_EDGE('',*,*,#3533,.F.);
#3533 = EDGE_CURVE('',#3534,#3526,#3536,.T.);
#3534 = VERTEX_POINT('',#3535);
#3535 = CARTESIAN_POINT('',(95.37485,-80.957499,1.51));
#3536 = LINE('',#3537,#3538);
#3537 = CARTESIAN_POINT('',(95.37485,-80.957499,1.51));
#3538 = VECTOR('',#3539,1.);
#3539 = DIRECTION('',(0.965246785273,-0.261340091681,0.));
#3540 = ORIENTED_EDGE('',*,*,#3541,.F.);
#3541 = EDGE_CURVE('',#3542,#3534,#3544,.T.);
#3542 = VERTEX_POINT('',#3543);
#3543 = CARTESIAN_POINT('',(93.785946,-80.957499,1.51));
#3544 = LINE('',#3545,#3546);
#3545 = CARTESIAN_POINT('',(93.785946,-80.957499,1.51));
#3546 = VECTOR('',#3547,1.);
#3547 = DIRECTION('',(1.,0.,0.));
#3548 = ORIENTED_EDGE('',*,*,#3549,.F.);
#3549 = EDGE_CURVE('',#3550,#3542,#3552,.T.);
#3550 = VERTEX_POINT('',#3551);
#3551 = CARTESIAN_POINT('',(93.591886,-80.994136,1.51));
#3552 = LINE('',#3553,#3554);
#3553 = CARTESIAN_POINT('',(93.591886,-80.994136,1.51));
#3554 = VECTOR('',#3555,1.);
#3555 = DIRECTION('',(0.982641438784,0.185514966468,0.));
#3556 = ORIENTED_EDGE('',*,*,#3557,.F.);
#3557 = EDGE_CURVE('',#3558,#3550,#3560,.T.);
#3558 = VERTEX_POINT('',#3559);
#3559 = CARTESIAN_POINT('',(93.533687,-81.025796,1.51));
#3560 = LINE('',#3561,#3562);
#3561 = CARTESIAN_POINT('',(93.533687,-81.025796,1.51));
#3562 = VECTOR('',#3563,1.);
#3563 = DIRECTION('',(0.878433773096,0.477864108597,0.));
#3564 = ORIENTED_EDGE('',*,*,#3565,.F.);
#3565 = EDGE_CURVE('',#3566,#3558,#3568,.T.);
#3566 = VERTEX_POINT('',#3567);
#3567 = CARTESIAN_POINT('',(92.802368,-80.442177,1.51));
#3568 = LINE('',#3569,#3570);
#3569 = CARTESIAN_POINT('',(92.802368,-80.442177,1.51));
#3570 = VECTOR('',#3571,1.);
#3571 = DIRECTION('',(0.781617018126,-0.623758636794,0.));
#3572 = ORIENTED_EDGE('',*,*,#3573,.F.);
#3573 = EDGE_CURVE('',#3574,#3566,#3576,.T.);
#3574 = VERTEX_POINT('',#3575);
#3575 = CARTESIAN_POINT('',(92.830914,-80.377219,1.51));
#3576 = LINE('',#3577,#3578);
#3577 = CARTESIAN_POINT('',(92.830914,-80.377219,1.51));
#3578 = VECTOR('',#3579,1.);
#3579 = DIRECTION('',(-0.402319161193,-0.915499477082,0.));
#3580 = ORIENTED_EDGE('',*,*,#3581,.F.);
#3581 = EDGE_CURVE('',#3582,#3574,#3584,.T.);
#3582 = VERTEX_POINT('',#3583);
#3583 = CARTESIAN_POINT('',(92.880399,-80.160341,1.51));
#3584 = LINE('',#3585,#3586);
#3585 = CARTESIAN_POINT('',(92.880399,-80.160341,1.51));
#3586 = VECTOR('',#3587,1.);
#3587 = DIRECTION('',(-0.222452619431,-0.974943502008,0.));
#3588 = ORIENTED_EDGE('',*,*,#3589,.F.);
#3589 = EDGE_CURVE('',#3590,#3582,#3592,.T.);
#3590 = VERTEX_POINT('',#3591);
#3591 = CARTESIAN_POINT('',(92.880399,-78.754657,1.51));
#3592 = LINE('',#3593,#3594);
#3593 = CARTESIAN_POINT('',(92.880399,-78.754657,1.51));
#3594 = VECTOR('',#3595,1.);
#3595 = DIRECTION('',(0.,-1.,0.));
#3596 = ORIENTED_EDGE('',*,*,#3597,.F.);
#3597 = EDGE_CURVE('',#3598,#3590,#3600,.T.);
#3598 = VERTEX_POINT('',#3599);
#3599 = CARTESIAN_POINT('',(92.853856,-78.589044,1.51));
#3600 = LINE('',#3601,#3602);
#3601 = CARTESIAN_POINT('',(92.853856,-78.589044,1.51));
#3602 = VECTOR('',#3603,1.);
#3603 = DIRECTION('',(0.158251627473,-0.987398816286,0.));
#3604 = ORIENTED_EDGE('',*,*,#3605,.F.);
#3605 = EDGE_CURVE('',#3422,#3598,#3606,.T.);
#3606 = LINE('',#3607,#3608);
#3607 = CARTESIAN_POINT('',(92.830914,-78.537779,1.51));
#3608 = VECTOR('',#3609,1.);
#3609 = DIRECTION('',(0.40847966706,-0.912767419225,0.));
#3610 = FACE_BOUND('',#3611,.T.);
#3611 = EDGE_LOOP('',(#3612,#3622,#3630,#3638,#3646,#3654,#3662,#3670,
    #3678,#3686,#3694,#3702,#3710,#3718,#3726,#3734,#3742,#3750,#3758,
    #3766,#3774,#3782,#3790,#3798));
#3612 = ORIENTED_EDGE('',*,*,#3613,.F.);
#3613 = EDGE_CURVE('',#3614,#3616,#3618,.T.);
#3614 = VERTEX_POINT('',#3615);
#3615 = CARTESIAN_POINT('',(93.471216,-71.614292,1.51));
#3616 = VERTEX_POINT('',#3617);
#3617 = CARTESIAN_POINT('',(92.830914,-72.296529,1.51));
#3618 = LINE('',#3619,#3620);
#3619 = CARTESIAN_POINT('',(93.471216,-71.614292,1.51));
#3620 = VECTOR('',#3621,1.);
#3621 = DIRECTION('',(-0.684341944741,-0.729161232285,0.));
#3622 = ORIENTED_EDGE('',*,*,#3623,.F.);
#3623 = EDGE_CURVE('',#3624,#3614,#3626,.T.);
#3624 = VERTEX_POINT('',#3625);
#3625 = CARTESIAN_POINT('',(93.533687,-71.64795,1.51));
#3626 = LINE('',#3627,#3628);
#3627 = CARTESIAN_POINT('',(93.533687,-71.64795,1.51));
#3628 = VECTOR('',#3629,1.);
#3629 = DIRECTION('',(-0.880354780336,0.474315781668,0.));
#3630 = ORIENTED_EDGE('',*,*,#3631,.F.);
#3631 = EDGE_CURVE('',#3632,#3624,#3634,.T.);
#3632 = VERTEX_POINT('',#3633);
#3633 = CARTESIAN_POINT('',(93.785946,-71.71625,1.51));
#3634 = LINE('',#3635,#3636);
#3635 = CARTESIAN_POINT('',(93.785946,-71.71625,1.51));
#3636 = VECTOR('',#3637,1.);
#3637 = DIRECTION('',(-0.965245820026,0.261343656749,0.));
#3638 = ORIENTED_EDGE('',*,*,#3639,.F.);
#3639 = EDGE_CURVE('',#3640,#3632,#3642,.T.);
#3640 = VERTEX_POINT('',#3641);
#3641 = CARTESIAN_POINT('',(95.374851,-71.71625,1.51));
#3642 = LINE('',#3643,#3644);
#3643 = CARTESIAN_POINT('',(95.374851,-71.71625,1.51));
#3644 = VECTOR('',#3645,1.);
#3645 = DIRECTION('',(-1.,0.,0.));
#3646 = ORIENTED_EDGE('',*,*,#3647,.F.);
#3647 = EDGE_CURVE('',#3648,#3640,#3650,.T.);
#3648 = VERTEX_POINT('',#3649);
#3649 = CARTESIAN_POINT('',(95.568909,-71.679608,1.51));
#3650 = LINE('',#3651,#3652);
#3651 = CARTESIAN_POINT('',(95.568909,-71.679608,1.51));
#3652 = VECTOR('',#3653,1.);
#3653 = DIRECTION('',(-0.982636474538,-0.185541259314,0.));
#3654 = ORIENTED_EDGE('',*,*,#3655,.F.);
#3655 = EDGE_CURVE('',#3656,#3648,#3658,.T.);
#3656 = VERTEX_POINT('',#3657);
#3657 = CARTESIAN_POINT('',(95.627109,-71.647951,1.51));
#3658 = LINE('',#3659,#3660);
#3659 = CARTESIAN_POINT('',(95.627109,-71.647951,1.51));
#3660 = VECTOR('',#3661,1.);
#3661 = DIRECTION('',(-0.878456226645,-0.477822831046,0.));
#3662 = ORIENTED_EDGE('',*,*,#3663,.F.);
#3663 = EDGE_CURVE('',#3664,#3656,#3666,.T.);
#3664 = VERTEX_POINT('',#3665);
#3665 = CARTESIAN_POINT('',(96.358419,-72.231576,1.51));
#3666 = LINE('',#3667,#3668);
#3667 = CARTESIAN_POINT('',(96.358419,-72.231576,1.51));
#3668 = VECTOR('',#3669,1.);
#3669 = DIRECTION('',(-0.781610149114,0.623767244092,0.));
#3670 = ORIENTED_EDGE('',*,*,#3671,.F.);
#3671 = EDGE_CURVE('',#3672,#3664,#3674,.T.);
#3672 = VERTEX_POINT('',#3673);
#3673 = CARTESIAN_POINT('',(96.329882,-72.296529,1.51));
#3674 = LINE('',#3675,#3676);
#3675 = CARTESIAN_POINT('',(96.329882,-72.296529,1.51));
#3676 = VECTOR('',#3677,1.);
#3677 = DIRECTION('',(0.402238793091,0.915534790891,0.));
#3678 = ORIENTED_EDGE('',*,*,#3679,.F.);
#3679 = EDGE_CURVE('',#3680,#3672,#3682,.T.);
#3680 = VERTEX_POINT('',#3681);
#3681 = CARTESIAN_POINT('',(96.280397,-72.513407,1.51));
#3682 = LINE('',#3683,#3684);
#3683 = CARTESIAN_POINT('',(96.280397,-72.513407,1.51));
#3684 = VECTOR('',#3685,1.);
#3685 = DIRECTION('',(0.222452619431,0.974943502008,0.));
#3686 = ORIENTED_EDGE('',*,*,#3687,.F.);
#3687 = EDGE_CURVE('',#3688,#3680,#3690,.T.);
#3688 = VERTEX_POINT('',#3689);
#3689 = CARTESIAN_POINT('',(96.280397,-73.919091,1.51));
#3690 = LINE('',#3691,#3692);
#3691 = CARTESIAN_POINT('',(96.280397,-73.919091,1.51));
#3692 = VECTOR('',#3693,1.);
#3693 = DIRECTION('',(0.,1.,0.));
#3694 = ORIENTED_EDGE('',*,*,#3695,.F.);
#3695 = EDGE_CURVE('',#3696,#3688,#3698,.T.);
#3696 = VERTEX_POINT('',#3697);
#3697 = CARTESIAN_POINT('',(96.306946,-74.084702,1.51));
#3698 = LINE('',#3699,#3700);
#3699 = CARTESIAN_POINT('',(96.306946,-74.084702,1.51));
#3700 = VECTOR('',#3701,1.);
#3701 = DIRECTION('',(-0.158288367468,0.98739292722,0.));
#3702 = ORIENTED_EDGE('',*,*,#3703,.F.);
#3703 = EDGE_CURVE('',#3704,#3696,#3706,.T.);
#3704 = VERTEX_POINT('',#3705);
#3705 = CARTESIAN_POINT('',(96.329882,-74.135968,1.51));
#3706 = LINE('',#3707,#3708);
#3707 = CARTESIAN_POINT('',(96.329882,-74.135968,1.51));
#3708 = VECTOR('',#3709,1.);
#3709 = DIRECTION('',(-0.408384019466,0.912810217211,0.));
#3710 = ORIENTED_EDGE('',*,*,#3711,.F.);
#3711 = EDGE_CURVE('',#3712,#3704,#3714,.T.);
#3712 = VERTEX_POINT('',#3713);
#3713 = CARTESIAN_POINT('',(95.68958,-74.818207,1.51));
#3714 = LINE('',#3715,#3716);
#3715 = CARTESIAN_POINT('',(95.68958,-74.818207,1.51));
#3716 = VECTOR('',#3717,1.);
#3717 = DIRECTION('',(0.684340878109,0.729162233353,0.));
#3718 = ORIENTED_EDGE('',*,*,#3719,.F.);
#3719 = EDGE_CURVE('',#3720,#3712,#3722,.T.);
#3720 = VERTEX_POINT('',#3721);
#3721 = CARTESIAN_POINT('',(95.627109,-74.784548,1.51));
#3722 = LINE('',#3723,#3724);
#3723 = CARTESIAN_POINT('',(95.627109,-74.784548,1.51));
#3724 = VECTOR('',#3725,1.);
#3725 = DIRECTION('',(0.880348895876,-0.474326703371,0.));
#3726 = ORIENTED_EDGE('',*,*,#3727,.F.);
#3727 = EDGE_CURVE('',#3728,#3720,#3730,.T.);
#3728 = VERTEX_POINT('',#3729);
#3729 = CARTESIAN_POINT('',(95.37485,-74.716249,1.51));
#3730 = LINE('',#3731,#3732);
#3731 = CARTESIAN_POINT('',(95.37485,-74.716249,1.51));
#3732 = VECTOR('',#3733,1.);
#3733 = DIRECTION('',(0.965246785273,-0.261340091681,0.));
#3734 = ORIENTED_EDGE('',*,*,#3735,.F.);
#3735 = EDGE_CURVE('',#3736,#3728,#3738,.T.);
#3736 = VERTEX_POINT('',#3737);
#3737 = CARTESIAN_POINT('',(93.785946,-74.716249,1.51));
#3738 = LINE('',#3739,#3740);
#3739 = CARTESIAN_POINT('',(93.785946,-74.716249,1.51));
#3740 = VECTOR('',#3741,1.);
#3741 = DIRECTION('',(1.,0.,0.));
#3742 = ORIENTED_EDGE('',*,*,#3743,.F.);
#3743 = EDGE_CURVE('',#3744,#3736,#3746,.T.);
#3744 = VERTEX_POINT('',#3745);
#3745 = CARTESIAN_POINT('',(93.591887,-74.752889,1.51));
#3746 = LINE('',#3747,#3748);
#3747 = CARTESIAN_POINT('',(93.591887,-74.752889,1.51));
#3748 = VECTOR('',#3749,1.);
#3749 = DIRECTION('',(0.982638495187,0.18553055753,0.));
#3750 = ORIENTED_EDGE('',*,*,#3751,.F.);
#3751 = EDGE_CURVE('',#3752,#3744,#3754,.T.);
#3752 = VERTEX_POINT('',#3753);
#3753 = CARTESIAN_POINT('',(93.533687,-74.784546,1.51));
#3754 = LINE('',#3755,#3756);
#3755 = CARTESIAN_POINT('',(93.533687,-74.784546,1.51));
#3756 = VECTOR('',#3757,1.);
#3757 = DIRECTION('',(0.878456226645,0.477822831046,0.));
#3758 = ORIENTED_EDGE('',*,*,#3759,.F.);
#3759 = EDGE_CURVE('',#3760,#3752,#3762,.T.);
#3760 = VERTEX_POINT('',#3761);
#3761 = CARTESIAN_POINT('',(92.802377,-74.200923,1.51));
#3762 = LINE('',#3763,#3764);
#3763 = CARTESIAN_POINT('',(92.802377,-74.200923,1.51));
#3764 = VECTOR('',#3765,1.);
#3765 = DIRECTION('',(0.781611191267,-0.623765938222,0.));
#3766 = ORIENTED_EDGE('',*,*,#3767,.F.);
#3767 = EDGE_CURVE('',#3768,#3760,#3770,.T.);
#3768 = VERTEX_POINT('',#3769);
#3769 = CARTESIAN_POINT('',(92.830914,-74.135969,1.51));
#3770 = LINE('',#3771,#3772);
#3771 = CARTESIAN_POINT('',(92.830914,-74.135969,1.51));
#3772 = VECTOR('',#3773,1.);
#3773 = DIRECTION('',(-0.40223360235,-0.915537071418,0.));
#3774 = ORIENTED_EDGE('',*,*,#3775,.F.);
#3775 = EDGE_CURVE('',#3776,#3768,#3778,.T.);
#3776 = VERTEX_POINT('',#3777);
#3777 = CARTESIAN_POINT('',(92.880399,-73.919091,1.51));
#3778 = LINE('',#3779,#3780);
#3779 = CARTESIAN_POINT('',(92.880399,-73.919091,1.51));
#3780 = VECTOR('',#3781,1.);
#3781 = DIRECTION('',(-0.222452619431,-0.974943502008,0.));
#3782 = ORIENTED_EDGE('',*,*,#3783,.F.);
#3783 = EDGE_CURVE('',#3784,#3776,#3786,.T.);
#3784 = VERTEX_POINT('',#3785);
#3785 = CARTESIAN_POINT('',(92.880399,-72.513407,1.51));
#3786 = LINE('',#3787,#3788);
#3787 = CARTESIAN_POINT('',(92.880399,-72.513407,1.51));
#3788 = VECTOR('',#3789,1.);
#3789 = DIRECTION('',(0.,-1.,0.));
#3790 = ORIENTED_EDGE('',*,*,#3791,.F.);
#3791 = EDGE_CURVE('',#3792,#3784,#3794,.T.);
#3792 = VERTEX_POINT('',#3793);
#3793 = CARTESIAN_POINT('',(92.853851,-72.347795,1.51));
#3794 = LINE('',#3795,#3796);
#3795 = CARTESIAN_POINT('',(92.853851,-72.347795,1.51));
#3796 = VECTOR('',#3797,1.);
#3797 = DIRECTION('',(0.158281622922,-0.987394008411,0.));
#3798 = ORIENTED_EDGE('',*,*,#3799,.F.);
#3799 = EDGE_CURVE('',#3616,#3792,#3800,.T.);
#3800 = LINE('',#3801,#3802);
#3801 = CARTESIAN_POINT('',(92.830914,-72.296529,1.51));
#3802 = VECTOR('',#3803,1.);
#3803 = DIRECTION('',(0.408398855141,-0.912803579703,0.));
#3804 = FACE_BOUND('',#3805,.T.);
#3805 = EDGE_LOOP('',(#3806,#3816,#3824,#3832,#3840,#3848,#3856,#3864,
    #3872,#3880,#3888,#3896,#3904,#3912,#3920,#3928,#3936,#3944,#3952,
    #3960,#3968,#3976,#3984,#3992));
#3806 = ORIENTED_EDGE('',*,*,#3807,.F.);
#3807 = EDGE_CURVE('',#3808,#3810,#3812,.T.);
#3808 = VERTEX_POINT('',#3809);
#3809 = CARTESIAN_POINT('',(93.471216,-64.464292,1.51));
#3810 = VERTEX_POINT('',#3811);
#3811 = CARTESIAN_POINT('',(92.830914,-65.146529,1.51));
#3812 = LINE('',#3813,#3814);
#3813 = CARTESIAN_POINT('',(93.471216,-64.464292,1.51));
#3814 = VECTOR('',#3815,1.);
#3815 = DIRECTION('',(-0.684341944741,-0.729161232285,0.));
#3816 = ORIENTED_EDGE('',*,*,#3817,.F.);
#3817 = EDGE_CURVE('',#3818,#3808,#3820,.T.);
#3818 = VERTEX_POINT('',#3819);
#3819 = CARTESIAN_POINT('',(93.533687,-64.49795,1.51));
#3820 = LINE('',#3821,#3822);
#3821 = CARTESIAN_POINT('',(93.533687,-64.49795,1.51));
#3822 = VECTOR('',#3823,1.);
#3823 = DIRECTION('',(-0.880354780336,0.474315781668,0.));
#3824 = ORIENTED_EDGE('',*,*,#3825,.F.);
#3825 = EDGE_CURVE('',#3826,#3818,#3828,.T.);
#3826 = VERTEX_POINT('',#3827);
#3827 = CARTESIAN_POINT('',(93.785946,-64.56625,1.51));
#3828 = LINE('',#3829,#3830);
#3829 = CARTESIAN_POINT('',(93.785946,-64.56625,1.51));
#3830 = VECTOR('',#3831,1.);
#3831 = DIRECTION('',(-0.965245820026,0.261343656749,0.));
#3832 = ORIENTED_EDGE('',*,*,#3833,.F.);
#3833 = EDGE_CURVE('',#3834,#3826,#3836,.T.);
#3834 = VERTEX_POINT('',#3835);
#3835 = CARTESIAN_POINT('',(95.374851,-64.56625,1.51));
#3836 = LINE('',#3837,#3838);
#3837 = CARTESIAN_POINT('',(95.374851,-64.56625,1.51));
#3838 = VECTOR('',#3839,1.);
#3839 = DIRECTION('',(-1.,0.,0.));
#3840 = ORIENTED_EDGE('',*,*,#3841,.F.);
#3841 = EDGE_CURVE('',#3842,#3834,#3844,.T.);
#3842 = VERTEX_POINT('',#3843);
#3843 = CARTESIAN_POINT('',(95.568909,-64.529608,1.51));
#3844 = LINE('',#3845,#3846);
#3845 = CARTESIAN_POINT('',(95.568909,-64.529608,1.51));
#3846 = VECTOR('',#3847,1.);
#3847 = DIRECTION('',(-0.982636474538,-0.185541259314,0.));
#3848 = ORIENTED_EDGE('',*,*,#3849,.F.);
#3849 = EDGE_CURVE('',#3850,#3842,#3852,.T.);
#3850 = VERTEX_POINT('',#3851);
#3851 = CARTESIAN_POINT('',(95.627109,-64.497951,1.51));
#3852 = LINE('',#3853,#3854);
#3853 = CARTESIAN_POINT('',(95.627109,-64.497951,1.51));
#3854 = VECTOR('',#3855,1.);
#3855 = DIRECTION('',(-0.878456226645,-0.477822831046,0.));
#3856 = ORIENTED_EDGE('',*,*,#3857,.F.);
#3857 = EDGE_CURVE('',#3858,#3850,#3860,.T.);
#3858 = VERTEX_POINT('',#3859);
#3859 = CARTESIAN_POINT('',(96.358419,-65.081576,1.51));
#3860 = LINE('',#3861,#3862);
#3861 = CARTESIAN_POINT('',(96.358419,-65.081576,1.51));
#3862 = VECTOR('',#3863,1.);
#3863 = DIRECTION('',(-0.781610149114,0.623767244092,0.));
#3864 = ORIENTED_EDGE('',*,*,#3865,.F.);
#3865 = EDGE_CURVE('',#3866,#3858,#3868,.T.);
#3866 = VERTEX_POINT('',#3867);
#3867 = CARTESIAN_POINT('',(96.329882,-65.146529,1.51));
#3868 = LINE('',#3869,#3870);
#3869 = CARTESIAN_POINT('',(96.329882,-65.146529,1.51));
#3870 = VECTOR('',#3871,1.);
#3871 = DIRECTION('',(0.402238793091,0.915534790891,0.));
#3872 = ORIENTED_EDGE('',*,*,#3873,.F.);
#3873 = EDGE_CURVE('',#3874,#3866,#3876,.T.);
#3874 = VERTEX_POINT('',#3875);
#3875 = CARTESIAN_POINT('',(96.280397,-65.363407,1.51));
#3876 = LINE('',#3877,#3878);
#3877 = CARTESIAN_POINT('',(96.280397,-65.363407,1.51));
#3878 = VECTOR('',#3879,1.);
#3879 = DIRECTION('',(0.222452619431,0.974943502008,0.));
#3880 = ORIENTED_EDGE('',*,*,#3881,.F.);
#3881 = EDGE_CURVE('',#3882,#3874,#3884,.T.);
#3882 = VERTEX_POINT('',#3883);
#3883 = CARTESIAN_POINT('',(96.280397,-66.769091,1.51));
#3884 = LINE('',#3885,#3886);
#3885 = CARTESIAN_POINT('',(96.280397,-66.769091,1.51));
#3886 = VECTOR('',#3887,1.);
#3887 = DIRECTION('',(0.,1.,0.));
#3888 = ORIENTED_EDGE('',*,*,#3889,.F.);
#3889 = EDGE_CURVE('',#3890,#3882,#3892,.T.);
#3890 = VERTEX_POINT('',#3891);
#3891 = CARTESIAN_POINT('',(96.306946,-66.934702,1.51));
#3892 = LINE('',#3893,#3894);
#3893 = CARTESIAN_POINT('',(96.306946,-66.934702,1.51));
#3894 = VECTOR('',#3895,1.);
#3895 = DIRECTION('',(-0.158288367468,0.98739292722,0.));
#3896 = ORIENTED_EDGE('',*,*,#3897,.F.);
#3897 = EDGE_CURVE('',#3898,#3890,#3900,.T.);
#3898 = VERTEX_POINT('',#3899);
#3899 = CARTESIAN_POINT('',(96.329882,-66.985968,1.51));
#3900 = LINE('',#3901,#3902);
#3901 = CARTESIAN_POINT('',(96.329882,-66.985968,1.51));
#3902 = VECTOR('',#3903,1.);
#3903 = DIRECTION('',(-0.408384019466,0.912810217211,0.));
#3904 = ORIENTED_EDGE('',*,*,#3905,.F.);
#3905 = EDGE_CURVE('',#3906,#3898,#3908,.T.);
#3906 = VERTEX_POINT('',#3907);
#3907 = CARTESIAN_POINT('',(95.68958,-67.668207,1.51));
#3908 = LINE('',#3909,#3910);
#3909 = CARTESIAN_POINT('',(95.68958,-67.668207,1.51));
#3910 = VECTOR('',#3911,1.);
#3911 = DIRECTION('',(0.684340878109,0.729162233353,0.));
#3912 = ORIENTED_EDGE('',*,*,#3913,.F.);
#3913 = EDGE_CURVE('',#3914,#3906,#3916,.T.);
#3914 = VERTEX_POINT('',#3915);
#3915 = CARTESIAN_POINT('',(95.627109,-67.634548,1.51));
#3916 = LINE('',#3917,#3918);
#3917 = CARTESIAN_POINT('',(95.627109,-67.634548,1.51));
#3918 = VECTOR('',#3919,1.);
#3919 = DIRECTION('',(0.880348895876,-0.474326703371,0.));
#3920 = ORIENTED_EDGE('',*,*,#3921,.F.);
#3921 = EDGE_CURVE('',#3922,#3914,#3924,.T.);
#3922 = VERTEX_POINT('',#3923);
#3923 = CARTESIAN_POINT('',(95.37485,-67.566249,1.51));
#3924 = LINE('',#3925,#3926);
#3925 = CARTESIAN_POINT('',(95.37485,-67.566249,1.51));
#3926 = VECTOR('',#3927,1.);
#3927 = DIRECTION('',(0.965246785273,-0.261340091681,0.));
#3928 = ORIENTED_EDGE('',*,*,#3929,.F.);
#3929 = EDGE_CURVE('',#3930,#3922,#3932,.T.);
#3930 = VERTEX_POINT('',#3931);
#3931 = CARTESIAN_POINT('',(93.785946,-67.566249,1.51));
#3932 = LINE('',#3933,#3934);
#3933 = CARTESIAN_POINT('',(93.785946,-67.566249,1.51));
#3934 = VECTOR('',#3935,1.);
#3935 = DIRECTION('',(1.,0.,0.));
#3936 = ORIENTED_EDGE('',*,*,#3937,.F.);
#3937 = EDGE_CURVE('',#3938,#3930,#3940,.T.);
#3938 = VERTEX_POINT('',#3939);
#3939 = CARTESIAN_POINT('',(93.591887,-67.602889,1.51));
#3940 = LINE('',#3941,#3942);
#3941 = CARTESIAN_POINT('',(93.591887,-67.602889,1.51));
#3942 = VECTOR('',#3943,1.);
#3943 = DIRECTION('',(0.982638495187,0.18553055753,0.));
#3944 = ORIENTED_EDGE('',*,*,#3945,.F.);
#3945 = EDGE_CURVE('',#3946,#3938,#3948,.T.);
#3946 = VERTEX_POINT('',#3947);
#3947 = CARTESIAN_POINT('',(93.533687,-67.634546,1.51));
#3948 = LINE('',#3949,#3950);
#3949 = CARTESIAN_POINT('',(93.533687,-67.634546,1.51));
#3950 = VECTOR('',#3951,1.);
#3951 = DIRECTION('',(0.878456226645,0.477822831046,0.));
#3952 = ORIENTED_EDGE('',*,*,#3953,.F.);
#3953 = EDGE_CURVE('',#3954,#3946,#3956,.T.);
#3954 = VERTEX_POINT('',#3955);
#3955 = CARTESIAN_POINT('',(92.802377,-67.050923,1.51));
#3956 = LINE('',#3957,#3958);
#3957 = CARTESIAN_POINT('',(92.802377,-67.050923,1.51));
#3958 = VECTOR('',#3959,1.);
#3959 = DIRECTION('',(0.781611191267,-0.623765938222,0.));
#3960 = ORIENTED_EDGE('',*,*,#3961,.F.);
#3961 = EDGE_CURVE('',#3962,#3954,#3964,.T.);
#3962 = VERTEX_POINT('',#3963);
#3963 = CARTESIAN_POINT('',(92.830914,-66.985969,1.51));
#3964 = LINE('',#3965,#3966);
#3965 = CARTESIAN_POINT('',(92.830914,-66.985969,1.51));
#3966 = VECTOR('',#3967,1.);
#3967 = DIRECTION('',(-0.40223360235,-0.915537071418,0.));
#3968 = ORIENTED_EDGE('',*,*,#3969,.F.);
#3969 = EDGE_CURVE('',#3970,#3962,#3972,.T.);
#3970 = VERTEX_POINT('',#3971);
#3971 = CARTESIAN_POINT('',(92.880399,-66.769091,1.51));
#3972 = LINE('',#3973,#3974);
#3973 = CARTESIAN_POINT('',(92.880399,-66.769091,1.51));
#3974 = VECTOR('',#3975,1.);
#3975 = DIRECTION('',(-0.222452619431,-0.974943502008,0.));
#3976 = ORIENTED_EDGE('',*,*,#3977,.F.);
#3977 = EDGE_CURVE('',#3978,#3970,#3980,.T.);
#3978 = VERTEX_POINT('',#3979);
#3979 = CARTESIAN_POINT('',(92.880399,-65.363407,1.51));
#3980 = LINE('',#3981,#3982);
#3981 = CARTESIAN_POINT('',(92.880399,-65.363407,1.51));
#3982 = VECTOR('',#3983,1.);
#3983 = DIRECTION('',(0.,-1.,0.));
#3984 = ORIENTED_EDGE('',*,*,#3985,.F.);
#3985 = EDGE_CURVE('',#3986,#3978,#3988,.T.);
#3986 = VERTEX_POINT('',#3987);
#3987 = CARTESIAN_POINT('',(92.853851,-65.197795,1.51));
#3988 = LINE('',#3989,#3990);
#3989 = CARTESIAN_POINT('',(92.853851,-65.197795,1.51));
#3990 = VECTOR('',#3991,1.);
#3991 = DIRECTION('',(0.158281622922,-0.987394008411,0.));
#3992 = ORIENTED_EDGE('',*,*,#3993,.F.);
#3993 = EDGE_CURVE('',#3810,#3986,#3994,.T.);
#3994 = LINE('',#3995,#3996);
#3995 = CARTESIAN_POINT('',(92.830914,-65.146529,1.51));
#3996 = VECTOR('',#3997,1.);
#3997 = DIRECTION('',(0.408398855141,-0.912803579703,0.));
#3998 = FACE_BOUND('',#3999,.T.);
#3999 = EDGE_LOOP('',(#4000));
#4000 = ORIENTED_EDGE('',*,*,#4001,.T.);
#4001 = EDGE_CURVE('',#4002,#4002,#4004,.T.);
#4002 = VERTEX_POINT('',#4003);
#4003 = CARTESIAN_POINT('',(103.410398,-99.898749,1.51));
#4004 = CIRCLE('',#4005,0.85);
#4005 = AXIS2_PLACEMENT_3D('',#4006,#4007,#4008);
#4006 = CARTESIAN_POINT('',(103.410398,-99.048749,1.51));
#4007 = DIRECTION('',(-0.,0.,-1.));
#4008 = DIRECTION('',(-0.,-1.,0.));
#4009 = FACE_BOUND('',#4010,.T.);
#4010 = EDGE_LOOP('',(#4011));
#4011 = ORIENTED_EDGE('',*,*,#4012,.T.);
#4012 = EDGE_CURVE('',#4013,#4013,#4015,.T.);
#4013 = VERTEX_POINT('',#4014);
#4014 = CARTESIAN_POINT('',(108.490398,-101.048749,1.51));
#4015 = CIRCLE('',#4016,2.);
#4016 = AXIS2_PLACEMENT_3D('',#4017,#4018,#4019);
#4017 = CARTESIAN_POINT('',(108.490398,-99.048749,1.51));
#4018 = DIRECTION('',(-0.,0.,-1.));
#4019 = DIRECTION('',(-0.,-1.,0.));
#4020 = FACE_BOUND('',#4021,.T.);
#4021 = EDGE_LOOP('',(#4022));
#4022 = ORIENTED_EDGE('',*,*,#4023,.T.);
#4023 = EDGE_CURVE('',#4024,#4024,#4026,.T.);
#4024 = VERTEX_POINT('',#4025);
#4025 = CARTESIAN_POINT('',(104.680398,-97.258749,1.51));
#4026 = CIRCLE('',#4027,0.75);
#4027 = AXIS2_PLACEMENT_3D('',#4028,#4029,#4030);
#4028 = CARTESIAN_POINT('',(104.680398,-96.508749,1.51));
#4029 = DIRECTION('',(-0.,0.,-1.));
#4030 = DIRECTION('',(-0.,-1.,0.));
#4031 = FACE_BOUND('',#4032,.T.);
#4032 = EDGE_LOOP('',(#4033));
#4033 = ORIENTED_EDGE('',*,*,#4034,.T.);
#4034 = EDGE_CURVE('',#4035,#4035,#4037,.T.);
#4035 = VERTEX_POINT('',#4036);
#4036 = CARTESIAN_POINT('',(113.570398,-99.898749,1.51));
#4037 = CIRCLE('',#4038,0.85);
#4038 = AXIS2_PLACEMENT_3D('',#4039,#4040,#4041);
#4039 = CARTESIAN_POINT('',(113.570398,-99.048749,1.51));
#4040 = DIRECTION('',(-0.,0.,-1.));
#4041 = DIRECTION('',(-1.671865260612E-14,-1.,0.));
#4042 = FACE_BOUND('',#4043,.T.);
#4043 = EDGE_LOOP('',(#4044));
#4044 = ORIENTED_EDGE('',*,*,#4045,.T.);
#4045 = EDGE_CURVE('',#4046,#4046,#4048,.T.);
#4046 = VERTEX_POINT('',#4047);
#4047 = CARTESIAN_POINT('',(118.174148,-102.941249,1.51));
#4048 = CIRCLE('',#4049,0.4);
#4049 = AXIS2_PLACEMENT_3D('',#4050,#4051,#4052);
#4050 = CARTESIAN_POINT('',(118.174148,-102.541249,1.51));
#4051 = DIRECTION('',(-0.,0.,-1.));
#4052 = DIRECTION('',(-0.,-1.,0.));
#4053 = FACE_BOUND('',#4054,.T.);
#4054 = EDGE_LOOP('',(#4055));
#4055 = ORIENTED_EDGE('',*,*,#4056,.T.);
#4056 = EDGE_CURVE('',#4057,#4057,#4059,.T.);
#4057 = VERTEX_POINT('',#4058);
#4058 = CARTESIAN_POINT('',(111.030398,-94.718749,1.51));
#4059 = CIRCLE('',#4060,0.75);
#4060 = AXIS2_PLACEMENT_3D('',#4061,#4062,#4063);
#4061 = CARTESIAN_POINT('',(111.030398,-93.968749,1.51));
#4062 = DIRECTION('',(-0.,0.,-1.));
#4063 = DIRECTION('',(-0.,-1.,0.));
#4064 = FACE_BOUND('',#4065,.T.);
#4065 = EDGE_LOOP('',(#4066));
#4066 = ORIENTED_EDGE('',*,*,#4067,.T.);
#4067 = EDGE_CURVE('',#4068,#4068,#4070,.T.);
#4068 = VERTEX_POINT('',#4069);
#4069 = CARTESIAN_POINT('',(118.174148,-95.321249,1.51));
#4070 = CIRCLE('',#4071,0.4);
#4071 = AXIS2_PLACEMENT_3D('',#4072,#4073,#4074);
#4072 = CARTESIAN_POINT('',(118.174148,-94.921249,1.51));
#4073 = DIRECTION('',(-0.,0.,-1.));
#4074 = DIRECTION('',(-0.,-1.,0.));
#4075 = FACE_BOUND('',#4076,.T.);
#4076 = EDGE_LOOP('',(#4077));
#4077 = ORIENTED_EDGE('',*,*,#4078,.T.);
#4078 = EDGE_CURVE('',#4079,#4079,#4081,.T.);
#4079 = VERTEX_POINT('',#4080);
#4080 = CARTESIAN_POINT('',(122.460398,-99.898749,1.51));
#4081 = CIRCLE('',#4082,0.85);
#4082 = AXIS2_PLACEMENT_3D('',#4083,#4084,#4085);
#4083 = CARTESIAN_POINT('',(122.460398,-99.048749,1.51));
#4084 = DIRECTION('',(-0.,0.,-1.));
#4085 = DIRECTION('',(-0.,-1.,0.));
#4086 = FACE_BOUND('',#4087,.T.);
#4087 = EDGE_LOOP('',(#4088));
#4088 = ORIENTED_EDGE('',*,*,#4089,.T.);
#4089 = EDGE_CURVE('',#4090,#4090,#4092,.T.);
#4090 = VERTEX_POINT('',#4091);
#4091 = CARTESIAN_POINT('',(127.540398,-101.048749,1.51));
#4092 = CIRCLE('',#4093,2.);
#4093 = AXIS2_PLACEMENT_3D('',#4094,#4095,#4096);
#4094 = CARTESIAN_POINT('',(127.540398,-99.048749,1.51));
#4095 = DIRECTION('',(-0.,0.,-1.));
#4096 = DIRECTION('',(-7.105427357601E-15,-1.,0.));
#4097 = FACE_BOUND('',#4098,.T.);
#4098 = EDGE_LOOP('',(#4099));
#4099 = ORIENTED_EDGE('',*,*,#4100,.T.);
#4100 = EDGE_CURVE('',#4101,#4101,#4103,.T.);
#4101 = VERTEX_POINT('',#4102);
#4102 = CARTESIAN_POINT('',(123.730398,-97.258749,1.51));
#4103 = CIRCLE('',#4104,0.75);
#4104 = AXIS2_PLACEMENT_3D('',#4105,#4106,#4107);
#4105 = CARTESIAN_POINT('',(123.730398,-96.508749,1.51));
#4106 = DIRECTION('',(-0.,0.,-1.));
#4107 = DIRECTION('',(-0.,-1.,0.));
#4108 = FACE_BOUND('',#4109,.T.);
#4109 = EDGE_LOOP('',(#4110));
#4110 = ORIENTED_EDGE('',*,*,#4111,.T.);
#4111 = EDGE_CURVE('',#4112,#4112,#4114,.T.);
#4112 = VERTEX_POINT('',#4113);
#4113 = CARTESIAN_POINT('',(132.620398,-99.898749,1.51));
#4114 = CIRCLE('',#4115,0.85);
#4115 = AXIS2_PLACEMENT_3D('',#4116,#4117,#4118);
#4116 = CARTESIAN_POINT('',(132.620398,-99.048749,1.51));
#4117 = DIRECTION('',(-0.,0.,-1.));
#4118 = DIRECTION('',(-0.,-1.,0.));
#4119 = FACE_BOUND('',#4120,.T.);
#4120 = EDGE_LOOP('',(#4121));
#4121 = ORIENTED_EDGE('',*,*,#4122,.T.);
#4122 = EDGE_CURVE('',#4123,#4123,#4125,.T.);
#4123 = VERTEX_POINT('',#4124);
#4124 = CARTESIAN_POINT('',(137.224148,-102.941249,1.51));
#4125 = CIRCLE('',#4126,0.4);
#4126 = AXIS2_PLACEMENT_3D('',#4127,#4128,#4129);
#4127 = CARTESIAN_POINT('',(137.224148,-102.541249,1.51));
#4128 = DIRECTION('',(-0.,0.,-1.));
#4129 = DIRECTION('',(-0.,-1.,0.));
#4130 = FACE_BOUND('',#4131,.T.);
#4131 = EDGE_LOOP('',(#4132));
#4132 = ORIENTED_EDGE('',*,*,#4133,.T.);
#4133 = EDGE_CURVE('',#4134,#4134,#4136,.T.);
#4134 = VERTEX_POINT('',#4135);
#4135 = CARTESIAN_POINT('',(130.080398,-94.718749,1.51));
#4136 = CIRCLE('',#4137,0.75);
#4137 = AXIS2_PLACEMENT_3D('',#4138,#4139,#4140);
#4138 = CARTESIAN_POINT('',(130.080398,-93.968749,1.51));
#4139 = DIRECTION('',(-0.,0.,-1.));
#4140 = DIRECTION('',(-0.,-1.,0.));
#4141 = FACE_BOUND('',#4142,.T.);
#4142 = EDGE_LOOP('',(#4143));
#4143 = ORIENTED_EDGE('',*,*,#4144,.T.);
#4144 = EDGE_CURVE('',#4145,#4145,#4147,.T.);
#4145 = VERTEX_POINT('',#4146);
#4146 = CARTESIAN_POINT('',(137.224148,-95.321249,1.51));
#4147 = CIRCLE('',#4148,0.4);
#4148 = AXIS2_PLACEMENT_3D('',#4149,#4150,#4151);
#4149 = CARTESIAN_POINT('',(137.224148,-94.921249,1.51));
#4150 = DIRECTION('',(-0.,0.,-1.));
#4151 = DIRECTION('',(-0.,-1.,0.));
#4152 = FACE_BOUND('',#4153,.T.);
#4153 = EDGE_LOOP('',(#4154));
#4154 = ORIENTED_EDGE('',*,*,#4155,.T.);
#4155 = EDGE_CURVE('',#4156,#4156,#4158,.T.);
#4156 = VERTEX_POINT('',#4157);
#4157 = CARTESIAN_POINT('',(117.697898,-79.649499,1.51));
#4158 = CIRCLE('',#4159,0.4445);
#4159 = AXIS2_PLACEMENT_3D('',#4160,#4161,#4162);
#4160 = CARTESIAN_POINT('',(117.697898,-79.204999,1.51));
#4161 = DIRECTION('',(-0.,0.,-1.));
#4162 = DIRECTION('',(-3.197042680585E-14,-1.,0.));
#4163 = FACE_BOUND('',#4164,.T.);
#4164 = EDGE_LOOP('',(#4165));
#4165 = ORIENTED_EDGE('',*,*,#4166,.T.);
#4166 = EDGE_CURVE('',#4167,#4167,#4169,.T.);
#4167 = VERTEX_POINT('',#4168);
#4168 = CARTESIAN_POINT('',(117.697898,-77.109499,1.51));
#4169 = CIRCLE('',#4170,0.4445);
#4170 = AXIS2_PLACEMENT_3D('',#4171,#4172,#4173);
#4171 = CARTESIAN_POINT('',(117.697898,-76.664999,1.51));
#4172 = DIRECTION('',(-0.,0.,-1.));
#4173 = DIRECTION('',(-3.197042680585E-14,-1.,0.));
#4174 = FACE_BOUND('',#4175,.T.);
#4175 = EDGE_LOOP('',(#4176));
#4176 = ORIENTED_EDGE('',*,*,#4177,.T.);
#4177 = EDGE_CURVE('',#4178,#4178,#4180,.T.);
#4178 = VERTEX_POINT('',#4179);
#4179 = CARTESIAN_POINT('',(117.697898,-74.569499,1.51));
#4180 = CIRCLE('',#4181,0.4445);
#4181 = AXIS2_PLACEMENT_3D('',#4182,#4183,#4184);
#4182 = CARTESIAN_POINT('',(117.697898,-74.124999,1.51));
#4183 = DIRECTION('',(-0.,0.,-1.));
#4184 = DIRECTION('',(-3.197042680586E-14,-1.,0.));
#4185 = FACE_BOUND('',#4186,.T.);
#4186 = EDGE_LOOP('',(#4187));
#4187 = ORIENTED_EDGE('',*,*,#4188,.T.);
#4188 = EDGE_CURVE('',#4189,#4189,#4191,.T.);
#4189 = VERTEX_POINT('',#4190);
#4190 = CARTESIAN_POINT('',(117.697898,-72.029499,1.51));
#4191 = CIRCLE('',#4192,0.4445);
#4192 = AXIS2_PLACEMENT_3D('',#4193,#4194,#4195);
#4193 = CARTESIAN_POINT('',(117.697898,-71.584999,1.51));
#4194 = DIRECTION('',(-0.,0.,-1.));
#4195 = DIRECTION('',(-3.197042680585E-14,-1.,0.));
#4196 = FACE_BOUND('',#4197,.T.);
#4197 = EDGE_LOOP('',(#4198));
#4198 = ORIENTED_EDGE('',*,*,#4199,.T.);
#4199 = EDGE_CURVE('',#4200,#4200,#4202,.T.);
#4200 = VERTEX_POINT('',#4201);
#4201 = CARTESIAN_POINT('',(117.697898,-69.489499,1.51));
#4202 = CIRCLE('',#4203,0.4445);
#4203 = AXIS2_PLACEMENT_3D('',#4204,#4205,#4206);
#4204 = CARTESIAN_POINT('',(117.697898,-69.044999,1.51));
#4205 = DIRECTION('',(-0.,0.,-1.));
#4206 = DIRECTION('',(-3.197042680585E-14,-1.,0.));
#4207 = FACE_BOUND('',#4208,.T.);
#4208 = EDGE_LOOP('',(#4209));
#4209 = ORIENTED_EDGE('',*,*,#4210,.T.);
#4210 = EDGE_CURVE('',#4211,#4211,#4213,.T.);
#4211 = VERTEX_POINT('',#4212);
#4212 = CARTESIAN_POINT('',(117.697898,-66.949499,1.51));
#4213 = CIRCLE('',#4214,0.4445);
#4214 = AXIS2_PLACEMENT_3D('',#4215,#4216,#4217);
#4215 = CARTESIAN_POINT('',(117.697898,-66.504999,1.51));
#4216 = DIRECTION('',(-0.,0.,-1.));
#4217 = DIRECTION('',(-3.197042680585E-14,-1.,0.));
#4218 = FACE_BOUND('',#4219,.T.);
#4219 = EDGE_LOOP('',(#4220));
#4220 = ORIENTED_EDGE('',*,*,#4221,.T.);
#4221 = EDGE_CURVE('',#4222,#4222,#4224,.T.);
#4222 = VERTEX_POINT('',#4223);
#4223 = CARTESIAN_POINT('',(117.697898,-64.409499,1.51));
#4224 = CIRCLE('',#4225,0.4445);
#4225 = AXIS2_PLACEMENT_3D('',#4226,#4227,#4228);
#4226 = CARTESIAN_POINT('',(117.697898,-63.964999,1.51));
#4227 = DIRECTION('',(-0.,0.,-1.));
#4228 = DIRECTION('',(-3.197042680585E-14,-1.,0.));
#4229 = FACE_BOUND('',#4230,.T.);
#4230 = EDGE_LOOP('',(#4231));
#4231 = ORIENTED_EDGE('',*,*,#4232,.T.);
#4232 = EDGE_CURVE('',#4233,#4233,#4235,.T.);
#4233 = VERTEX_POINT('',#4234);
#4234 = CARTESIAN_POINT('',(132.937898,-79.649499,1.51));
#4235 = CIRCLE('',#4236,0.4445);
#4236 = AXIS2_PLACEMENT_3D('',#4237,#4238,#4239);
#4237 = CARTESIAN_POINT('',(132.937898,-79.204999,1.51));
#4238 = DIRECTION('',(-0.,0.,-1.));
#4239 = DIRECTION('',(-6.394085361171E-14,-1.,0.));
#4240 = FACE_BOUND('',#4241,.T.);
#4241 = EDGE_LOOP('',(#4242));
#4242 = ORIENTED_EDGE('',*,*,#4243,.T.);
#4243 = EDGE_CURVE('',#4244,#4244,#4246,.T.);
#4244 = VERTEX_POINT('',#4245);
#4245 = CARTESIAN_POINT('',(132.937898,-77.109499,1.51));
#4246 = CIRCLE('',#4247,0.4445);
#4247 = AXIS2_PLACEMENT_3D('',#4248,#4249,#4250);
#4248 = CARTESIAN_POINT('',(132.937898,-76.664999,1.51));
#4249 = DIRECTION('',(-0.,0.,-1.));
#4250 = DIRECTION('',(-6.394085361171E-14,-1.,0.));
#4251 = FACE_BOUND('',#4252,.T.);
#4252 = EDGE_LOOP('',(#4253));
#4253 = ORIENTED_EDGE('',*,*,#4254,.T.);
#4254 = EDGE_CURVE('',#4255,#4255,#4257,.T.);
#4255 = VERTEX_POINT('',#4256);
#4256 = CARTESIAN_POINT('',(132.937898,-74.569499,1.51));
#4257 = CIRCLE('',#4258,0.4445);
#4258 = AXIS2_PLACEMENT_3D('',#4259,#4260,#4261);
#4259 = CARTESIAN_POINT('',(132.937898,-74.124999,1.51));
#4260 = DIRECTION('',(-0.,0.,-1.));
#4261 = DIRECTION('',(-6.394085361171E-14,-1.,0.));
#4262 = FACE_BOUND('',#4263,.T.);
#4263 = EDGE_LOOP('',(#4264));
#4264 = ORIENTED_EDGE('',*,*,#4265,.T.);
#4265 = EDGE_CURVE('',#4266,#4266,#4268,.T.);
#4266 = VERTEX_POINT('',#4267);
#4267 = CARTESIAN_POINT('',(132.937898,-72.029499,1.51));
#4268 = CIRCLE('',#4269,0.4445);
#4269 = AXIS2_PLACEMENT_3D('',#4270,#4271,#4272);
#4270 = CARTESIAN_POINT('',(132.937898,-71.584999,1.51));
#4271 = DIRECTION('',(-0.,0.,-1.));
#4272 = DIRECTION('',(-6.394085361171E-14,-1.,0.));
#4273 = FACE_BOUND('',#4274,.T.);
#4274 = EDGE_LOOP('',(#4275));
#4275 = ORIENTED_EDGE('',*,*,#4276,.T.);
#4276 = EDGE_CURVE('',#4277,#4277,#4279,.T.);
#4277 = VERTEX_POINT('',#4278);
#4278 = CARTESIAN_POINT('',(132.937898,-69.489499,1.51));
#4279 = CIRCLE('',#4280,0.4445);
#4280 = AXIS2_PLACEMENT_3D('',#4281,#4282,#4283);
#4281 = CARTESIAN_POINT('',(132.937898,-69.044999,1.51));
#4282 = DIRECTION('',(-0.,0.,-1.));
#4283 = DIRECTION('',(-6.394085361171E-14,-1.,0.));
#4284 = FACE_BOUND('',#4285,.T.);
#4285 = EDGE_LOOP('',(#4286));
#4286 = ORIENTED_EDGE('',*,*,#4287,.T.);
#4287 = EDGE_CURVE('',#4288,#4288,#4290,.T.);
#4288 = VERTEX_POINT('',#4289);
#4289 = CARTESIAN_POINT('',(132.937898,-66.949499,1.51));
#4290 = CIRCLE('',#4291,0.4445);
#4291 = AXIS2_PLACEMENT_3D('',#4292,#4293,#4294);
#4292 = CARTESIAN_POINT('',(132.937898,-66.504999,1.51));
#4293 = DIRECTION('',(-0.,0.,-1.));
#4294 = DIRECTION('',(-6.394085361171E-14,-1.,0.));
#4295 = FACE_BOUND('',#4296,.T.);
#4296 = EDGE_LOOP('',(#4297));
#4297 = ORIENTED_EDGE('',*,*,#4298,.T.);
#4298 = EDGE_CURVE('',#4299,#4299,#4301,.T.);
#4299 = VERTEX_POINT('',#4300);
#4300 = CARTESIAN_POINT('',(132.937898,-64.409499,1.51));
#4301 = CIRCLE('',#4302,0.4445);
#4302 = AXIS2_PLACEMENT_3D('',#4303,#4304,#4305);
#4303 = CARTESIAN_POINT('',(132.937898,-63.964999,1.51));
#4304 = DIRECTION('',(-0.,0.,-1.));
#4305 = DIRECTION('',(-6.394085361171E-14,-1.,0.));
#4306 = PLANE('',#4307);
#4307 = AXIS2_PLACEMENT_3D('',#4308,#4309,#4310);
#4308 = CARTESIAN_POINT('',(0.,0.,1.51));
#4309 = DIRECTION('',(0.,0.,1.));
#4310 = DIRECTION('',(1.,0.,-0.));
#4311 = ADVANCED_FACE('',(#4312),#4318,.T.);
#4312 = FACE_BOUND('',#4313,.T.);
#4313 = EDGE_LOOP('',(#4314,#4315,#4316,#4317));
#4314 = ORIENTED_EDGE('',*,*,#591,.T.);
#4315 = ORIENTED_EDGE('',*,*,#2466,.T.);
#4316 = ORIENTED_EDGE('',*,*,#551,.F.);
#4317 = ORIENTED_EDGE('',*,*,#615,.F.);
#4318 = PLANE('',#4319);
#4319 = AXIS2_PLACEMENT_3D('',#4320,#4321,#4322);
#4320 = CARTESIAN_POINT('',(58.580398,-61.116249,0.));
#4321 = DIRECTION('',(0.,1.,0.));
#4322 = DIRECTION('',(1.,0.,0.));
#4323 = ADVANCED_FACE('',(#4324),#4335,.F.);
#4324 = FACE_BOUND('',#4325,.T.);
#4325 = EDGE_LOOP('',(#4326,#4327,#4333,#4334));
#4326 = ORIENTED_EDGE('',*,*,#624,.T.);
#4327 = ORIENTED_EDGE('',*,*,#4328,.T.);
#4328 = EDGE_CURVE('',#625,#2476,#4329,.T.);
#4329 = LINE('',#4330,#4331);
#4330 = CARTESIAN_POINT('',(65.310398,-137.998749,-4.6E-02));
#4331 = VECTOR('',#4332,1.);
#4332 = DIRECTION('',(0.,0.,1.));
#4333 = ORIENTED_EDGE('',*,*,#2475,.F.);
#4334 = ORIENTED_EDGE('',*,*,#4328,.F.);
#4335 = CYLINDRICAL_SURFACE('',#4336,0.85);
#4336 = AXIS2_PLACEMENT_3D('',#4337,#4338,#4339);
#4337 = CARTESIAN_POINT('',(65.310398,-137.148749,-4.6E-02));
#4338 = DIRECTION('',(-0.,0.,-1.));
#4339 = DIRECTION('',(1.671865260612E-14,-1.,-0.));
#4340 = ADVANCED_FACE('',(#4341),#4352,.F.);
#4341 = FACE_BOUND('',#4342,.T.);
#4342 = EDGE_LOOP('',(#4343,#4344,#4350,#4351));
#4343 = ORIENTED_EDGE('',*,*,#635,.T.);
#4344 = ORIENTED_EDGE('',*,*,#4345,.T.);
#4345 = EDGE_CURVE('',#636,#2487,#4346,.T.);
#4346 = LINE('',#4347,#4348);
#4347 = CARTESIAN_POINT('',(70.390398,-139.148749,-4.6E-02));
#4348 = VECTOR('',#4349,1.);
#4349 = DIRECTION('',(0.,0.,1.));
#4350 = ORIENTED_EDGE('',*,*,#2486,.F.);
#4351 = ORIENTED_EDGE('',*,*,#4345,.F.);
#4352 = CYLINDRICAL_SURFACE('',#4353,2.);
#4353 = AXIS2_PLACEMENT_3D('',#4354,#4355,#4356);
#4354 = CARTESIAN_POINT('',(70.390398,-137.148749,-4.6E-02));
#4355 = DIRECTION('',(-0.,-0.,-1.));
#4356 = DIRECTION('',(-0.,-1.,0.));
#4357 = ADVANCED_FACE('',(#4358),#4369,.F.);
#4358 = FACE_BOUND('',#4359,.T.);
#4359 = EDGE_LOOP('',(#4360,#4361,#4367,#4368));
#4360 = ORIENTED_EDGE('',*,*,#646,.T.);
#4361 = ORIENTED_EDGE('',*,*,#4362,.T.);
#4362 = EDGE_CURVE('',#647,#2498,#4363,.T.);
#4363 = LINE('',#4364,#4365);
#4364 = CARTESIAN_POINT('',(66.580398,-135.358749,-4.6E-02));
#4365 = VECTOR('',#4366,1.);
#4366 = DIRECTION('',(0.,0.,1.));
#4367 = ORIENTED_EDGE('',*,*,#2497,.F.);
#4368 = ORIENTED_EDGE('',*,*,#4362,.F.);
#4369 = CYLINDRICAL_SURFACE('',#4370,0.75);
#4370 = AXIS2_PLACEMENT_3D('',#4371,#4372,#4373);
#4371 = CARTESIAN_POINT('',(66.580398,-134.608749,-4.6E-02));
#4372 = DIRECTION('',(-0.,-0.,-1.));
#4373 = DIRECTION('',(-0.,-1.,0.));
#4374 = ADVANCED_FACE('',(#4375),#4386,.F.);
#4375 = FACE_BOUND('',#4376,.T.);
#4376 = EDGE_LOOP('',(#4377,#4378,#4384,#4385));
#4377 = ORIENTED_EDGE('',*,*,#657,.T.);
#4378 = ORIENTED_EDGE('',*,*,#4379,.T.);
#4379 = EDGE_CURVE('',#658,#2509,#4380,.T.);
#4380 = LINE('',#4381,#4382);
#4381 = CARTESIAN_POINT('',(75.470398,-137.998749,-4.6E-02));
#4382 = VECTOR('',#4383,1.);
#4383 = DIRECTION('',(0.,0.,1.));
#4384 = ORIENTED_EDGE('',*,*,#2508,.F.);
#4385 = ORIENTED_EDGE('',*,*,#4379,.F.);
#4386 = CYLINDRICAL_SURFACE('',#4387,0.85);
#4387 = AXIS2_PLACEMENT_3D('',#4388,#4389,#4390);
#4388 = CARTESIAN_POINT('',(75.470398,-137.148749,-4.6E-02));
#4389 = DIRECTION('',(-0.,0.,-1.));
#4390 = DIRECTION('',(1.671865260612E-14,-1.,-0.));
#4391 = ADVANCED_FACE('',(#4392),#4403,.F.);
#4392 = FACE_BOUND('',#4393,.T.);
#4393 = EDGE_LOOP('',(#4394,#4395,#4401,#4402));
#4394 = ORIENTED_EDGE('',*,*,#668,.T.);
#4395 = ORIENTED_EDGE('',*,*,#4396,.T.);
#4396 = EDGE_CURVE('',#669,#2520,#4397,.T.);
#4397 = LINE('',#4398,#4399);
#4398 = CARTESIAN_POINT('',(80.074148,-141.041249,-4.6E-02));
#4399 = VECTOR('',#4400,1.);
#4400 = DIRECTION('',(0.,0.,1.));
#4401 = ORIENTED_EDGE('',*,*,#2519,.F.);
#4402 = ORIENTED_EDGE('',*,*,#4396,.F.);
#4403 = CYLINDRICAL_SURFACE('',#4404,0.4);
#4404 = AXIS2_PLACEMENT_3D('',#4405,#4406,#4407);
#4405 = CARTESIAN_POINT('',(80.074148,-140.641249,-4.6E-02));
#4406 = DIRECTION('',(-0.,-0.,-1.));
#4407 = DIRECTION('',(-3.552713678801E-14,-1.,0.));
#4408 = ADVANCED_FACE('',(#4409),#4420,.F.);
#4409 = FACE_BOUND('',#4410,.T.);
#4410 = EDGE_LOOP('',(#4411,#4412,#4418,#4419));
#4411 = ORIENTED_EDGE('',*,*,#679,.T.);
#4412 = ORIENTED_EDGE('',*,*,#4413,.T.);
#4413 = EDGE_CURVE('',#680,#2531,#4414,.T.);
#4414 = LINE('',#4415,#4416);
#4415 = CARTESIAN_POINT('',(80.074148,-133.421249,-4.6E-02));
#4416 = VECTOR('',#4417,1.);
#4417 = DIRECTION('',(0.,0.,1.));
#4418 = ORIENTED_EDGE('',*,*,#2530,.F.);
#4419 = ORIENTED_EDGE('',*,*,#4413,.F.);
#4420 = CYLINDRICAL_SURFACE('',#4421,0.4);
#4421 = AXIS2_PLACEMENT_3D('',#4422,#4423,#4424);
#4422 = CARTESIAN_POINT('',(80.074148,-133.021249,-4.6E-02));
#4423 = DIRECTION('',(-0.,-0.,-1.));
#4424 = DIRECTION('',(-3.5527136788E-14,-1.,0.));
#4425 = ADVANCED_FACE('',(#4426),#4437,.F.);
#4426 = FACE_BOUND('',#4427,.T.);
#4427 = EDGE_LOOP('',(#4428,#4429,#4435,#4436));
#4428 = ORIENTED_EDGE('',*,*,#690,.T.);
#4429 = ORIENTED_EDGE('',*,*,#4430,.T.);
#4430 = EDGE_CURVE('',#691,#2542,#4431,.T.);
#4431 = LINE('',#4432,#4433);
#4432 = CARTESIAN_POINT('',(72.930398,-132.818749,-4.6E-02));
#4433 = VECTOR('',#4434,1.);
#4434 = DIRECTION('',(0.,0.,1.));
#4435 = ORIENTED_EDGE('',*,*,#2541,.F.);
#4436 = ORIENTED_EDGE('',*,*,#4430,.F.);
#4437 = CYLINDRICAL_SURFACE('',#4438,0.75);
#4438 = AXIS2_PLACEMENT_3D('',#4439,#4440,#4441);
#4439 = CARTESIAN_POINT('',(72.930398,-132.068749,-4.6E-02));
#4440 = DIRECTION('',(-0.,-0.,-1.));
#4441 = DIRECTION('',(-0.,-1.,0.));
#4442 = ADVANCED_FACE('',(#4443),#4454,.F.);
#4443 = FACE_BOUND('',#4444,.T.);
#4444 = EDGE_LOOP('',(#4445,#4446,#4452,#4453));
#4445 = ORIENTED_EDGE('',*,*,#701,.T.);
#4446 = ORIENTED_EDGE('',*,*,#4447,.T.);
#4447 = EDGE_CURVE('',#702,#2553,#4448,.T.);
#4448 = LINE('',#4449,#4450);
#4449 = CARTESIAN_POINT('',(84.360398,-137.998749,-4.6E-02));
#4450 = VECTOR('',#4451,1.);
#4451 = DIRECTION('',(0.,0.,1.));
#4452 = ORIENTED_EDGE('',*,*,#2552,.F.);
#4453 = ORIENTED_EDGE('',*,*,#4447,.F.);
#4454 = CYLINDRICAL_SURFACE('',#4455,0.85);
#4455 = AXIS2_PLACEMENT_3D('',#4456,#4457,#4458);
#4456 = CARTESIAN_POINT('',(84.360398,-137.148749,-4.6E-02));
#4457 = DIRECTION('',(-0.,-0.,-1.));
#4458 = DIRECTION('',(-0.,-1.,0.));
#4459 = ADVANCED_FACE('',(#4460),#4471,.F.);
#4460 = FACE_BOUND('',#4461,.T.);
#4461 = EDGE_LOOP('',(#4462,#4463,#4469,#4470));
#4462 = ORIENTED_EDGE('',*,*,#712,.T.);
#4463 = ORIENTED_EDGE('',*,*,#4464,.T.);
#4464 = EDGE_CURVE('',#713,#2564,#4465,.T.);
#4465 = LINE('',#4466,#4467);
#4466 = CARTESIAN_POINT('',(89.440398,-139.148749,-4.6E-02));
#4467 = VECTOR('',#4468,1.);
#4468 = DIRECTION('',(0.,0.,1.));
#4469 = ORIENTED_EDGE('',*,*,#2563,.F.);
#4470 = ORIENTED_EDGE('',*,*,#4464,.F.);
#4471 = CYLINDRICAL_SURFACE('',#4472,2.);
#4472 = AXIS2_PLACEMENT_3D('',#4473,#4474,#4475);
#4473 = CARTESIAN_POINT('',(89.440398,-137.148749,-4.6E-02));
#4474 = DIRECTION('',(-0.,-0.,-1.));
#4475 = DIRECTION('',(-0.,-1.,0.));
#4476 = ADVANCED_FACE('',(#4477),#4488,.F.);
#4477 = FACE_BOUND('',#4478,.T.);
#4478 = EDGE_LOOP('',(#4479,#4480,#4486,#4487));
#4479 = ORIENTED_EDGE('',*,*,#723,.T.);
#4480 = ORIENTED_EDGE('',*,*,#4481,.T.);
#4481 = EDGE_CURVE('',#724,#2575,#4482,.T.);
#4482 = LINE('',#4483,#4484);
#4483 = CARTESIAN_POINT('',(85.630398,-135.358749,-4.6E-02));
#4484 = VECTOR('',#4485,1.);
#4485 = DIRECTION('',(0.,0.,1.));
#4486 = ORIENTED_EDGE('',*,*,#2574,.F.);
#4487 = ORIENTED_EDGE('',*,*,#4481,.F.);
#4488 = CYLINDRICAL_SURFACE('',#4489,0.75);
#4489 = AXIS2_PLACEMENT_3D('',#4490,#4491,#4492);
#4490 = CARTESIAN_POINT('',(85.630398,-134.608749,-4.6E-02));
#4491 = DIRECTION('',(-0.,-0.,-1.));
#4492 = DIRECTION('',(-0.,-1.,0.));
#4493 = ADVANCED_FACE('',(#4494),#4505,.F.);
#4494 = FACE_BOUND('',#4495,.T.);
#4495 = EDGE_LOOP('',(#4496,#4497,#4503,#4504));
#4496 = ORIENTED_EDGE('',*,*,#734,.T.);
#4497 = ORIENTED_EDGE('',*,*,#4498,.T.);
#4498 = EDGE_CURVE('',#735,#2586,#4499,.T.);
#4499 = LINE('',#4500,#4501);
#4500 = CARTESIAN_POINT('',(94.520398,-137.998749,-4.6E-02));
#4501 = VECTOR('',#4502,1.);
#4502 = DIRECTION('',(0.,0.,1.));
#4503 = ORIENTED_EDGE('',*,*,#2585,.F.);
#4504 = ORIENTED_EDGE('',*,*,#4498,.F.);
#4505 = CYLINDRICAL_SURFACE('',#4506,0.85);
#4506 = AXIS2_PLACEMENT_3D('',#4507,#4508,#4509);
#4507 = CARTESIAN_POINT('',(94.520398,-137.148749,-4.6E-02));
#4508 = DIRECTION('',(-0.,-0.,-1.));
#4509 = DIRECTION('',(-0.,-1.,0.));
#4510 = ADVANCED_FACE('',(#4511),#4522,.F.);
#4511 = FACE_BOUND('',#4512,.T.);
#4512 = EDGE_LOOP('',(#4513,#4514,#4520,#4521));
#4513 = ORIENTED_EDGE('',*,*,#745,.T.);
#4514 = ORIENTED_EDGE('',*,*,#4515,.T.);
#4515 = EDGE_CURVE('',#746,#2597,#4516,.T.);
#4516 = LINE('',#4517,#4518);
#4517 = CARTESIAN_POINT('',(99.124148,-141.041249,-4.6E-02));
#4518 = VECTOR('',#4519,1.);
#4519 = DIRECTION('',(0.,0.,1.));
#4520 = ORIENTED_EDGE('',*,*,#2596,.F.);
#4521 = ORIENTED_EDGE('',*,*,#4515,.F.);
#4522 = CYLINDRICAL_SURFACE('',#4523,0.4);
#4523 = AXIS2_PLACEMENT_3D('',#4524,#4525,#4526);
#4524 = CARTESIAN_POINT('',(99.124148,-140.641249,-4.6E-02));
#4525 = DIRECTION('',(-0.,0.,-1.));
#4526 = DIRECTION('',(3.5527136788E-14,-1.,-0.));
#4527 = ADVANCED_FACE('',(#4528),#4539,.F.);
#4528 = FACE_BOUND('',#4529,.T.);
#4529 = EDGE_LOOP('',(#4530,#4531,#4537,#4538));
#4530 = ORIENTED_EDGE('',*,*,#756,.T.);
#4531 = ORIENTED_EDGE('',*,*,#4532,.T.);
#4532 = EDGE_CURVE('',#757,#2608,#4533,.T.);
#4533 = LINE('',#4534,#4535);
#4534 = CARTESIAN_POINT('',(99.124148,-133.421249,-4.6E-02));
#4535 = VECTOR('',#4536,1.);
#4536 = DIRECTION('',(0.,0.,1.));
#4537 = ORIENTED_EDGE('',*,*,#2607,.F.);
#4538 = ORIENTED_EDGE('',*,*,#4532,.F.);
#4539 = CYLINDRICAL_SURFACE('',#4540,0.4);
#4540 = AXIS2_PLACEMENT_3D('',#4541,#4542,#4543);
#4541 = CARTESIAN_POINT('',(99.124148,-133.021249,-4.6E-02));
#4542 = DIRECTION('',(-0.,0.,-1.));
#4543 = DIRECTION('',(3.5527136788E-14,-1.,-0.));
#4544 = ADVANCED_FACE('',(#4545),#4556,.F.);
#4545 = FACE_BOUND('',#4546,.T.);
#4546 = EDGE_LOOP('',(#4547,#4548,#4554,#4555));
#4547 = ORIENTED_EDGE('',*,*,#767,.T.);
#4548 = ORIENTED_EDGE('',*,*,#4549,.T.);
#4549 = EDGE_CURVE('',#768,#2619,#4550,.T.);
#4550 = LINE('',#4551,#4552);
#4551 = CARTESIAN_POINT('',(91.980398,-132.818749,-4.6E-02));
#4552 = VECTOR('',#4553,1.);
#4553 = DIRECTION('',(0.,0.,1.));
#4554 = ORIENTED_EDGE('',*,*,#2618,.F.);
#4555 = ORIENTED_EDGE('',*,*,#4549,.F.);
#4556 = CYLINDRICAL_SURFACE('',#4557,0.75);
#4557 = AXIS2_PLACEMENT_3D('',#4558,#4559,#4560);
#4558 = CARTESIAN_POINT('',(91.980398,-132.068749,-4.6E-02));
#4559 = DIRECTION('',(-0.,-0.,-1.));
#4560 = DIRECTION('',(-0.,-1.,0.));
#4561 = ADVANCED_FACE('',(#4562),#4573,.F.);
#4562 = FACE_BOUND('',#4563,.T.);
#4563 = EDGE_LOOP('',(#4564,#4565,#4571,#4572));
#4564 = ORIENTED_EDGE('',*,*,#778,.T.);
#4565 = ORIENTED_EDGE('',*,*,#4566,.T.);
#4566 = EDGE_CURVE('',#779,#2630,#4567,.T.);
#4567 = LINE('',#4568,#4569);
#4568 = CARTESIAN_POINT('',(65.310398,-118.948749,-4.6E-02));
#4569 = VECTOR('',#4570,1.);
#4570 = DIRECTION('',(0.,0.,1.));
#4571 = ORIENTED_EDGE('',*,*,#2629,.F.);
#4572 = ORIENTED_EDGE('',*,*,#4566,.F.);
#4573 = CYLINDRICAL_SURFACE('',#4574,0.85);
#4574 = AXIS2_PLACEMENT_3D('',#4575,#4576,#4577);
#4575 = CARTESIAN_POINT('',(65.310398,-118.098749,-4.6E-02));
#4576 = DIRECTION('',(-0.,0.,-1.));
#4577 = DIRECTION('',(1.671865260612E-14,-1.,-0.));
#4578 = ADVANCED_FACE('',(#4579),#4590,.F.);
#4579 = FACE_BOUND('',#4580,.T.);
#4580 = EDGE_LOOP('',(#4581,#4582,#4588,#4589));
#4581 = ORIENTED_EDGE('',*,*,#789,.T.);
#4582 = ORIENTED_EDGE('',*,*,#4583,.T.);
#4583 = EDGE_CURVE('',#790,#2641,#4584,.T.);
#4584 = LINE('',#4585,#4586);
#4585 = CARTESIAN_POINT('',(70.390398,-120.098749,-4.6E-02));
#4586 = VECTOR('',#4587,1.);
#4587 = DIRECTION('',(0.,0.,1.));
#4588 = ORIENTED_EDGE('',*,*,#2640,.F.);
#4589 = ORIENTED_EDGE('',*,*,#4583,.F.);
#4590 = CYLINDRICAL_SURFACE('',#4591,2.);
#4591 = AXIS2_PLACEMENT_3D('',#4592,#4593,#4594);
#4592 = CARTESIAN_POINT('',(70.390398,-118.098749,-4.6E-02));
#4593 = DIRECTION('',(-0.,-0.,-1.));
#4594 = DIRECTION('',(-0.,-1.,0.));
#4595 = ADVANCED_FACE('',(#4596),#4607,.F.);
#4596 = FACE_BOUND('',#4597,.T.);
#4597 = EDGE_LOOP('',(#4598,#4599,#4605,#4606));
#4598 = ORIENTED_EDGE('',*,*,#800,.T.);
#4599 = ORIENTED_EDGE('',*,*,#4600,.T.);
#4600 = EDGE_CURVE('',#801,#2652,#4601,.T.);
#4601 = LINE('',#4602,#4603);
#4602 = CARTESIAN_POINT('',(66.580398,-116.308749,-4.6E-02));
#4603 = VECTOR('',#4604,1.);
#4604 = DIRECTION('',(0.,0.,1.));
#4605 = ORIENTED_EDGE('',*,*,#2651,.F.);
#4606 = ORIENTED_EDGE('',*,*,#4600,.F.);
#4607 = CYLINDRICAL_SURFACE('',#4608,0.75);
#4608 = AXIS2_PLACEMENT_3D('',#4609,#4610,#4611);
#4609 = CARTESIAN_POINT('',(66.580398,-115.558749,-4.6E-02));
#4610 = DIRECTION('',(-0.,-0.,-1.));
#4611 = DIRECTION('',(-0.,-1.,0.));
#4612 = ADVANCED_FACE('',(#4613),#4624,.F.);
#4613 = FACE_BOUND('',#4614,.T.);
#4614 = EDGE_LOOP('',(#4615,#4616,#4622,#4623));
#4615 = ORIENTED_EDGE('',*,*,#811,.T.);
#4616 = ORIENTED_EDGE('',*,*,#4617,.T.);
#4617 = EDGE_CURVE('',#812,#2663,#4618,.T.);
#4618 = LINE('',#4619,#4620);
#4619 = CARTESIAN_POINT('',(72.930398,-113.768749,-4.6E-02));
#4620 = VECTOR('',#4621,1.);
#4621 = DIRECTION('',(0.,0.,1.));
#4622 = ORIENTED_EDGE('',*,*,#2662,.F.);
#4623 = ORIENTED_EDGE('',*,*,#4617,.F.);
#4624 = CYLINDRICAL_SURFACE('',#4625,0.75);
#4625 = AXIS2_PLACEMENT_3D('',#4626,#4627,#4628);
#4626 = CARTESIAN_POINT('',(72.930398,-113.018749,-4.6E-02));
#4627 = DIRECTION('',(-0.,-0.,-1.));
#4628 = DIRECTION('',(-0.,-1.,0.));
#4629 = ADVANCED_FACE('',(#4630),#4641,.F.);
#4630 = FACE_BOUND('',#4631,.T.);
#4631 = EDGE_LOOP('',(#4632,#4633,#4639,#4640));
#4632 = ORIENTED_EDGE('',*,*,#822,.T.);
#4633 = ORIENTED_EDGE('',*,*,#4634,.T.);
#4634 = EDGE_CURVE('',#823,#2674,#4635,.T.);
#4635 = LINE('',#4636,#4637);
#4636 = CARTESIAN_POINT('',(75.470398,-118.948749,-4.6E-02));
#4637 = VECTOR('',#4638,1.);
#4638 = DIRECTION('',(0.,0.,1.));
#4639 = ORIENTED_EDGE('',*,*,#2673,.F.);
#4640 = ORIENTED_EDGE('',*,*,#4634,.F.);
#4641 = CYLINDRICAL_SURFACE('',#4642,0.85);
#4642 = AXIS2_PLACEMENT_3D('',#4643,#4644,#4645);
#4643 = CARTESIAN_POINT('',(75.470398,-118.098749,-4.6E-02));
#4644 = DIRECTION('',(-0.,0.,-1.));
#4645 = DIRECTION('',(1.671865260612E-14,-1.,-0.));
#4646 = ADVANCED_FACE('',(#4647),#4658,.F.);
#4647 = FACE_BOUND('',#4648,.T.);
#4648 = EDGE_LOOP('',(#4649,#4650,#4656,#4657));
#4649 = ORIENTED_EDGE('',*,*,#833,.T.);
#4650 = ORIENTED_EDGE('',*,*,#4651,.T.);
#4651 = EDGE_CURVE('',#834,#2685,#4652,.T.);
#4652 = LINE('',#4653,#4654);
#4653 = CARTESIAN_POINT('',(80.074148,-121.991249,-4.6E-02));
#4654 = VECTOR('',#4655,1.);
#4655 = DIRECTION('',(0.,0.,1.));
#4656 = ORIENTED_EDGE('',*,*,#2684,.F.);
#4657 = ORIENTED_EDGE('',*,*,#4651,.F.);
#4658 = CYLINDRICAL_SURFACE('',#4659,0.4);
#4659 = AXIS2_PLACEMENT_3D('',#4660,#4661,#4662);
#4660 = CARTESIAN_POINT('',(80.074148,-121.591249,-4.6E-02));
#4661 = DIRECTION('',(-0.,-0.,-1.));
#4662 = DIRECTION('',(-3.552713678801E-14,-1.,0.));
#4663 = ADVANCED_FACE('',(#4664),#4675,.F.);
#4664 = FACE_BOUND('',#4665,.T.);
#4665 = EDGE_LOOP('',(#4666,#4667,#4673,#4674));
#4666 = ORIENTED_EDGE('',*,*,#844,.T.);
#4667 = ORIENTED_EDGE('',*,*,#4668,.T.);
#4668 = EDGE_CURVE('',#845,#2696,#4669,.T.);
#4669 = LINE('',#4670,#4671);
#4670 = CARTESIAN_POINT('',(80.074148,-114.371249,-4.6E-02));
#4671 = VECTOR('',#4672,1.);
#4672 = DIRECTION('',(0.,0.,1.));
#4673 = ORIENTED_EDGE('',*,*,#2695,.F.);
#4674 = ORIENTED_EDGE('',*,*,#4668,.F.);
#4675 = CYLINDRICAL_SURFACE('',#4676,0.4);
#4676 = AXIS2_PLACEMENT_3D('',#4677,#4678,#4679);
#4677 = CARTESIAN_POINT('',(80.074148,-113.971249,-4.6E-02));
#4678 = DIRECTION('',(-0.,-0.,-1.));
#4679 = DIRECTION('',(-3.552713678801E-14,-1.,0.));
#4680 = ADVANCED_FACE('',(#4681),#4692,.F.);
#4681 = FACE_BOUND('',#4682,.T.);
#4682 = EDGE_LOOP('',(#4683,#4684,#4690,#4691));
#4683 = ORIENTED_EDGE('',*,*,#855,.T.);
#4684 = ORIENTED_EDGE('',*,*,#4685,.T.);
#4685 = EDGE_CURVE('',#856,#2707,#4686,.T.);
#4686 = LINE('',#4687,#4688);
#4687 = CARTESIAN_POINT('',(84.360398,-118.948749,-4.6E-02));
#4688 = VECTOR('',#4689,1.);
#4689 = DIRECTION('',(0.,0.,1.));
#4690 = ORIENTED_EDGE('',*,*,#2706,.F.);
#4691 = ORIENTED_EDGE('',*,*,#4685,.F.);
#4692 = CYLINDRICAL_SURFACE('',#4693,0.85);
#4693 = AXIS2_PLACEMENT_3D('',#4694,#4695,#4696);
#4694 = CARTESIAN_POINT('',(84.360398,-118.098749,-4.6E-02));
#4695 = DIRECTION('',(-0.,-0.,-1.));
#4696 = DIRECTION('',(-0.,-1.,0.));
#4697 = ADVANCED_FACE('',(#4698),#4709,.F.);
#4698 = FACE_BOUND('',#4699,.T.);
#4699 = EDGE_LOOP('',(#4700,#4701,#4707,#4708));
#4700 = ORIENTED_EDGE('',*,*,#866,.T.);
#4701 = ORIENTED_EDGE('',*,*,#4702,.T.);
#4702 = EDGE_CURVE('',#867,#2718,#4703,.T.);
#4703 = LINE('',#4704,#4705);
#4704 = CARTESIAN_POINT('',(89.440398,-120.098749,-4.6E-02));
#4705 = VECTOR('',#4706,1.);
#4706 = DIRECTION('',(0.,0.,1.));
#4707 = ORIENTED_EDGE('',*,*,#2717,.F.);
#4708 = ORIENTED_EDGE('',*,*,#4702,.F.);
#4709 = CYLINDRICAL_SURFACE('',#4710,2.);
#4710 = AXIS2_PLACEMENT_3D('',#4711,#4712,#4713);
#4711 = CARTESIAN_POINT('',(89.440398,-118.098749,-4.6E-02));
#4712 = DIRECTION('',(-0.,-0.,-1.));
#4713 = DIRECTION('',(-0.,-1.,0.));
#4714 = ADVANCED_FACE('',(#4715),#4726,.F.);
#4715 = FACE_BOUND('',#4716,.T.);
#4716 = EDGE_LOOP('',(#4717,#4718,#4724,#4725));
#4717 = ORIENTED_EDGE('',*,*,#877,.T.);
#4718 = ORIENTED_EDGE('',*,*,#4719,.T.);
#4719 = EDGE_CURVE('',#878,#2729,#4720,.T.);
#4720 = LINE('',#4721,#4722);
#4721 = CARTESIAN_POINT('',(85.630398,-116.308749,-4.6E-02));
#4722 = VECTOR('',#4723,1.);
#4723 = DIRECTION('',(0.,0.,1.));
#4724 = ORIENTED_EDGE('',*,*,#2728,.F.);
#4725 = ORIENTED_EDGE('',*,*,#4719,.F.);
#4726 = CYLINDRICAL_SURFACE('',#4727,0.75);
#4727 = AXIS2_PLACEMENT_3D('',#4728,#4729,#4730);
#4728 = CARTESIAN_POINT('',(85.630398,-115.558749,-4.6E-02));
#4729 = DIRECTION('',(-0.,-0.,-1.));
#4730 = DIRECTION('',(-0.,-1.,0.));
#4731 = ADVANCED_FACE('',(#4732),#4743,.F.);
#4732 = FACE_BOUND('',#4733,.T.);
#4733 = EDGE_LOOP('',(#4734,#4735,#4741,#4742));
#4734 = ORIENTED_EDGE('',*,*,#888,.T.);
#4735 = ORIENTED_EDGE('',*,*,#4736,.T.);
#4736 = EDGE_CURVE('',#889,#2740,#4737,.T.);
#4737 = LINE('',#4738,#4739);
#4738 = CARTESIAN_POINT('',(94.520398,-118.948749,-4.6E-02));
#4739 = VECTOR('',#4740,1.);
#4740 = DIRECTION('',(0.,0.,1.));
#4741 = ORIENTED_EDGE('',*,*,#2739,.F.);
#4742 = ORIENTED_EDGE('',*,*,#4736,.F.);
#4743 = CYLINDRICAL_SURFACE('',#4744,0.85);
#4744 = AXIS2_PLACEMENT_3D('',#4745,#4746,#4747);
#4745 = CARTESIAN_POINT('',(94.520398,-118.098749,-4.6E-02));
#4746 = DIRECTION('',(-0.,-0.,-1.));
#4747 = DIRECTION('',(-0.,-1.,0.));
#4748 = ADVANCED_FACE('',(#4749),#4760,.F.);
#4749 = FACE_BOUND('',#4750,.T.);
#4750 = EDGE_LOOP('',(#4751,#4752,#4758,#4759));
#4751 = ORIENTED_EDGE('',*,*,#899,.T.);
#4752 = ORIENTED_EDGE('',*,*,#4753,.T.);
#4753 = EDGE_CURVE('',#900,#2751,#4754,.T.);
#4754 = LINE('',#4755,#4756);
#4755 = CARTESIAN_POINT('',(99.124148,-121.991249,-4.6E-02));
#4756 = VECTOR('',#4757,1.);
#4757 = DIRECTION('',(0.,0.,1.));
#4758 = ORIENTED_EDGE('',*,*,#2750,.F.);
#4759 = ORIENTED_EDGE('',*,*,#4753,.F.);
#4760 = CYLINDRICAL_SURFACE('',#4761,0.4);
#4761 = AXIS2_PLACEMENT_3D('',#4762,#4763,#4764);
#4762 = CARTESIAN_POINT('',(99.124148,-121.591249,-4.6E-02));
#4763 = DIRECTION('',(-0.,0.,-1.));
#4764 = DIRECTION('',(3.5527136788E-14,-1.,-0.));
#4765 = ADVANCED_FACE('',(#4766),#4777,.F.);
#4766 = FACE_BOUND('',#4767,.T.);
#4767 = EDGE_LOOP('',(#4768,#4769,#4775,#4776));
#4768 = ORIENTED_EDGE('',*,*,#910,.T.);
#4769 = ORIENTED_EDGE('',*,*,#4770,.T.);
#4770 = EDGE_CURVE('',#911,#2762,#4771,.T.);
#4771 = LINE('',#4772,#4773);
#4772 = CARTESIAN_POINT('',(91.980398,-113.768749,-4.6E-02));
#4773 = VECTOR('',#4774,1.);
#4774 = DIRECTION('',(0.,0.,1.));
#4775 = ORIENTED_EDGE('',*,*,#2761,.F.);
#4776 = ORIENTED_EDGE('',*,*,#4770,.F.);
#4777 = CYLINDRICAL_SURFACE('',#4778,0.75);
#4778 = AXIS2_PLACEMENT_3D('',#4779,#4780,#4781);
#4779 = CARTESIAN_POINT('',(91.980398,-113.018749,-4.6E-02));
#4780 = DIRECTION('',(-0.,-0.,-1.));
#4781 = DIRECTION('',(-0.,-1.,0.));
#4782 = ADVANCED_FACE('',(#4783),#4794,.F.);
#4783 = FACE_BOUND('',#4784,.T.);
#4784 = EDGE_LOOP('',(#4785,#4786,#4792,#4793));
#4785 = ORIENTED_EDGE('',*,*,#921,.T.);
#4786 = ORIENTED_EDGE('',*,*,#4787,.T.);
#4787 = EDGE_CURVE('',#922,#2773,#4788,.T.);
#4788 = LINE('',#4789,#4790);
#4789 = CARTESIAN_POINT('',(99.124148,-114.371249,-4.6E-02));
#4790 = VECTOR('',#4791,1.);
#4791 = DIRECTION('',(0.,0.,1.));
#4792 = ORIENTED_EDGE('',*,*,#2772,.F.);
#4793 = ORIENTED_EDGE('',*,*,#4787,.F.);
#4794 = CYLINDRICAL_SURFACE('',#4795,0.4);
#4795 = AXIS2_PLACEMENT_3D('',#4796,#4797,#4798);
#4796 = CARTESIAN_POINT('',(99.124148,-113.971249,-4.6E-02));
#4797 = DIRECTION('',(-0.,0.,-1.));
#4798 = DIRECTION('',(3.5527136788E-14,-1.,-0.));
#4799 = ADVANCED_FACE('',(#4800),#4811,.F.);
#4800 = FACE_BOUND('',#4801,.T.);
#4801 = EDGE_LOOP('',(#4802,#4803,#4809,#4810));
#4802 = ORIENTED_EDGE('',*,*,#932,.T.);
#4803 = ORIENTED_EDGE('',*,*,#4804,.T.);
#4804 = EDGE_CURVE('',#933,#2784,#4805,.T.);
#4805 = LINE('',#4806,#4807);
#4806 = CARTESIAN_POINT('',(103.410398,-137.998749,-4.6E-02));
#4807 = VECTOR('',#4808,1.);
#4808 = DIRECTION('',(0.,0.,1.));
#4809 = ORIENTED_EDGE('',*,*,#2783,.F.);
#4810 = ORIENTED_EDGE('',*,*,#4804,.F.);
#4811 = CYLINDRICAL_SURFACE('',#4812,0.85);
#4812 = AXIS2_PLACEMENT_3D('',#4813,#4814,#4815);
#4813 = CARTESIAN_POINT('',(103.410398,-137.148749,-4.6E-02));
#4814 = DIRECTION('',(-0.,-0.,-1.));
#4815 = DIRECTION('',(-0.,-1.,0.));
#4816 = ADVANCED_FACE('',(#4817),#4828,.F.);
#4817 = FACE_BOUND('',#4818,.T.);
#4818 = EDGE_LOOP('',(#4819,#4820,#4826,#4827));
#4819 = ORIENTED_EDGE('',*,*,#943,.T.);
#4820 = ORIENTED_EDGE('',*,*,#4821,.T.);
#4821 = EDGE_CURVE('',#944,#2795,#4822,.T.);
#4822 = LINE('',#4823,#4824);
#4823 = CARTESIAN_POINT('',(108.490398,-139.148749,-4.6E-02));
#4824 = VECTOR('',#4825,1.);
#4825 = DIRECTION('',(0.,0.,1.));
#4826 = ORIENTED_EDGE('',*,*,#2794,.F.);
#4827 = ORIENTED_EDGE('',*,*,#4821,.F.);
#4828 = CYLINDRICAL_SURFACE('',#4829,2.);
#4829 = AXIS2_PLACEMENT_3D('',#4830,#4831,#4832);
#4830 = CARTESIAN_POINT('',(108.490398,-137.148749,-4.6E-02));
#4831 = DIRECTION('',(-0.,-0.,-1.));
#4832 = DIRECTION('',(-0.,-1.,0.));
#4833 = ADVANCED_FACE('',(#4834),#4845,.F.);
#4834 = FACE_BOUND('',#4835,.T.);
#4835 = EDGE_LOOP('',(#4836,#4837,#4843,#4844));
#4836 = ORIENTED_EDGE('',*,*,#954,.T.);
#4837 = ORIENTED_EDGE('',*,*,#4838,.T.);
#4838 = EDGE_CURVE('',#955,#2806,#4839,.T.);
#4839 = LINE('',#4840,#4841);
#4840 = CARTESIAN_POINT('',(104.680398,-135.358749,-4.6E-02));
#4841 = VECTOR('',#4842,1.);
#4842 = DIRECTION('',(0.,0.,1.));
#4843 = ORIENTED_EDGE('',*,*,#2805,.F.);
#4844 = ORIENTED_EDGE('',*,*,#4838,.F.);
#4845 = CYLINDRICAL_SURFACE('',#4846,0.75);
#4846 = AXIS2_PLACEMENT_3D('',#4847,#4848,#4849);
#4847 = CARTESIAN_POINT('',(104.680398,-134.608749,-4.6E-02));
#4848 = DIRECTION('',(-0.,-0.,-1.));
#4849 = DIRECTION('',(-0.,-1.,0.));
#4850 = ADVANCED_FACE('',(#4851),#4862,.F.);
#4851 = FACE_BOUND('',#4852,.T.);
#4852 = EDGE_LOOP('',(#4853,#4854,#4860,#4861));
#4853 = ORIENTED_EDGE('',*,*,#965,.T.);
#4854 = ORIENTED_EDGE('',*,*,#4855,.T.);
#4855 = EDGE_CURVE('',#966,#2817,#4856,.T.);
#4856 = LINE('',#4857,#4858);
#4857 = CARTESIAN_POINT('',(113.570398,-137.998749,-4.6E-02));
#4858 = VECTOR('',#4859,1.);
#4859 = DIRECTION('',(0.,0.,1.));
#4860 = ORIENTED_EDGE('',*,*,#2816,.F.);
#4861 = ORIENTED_EDGE('',*,*,#4855,.F.);
#4862 = CYLINDRICAL_SURFACE('',#4863,0.85);
#4863 = AXIS2_PLACEMENT_3D('',#4864,#4865,#4866);
#4864 = CARTESIAN_POINT('',(113.570398,-137.148749,-4.6E-02));
#4865 = DIRECTION('',(-0.,-0.,-1.));
#4866 = DIRECTION('',(-1.671865260612E-14,-1.,0.));
#4867 = ADVANCED_FACE('',(#4868),#4879,.F.);
#4868 = FACE_BOUND('',#4869,.T.);
#4869 = EDGE_LOOP('',(#4870,#4871,#4877,#4878));
#4870 = ORIENTED_EDGE('',*,*,#976,.T.);
#4871 = ORIENTED_EDGE('',*,*,#4872,.T.);
#4872 = EDGE_CURVE('',#977,#2828,#4873,.T.);
#4873 = LINE('',#4874,#4875);
#4874 = CARTESIAN_POINT('',(118.174148,-141.041249,-4.6E-02));
#4875 = VECTOR('',#4876,1.);
#4876 = DIRECTION('',(0.,0.,1.));
#4877 = ORIENTED_EDGE('',*,*,#2827,.F.);
#4878 = ORIENTED_EDGE('',*,*,#4872,.F.);
#4879 = CYLINDRICAL_SURFACE('',#4880,0.4);
#4880 = AXIS2_PLACEMENT_3D('',#4881,#4882,#4883);
#4881 = CARTESIAN_POINT('',(118.174148,-140.641249,-4.6E-02));
#4882 = DIRECTION('',(-0.,-0.,-1.));
#4883 = DIRECTION('',(-0.,-1.,0.));
#4884 = ADVANCED_FACE('',(#4885),#4896,.F.);
#4885 = FACE_BOUND('',#4886,.T.);
#4886 = EDGE_LOOP('',(#4887,#4888,#4894,#4895));
#4887 = ORIENTED_EDGE('',*,*,#987,.T.);
#4888 = ORIENTED_EDGE('',*,*,#4889,.T.);
#4889 = EDGE_CURVE('',#988,#2839,#4890,.T.);
#4890 = LINE('',#4891,#4892);
#4891 = CARTESIAN_POINT('',(118.174148,-133.421249,-4.6E-02));
#4892 = VECTOR('',#4893,1.);
#4893 = DIRECTION('',(0.,0.,1.));
#4894 = ORIENTED_EDGE('',*,*,#2838,.F.);
#4895 = ORIENTED_EDGE('',*,*,#4889,.F.);
#4896 = CYLINDRICAL_SURFACE('',#4897,0.4);
#4897 = AXIS2_PLACEMENT_3D('',#4898,#4899,#4900);
#4898 = CARTESIAN_POINT('',(118.174148,-133.021249,-4.6E-02));
#4899 = DIRECTION('',(-0.,-0.,-1.));
#4900 = DIRECTION('',(-0.,-1.,0.));
#4901 = ADVANCED_FACE('',(#4902),#4913,.F.);
#4902 = FACE_BOUND('',#4903,.T.);
#4903 = EDGE_LOOP('',(#4904,#4905,#4911,#4912));
#4904 = ORIENTED_EDGE('',*,*,#998,.T.);
#4905 = ORIENTED_EDGE('',*,*,#4906,.T.);
#4906 = EDGE_CURVE('',#999,#2850,#4907,.T.);
#4907 = LINE('',#4908,#4909);
#4908 = CARTESIAN_POINT('',(111.030398,-132.818749,-4.6E-02));
#4909 = VECTOR('',#4910,1.);
#4910 = DIRECTION('',(0.,0.,1.));
#4911 = ORIENTED_EDGE('',*,*,#2849,.F.);
#4912 = ORIENTED_EDGE('',*,*,#4906,.F.);
#4913 = CYLINDRICAL_SURFACE('',#4914,0.75);
#4914 = AXIS2_PLACEMENT_3D('',#4915,#4916,#4917);
#4915 = CARTESIAN_POINT('',(111.030398,-132.068749,-4.6E-02));
#4916 = DIRECTION('',(-0.,-0.,-1.));
#4917 = DIRECTION('',(-0.,-1.,0.));
#4918 = ADVANCED_FACE('',(#4919),#4930,.F.);
#4919 = FACE_BOUND('',#4920,.T.);
#4920 = EDGE_LOOP('',(#4921,#4922,#4928,#4929));
#4921 = ORIENTED_EDGE('',*,*,#1009,.T.);
#4922 = ORIENTED_EDGE('',*,*,#4923,.T.);
#4923 = EDGE_CURVE('',#1010,#2861,#4924,.T.);
#4924 = LINE('',#4925,#4926);
#4925 = CARTESIAN_POINT('',(122.460398,-137.998749,-4.6E-02));
#4926 = VECTOR('',#4927,1.);
#4927 = DIRECTION('',(0.,0.,1.));
#4928 = ORIENTED_EDGE('',*,*,#2860,.F.);
#4929 = ORIENTED_EDGE('',*,*,#4923,.F.);
#4930 = CYLINDRICAL_SURFACE('',#4931,0.85);
#4931 = AXIS2_PLACEMENT_3D('',#4932,#4933,#4934);
#4932 = CARTESIAN_POINT('',(122.460398,-137.148749,-4.6E-02));
#4933 = DIRECTION('',(-0.,-0.,-1.));
#4934 = DIRECTION('',(-0.,-1.,0.));
#4935 = ADVANCED_FACE('',(#4936),#4947,.F.);
#4936 = FACE_BOUND('',#4937,.T.);
#4937 = EDGE_LOOP('',(#4938,#4939,#4945,#4946));
#4938 = ORIENTED_EDGE('',*,*,#1020,.T.);
#4939 = ORIENTED_EDGE('',*,*,#4940,.T.);
#4940 = EDGE_CURVE('',#1021,#2872,#4941,.T.);
#4941 = LINE('',#4942,#4943);
#4942 = CARTESIAN_POINT('',(127.540398,-139.148749,-4.6E-02));
#4943 = VECTOR('',#4944,1.);
#4944 = DIRECTION('',(0.,0.,1.));
#4945 = ORIENTED_EDGE('',*,*,#2871,.F.);
#4946 = ORIENTED_EDGE('',*,*,#4940,.F.);
#4947 = CYLINDRICAL_SURFACE('',#4948,2.);
#4948 = AXIS2_PLACEMENT_3D('',#4949,#4950,#4951);
#4949 = CARTESIAN_POINT('',(127.540398,-137.148749,-4.6E-02));
#4950 = DIRECTION('',(-0.,-0.,-1.));
#4951 = DIRECTION('',(-7.105427357601E-15,-1.,0.));
#4952 = ADVANCED_FACE('',(#4953),#4964,.F.);
#4953 = FACE_BOUND('',#4954,.T.);
#4954 = EDGE_LOOP('',(#4955,#4956,#4962,#4963));
#4955 = ORIENTED_EDGE('',*,*,#1031,.T.);
#4956 = ORIENTED_EDGE('',*,*,#4957,.T.);
#4957 = EDGE_CURVE('',#1032,#2883,#4958,.T.);
#4958 = LINE('',#4959,#4960);
#4959 = CARTESIAN_POINT('',(123.730398,-135.358749,-4.6E-02));
#4960 = VECTOR('',#4961,1.);
#4961 = DIRECTION('',(0.,0.,1.));
#4962 = ORIENTED_EDGE('',*,*,#2882,.F.);
#4963 = ORIENTED_EDGE('',*,*,#4957,.F.);
#4964 = CYLINDRICAL_SURFACE('',#4965,0.75);
#4965 = AXIS2_PLACEMENT_3D('',#4966,#4967,#4968);
#4966 = CARTESIAN_POINT('',(123.730398,-134.608749,-4.6E-02));
#4967 = DIRECTION('',(-0.,-0.,-1.));
#4968 = DIRECTION('',(-0.,-1.,0.));
#4969 = ADVANCED_FACE('',(#4970),#4981,.F.);
#4970 = FACE_BOUND('',#4971,.T.);
#4971 = EDGE_LOOP('',(#4972,#4973,#4979,#4980));
#4972 = ORIENTED_EDGE('',*,*,#1042,.T.);
#4973 = ORIENTED_EDGE('',*,*,#4974,.T.);
#4974 = EDGE_CURVE('',#1043,#2894,#4975,.T.);
#4975 = LINE('',#4976,#4977);
#4976 = CARTESIAN_POINT('',(132.620398,-137.998749,-4.6E-02));
#4977 = VECTOR('',#4978,1.);
#4978 = DIRECTION('',(0.,0.,1.));
#4979 = ORIENTED_EDGE('',*,*,#2893,.F.);
#4980 = ORIENTED_EDGE('',*,*,#4974,.F.);
#4981 = CYLINDRICAL_SURFACE('',#4982,0.85);
#4982 = AXIS2_PLACEMENT_3D('',#4983,#4984,#4985);
#4983 = CARTESIAN_POINT('',(132.620398,-137.148749,-4.6E-02));
#4984 = DIRECTION('',(-0.,-0.,-1.));
#4985 = DIRECTION('',(-0.,-1.,0.));
#4986 = ADVANCED_FACE('',(#4987),#4998,.F.);
#4987 = FACE_BOUND('',#4988,.T.);
#4988 = EDGE_LOOP('',(#4989,#4990,#4996,#4997));
#4989 = ORIENTED_EDGE('',*,*,#1053,.T.);
#4990 = ORIENTED_EDGE('',*,*,#4991,.T.);
#4991 = EDGE_CURVE('',#1054,#2905,#4992,.T.);
#4992 = LINE('',#4993,#4994);
#4993 = CARTESIAN_POINT('',(137.224148,-141.993749,-4.6E-02));
#4994 = VECTOR('',#4995,1.);
#4995 = DIRECTION('',(0.,0.,1.));
#4996 = ORIENTED_EDGE('',*,*,#2904,.F.);
#4997 = ORIENTED_EDGE('',*,*,#4991,.F.);
#4998 = CYLINDRICAL_SURFACE('',#4999,0.4);
#4999 = AXIS2_PLACEMENT_3D('',#5000,#5001,#5002);
#5000 = CARTESIAN_POINT('',(137.224148,-141.593749,-4.6E-02));
#5001 = DIRECTION('',(-0.,-0.,-1.));
#5002 = DIRECTION('',(-0.,-1.,0.));
#5003 = ADVANCED_FACE('',(#5004),#5015,.F.);
#5004 = FACE_BOUND('',#5005,.T.);
#5005 = EDGE_LOOP('',(#5006,#5007,#5013,#5014));
#5006 = ORIENTED_EDGE('',*,*,#1064,.T.);
#5007 = ORIENTED_EDGE('',*,*,#5008,.T.);
#5008 = EDGE_CURVE('',#1065,#2916,#5009,.T.);
#5009 = LINE('',#5010,#5011);
#5010 = CARTESIAN_POINT('',(137.224148,-134.373749,-4.6E-02));
#5011 = VECTOR('',#5012,1.);
#5012 = DIRECTION('',(0.,0.,1.));
#5013 = ORIENTED_EDGE('',*,*,#2915,.F.);
#5014 = ORIENTED_EDGE('',*,*,#5008,.F.);
#5015 = CYLINDRICAL_SURFACE('',#5016,0.4);
#5016 = AXIS2_PLACEMENT_3D('',#5017,#5018,#5019);
#5017 = CARTESIAN_POINT('',(137.224148,-133.973749,-4.6E-02));
#5018 = DIRECTION('',(-0.,-0.,-1.));
#5019 = DIRECTION('',(-0.,-1.,0.));
#5020 = ADVANCED_FACE('',(#5021),#5032,.F.);
#5021 = FACE_BOUND('',#5022,.T.);
#5022 = EDGE_LOOP('',(#5023,#5024,#5030,#5031));
#5023 = ORIENTED_EDGE('',*,*,#1075,.T.);
#5024 = ORIENTED_EDGE('',*,*,#5025,.T.);
#5025 = EDGE_CURVE('',#1076,#2927,#5026,.T.);
#5026 = LINE('',#5027,#5028);
#5027 = CARTESIAN_POINT('',(130.080398,-132.818749,-4.6E-02));
#5028 = VECTOR('',#5029,1.);
#5029 = DIRECTION('',(0.,0.,1.));
#5030 = ORIENTED_EDGE('',*,*,#2926,.F.);
#5031 = ORIENTED_EDGE('',*,*,#5025,.F.);
#5032 = CYLINDRICAL_SURFACE('',#5033,0.75);
#5033 = AXIS2_PLACEMENT_3D('',#5034,#5035,#5036);
#5034 = CARTESIAN_POINT('',(130.080398,-132.068749,-4.6E-02));
#5035 = DIRECTION('',(-0.,-0.,-1.));
#5036 = DIRECTION('',(-0.,-1.,0.));
#5037 = ADVANCED_FACE('',(#5038),#5049,.F.);
#5038 = FACE_BOUND('',#5039,.T.);
#5039 = EDGE_LOOP('',(#5040,#5041,#5047,#5048));
#5040 = ORIENTED_EDGE('',*,*,#1086,.T.);
#5041 = ORIENTED_EDGE('',*,*,#5042,.T.);
#5042 = EDGE_CURVE('',#1087,#2938,#5043,.T.);
#5043 = LINE('',#5044,#5045);
#5044 = CARTESIAN_POINT('',(103.410398,-118.948749,-4.6E-02));
#5045 = VECTOR('',#5046,1.);
#5046 = DIRECTION('',(0.,0.,1.));
#5047 = ORIENTED_EDGE('',*,*,#2937,.F.);
#5048 = ORIENTED_EDGE('',*,*,#5042,.F.);
#5049 = CYLINDRICAL_SURFACE('',#5050,0.85);
#5050 = AXIS2_PLACEMENT_3D('',#5051,#5052,#5053);
#5051 = CARTESIAN_POINT('',(103.410398,-118.098749,-4.6E-02));
#5052 = DIRECTION('',(-0.,-0.,-1.));
#5053 = DIRECTION('',(-0.,-1.,0.));
#5054 = ADVANCED_FACE('',(#5055),#5066,.F.);
#5055 = FACE_BOUND('',#5056,.T.);
#5056 = EDGE_LOOP('',(#5057,#5058,#5064,#5065));
#5057 = ORIENTED_EDGE('',*,*,#1097,.T.);
#5058 = ORIENTED_EDGE('',*,*,#5059,.T.);
#5059 = EDGE_CURVE('',#1098,#2949,#5060,.T.);
#5060 = LINE('',#5061,#5062);
#5061 = CARTESIAN_POINT('',(108.490398,-120.098749,-4.6E-02));
#5062 = VECTOR('',#5063,1.);
#5063 = DIRECTION('',(0.,0.,1.));
#5064 = ORIENTED_EDGE('',*,*,#2948,.F.);
#5065 = ORIENTED_EDGE('',*,*,#5059,.F.);
#5066 = CYLINDRICAL_SURFACE('',#5067,2.);
#5067 = AXIS2_PLACEMENT_3D('',#5068,#5069,#5070);
#5068 = CARTESIAN_POINT('',(108.490398,-118.098749,-4.6E-02));
#5069 = DIRECTION('',(-0.,-0.,-1.));
#5070 = DIRECTION('',(-0.,-1.,0.));
#5071 = ADVANCED_FACE('',(#5072),#5083,.F.);
#5072 = FACE_BOUND('',#5073,.T.);
#5073 = EDGE_LOOP('',(#5074,#5075,#5081,#5082));
#5074 = ORIENTED_EDGE('',*,*,#1108,.T.);
#5075 = ORIENTED_EDGE('',*,*,#5076,.T.);
#5076 = EDGE_CURVE('',#1109,#2960,#5077,.T.);
#5077 = LINE('',#5078,#5079);
#5078 = CARTESIAN_POINT('',(104.680398,-116.308749,-4.6E-02));
#5079 = VECTOR('',#5080,1.);
#5080 = DIRECTION('',(0.,0.,1.));
#5081 = ORIENTED_EDGE('',*,*,#2959,.F.);
#5082 = ORIENTED_EDGE('',*,*,#5076,.F.);
#5083 = CYLINDRICAL_SURFACE('',#5084,0.75);
#5084 = AXIS2_PLACEMENT_3D('',#5085,#5086,#5087);
#5085 = CARTESIAN_POINT('',(104.680398,-115.558749,-4.6E-02));
#5086 = DIRECTION('',(-0.,-0.,-1.));
#5087 = DIRECTION('',(-0.,-1.,0.));
#5088 = ADVANCED_FACE('',(#5089),#5100,.F.);
#5089 = FACE_BOUND('',#5090,.T.);
#5090 = EDGE_LOOP('',(#5091,#5092,#5098,#5099));
#5091 = ORIENTED_EDGE('',*,*,#1119,.T.);
#5092 = ORIENTED_EDGE('',*,*,#5093,.T.);
#5093 = EDGE_CURVE('',#1120,#2971,#5094,.T.);
#5094 = LINE('',#5095,#5096);
#5095 = CARTESIAN_POINT('',(113.570398,-118.948749,-4.6E-02));
#5096 = VECTOR('',#5097,1.);
#5097 = DIRECTION('',(0.,0.,1.));
#5098 = ORIENTED_EDGE('',*,*,#2970,.F.);
#5099 = ORIENTED_EDGE('',*,*,#5093,.F.);
#5100 = CYLINDRICAL_SURFACE('',#5101,0.85);
#5101 = AXIS2_PLACEMENT_3D('',#5102,#5103,#5104);
#5102 = CARTESIAN_POINT('',(113.570398,-118.098749,-4.6E-02));
#5103 = DIRECTION('',(-0.,-0.,-1.));
#5104 = DIRECTION('',(-1.671865260612E-14,-1.,0.));
#5105 = ADVANCED_FACE('',(#5106),#5117,.F.);
#5106 = FACE_BOUND('',#5107,.T.);
#5107 = EDGE_LOOP('',(#5108,#5109,#5115,#5116));
#5108 = ORIENTED_EDGE('',*,*,#1130,.T.);
#5109 = ORIENTED_EDGE('',*,*,#5110,.T.);
#5110 = EDGE_CURVE('',#1131,#2982,#5111,.T.);
#5111 = LINE('',#5112,#5113);
#5112 = CARTESIAN_POINT('',(118.174148,-121.991249,-4.6E-02));
#5113 = VECTOR('',#5114,1.);
#5114 = DIRECTION('',(0.,0.,1.));
#5115 = ORIENTED_EDGE('',*,*,#2981,.F.);
#5116 = ORIENTED_EDGE('',*,*,#5110,.F.);
#5117 = CYLINDRICAL_SURFACE('',#5118,0.4);
#5118 = AXIS2_PLACEMENT_3D('',#5119,#5120,#5121);
#5119 = CARTESIAN_POINT('',(118.174148,-121.591249,-4.6E-02));
#5120 = DIRECTION('',(-0.,-0.,-1.));
#5121 = DIRECTION('',(-0.,-1.,0.));
#5122 = ADVANCED_FACE('',(#5123),#5134,.F.);
#5123 = FACE_BOUND('',#5124,.T.);
#5124 = EDGE_LOOP('',(#5125,#5126,#5132,#5133));
#5125 = ORIENTED_EDGE('',*,*,#1141,.T.);
#5126 = ORIENTED_EDGE('',*,*,#5127,.T.);
#5127 = EDGE_CURVE('',#1142,#2993,#5128,.T.);
#5128 = LINE('',#5129,#5130);
#5129 = CARTESIAN_POINT('',(111.030398,-113.768749,-4.6E-02));
#5130 = VECTOR('',#5131,1.);
#5131 = DIRECTION('',(0.,0.,1.));
#5132 = ORIENTED_EDGE('',*,*,#2992,.F.);
#5133 = ORIENTED_EDGE('',*,*,#5127,.F.);
#5134 = CYLINDRICAL_SURFACE('',#5135,0.75);
#5135 = AXIS2_PLACEMENT_3D('',#5136,#5137,#5138);
#5136 = CARTESIAN_POINT('',(111.030398,-113.018749,-4.6E-02));
#5137 = DIRECTION('',(-0.,-0.,-1.));
#5138 = DIRECTION('',(-0.,-1.,0.));
#5139 = ADVANCED_FACE('',(#5140),#5151,.F.);
#5140 = FACE_BOUND('',#5141,.T.);
#5141 = EDGE_LOOP('',(#5142,#5143,#5149,#5150));
#5142 = ORIENTED_EDGE('',*,*,#1152,.T.);
#5143 = ORIENTED_EDGE('',*,*,#5144,.T.);
#5144 = EDGE_CURVE('',#1153,#3004,#5145,.T.);
#5145 = LINE('',#5146,#5147);
#5146 = CARTESIAN_POINT('',(118.174148,-114.371249,-4.6E-02));
#5147 = VECTOR('',#5148,1.);
#5148 = DIRECTION('',(0.,0.,1.));
#5149 = ORIENTED_EDGE('',*,*,#3003,.F.);
#5150 = ORIENTED_EDGE('',*,*,#5144,.F.);
#5151 = CYLINDRICAL_SURFACE('',#5152,0.4);
#5152 = AXIS2_PLACEMENT_3D('',#5153,#5154,#5155);
#5153 = CARTESIAN_POINT('',(118.174148,-113.971249,-4.6E-02));
#5154 = DIRECTION('',(-0.,-0.,-1.));
#5155 = DIRECTION('',(-0.,-1.,0.));
#5156 = ADVANCED_FACE('',(#5157),#5168,.F.);
#5157 = FACE_BOUND('',#5158,.T.);
#5158 = EDGE_LOOP('',(#5159,#5160,#5166,#5167));
#5159 = ORIENTED_EDGE('',*,*,#1163,.T.);
#5160 = ORIENTED_EDGE('',*,*,#5161,.T.);
#5161 = EDGE_CURVE('',#1164,#3015,#5162,.T.);
#5162 = LINE('',#5163,#5164);
#5163 = CARTESIAN_POINT('',(122.460398,-118.948749,-4.6E-02));
#5164 = VECTOR('',#5165,1.);
#5165 = DIRECTION('',(0.,0.,1.));
#5166 = ORIENTED_EDGE('',*,*,#3014,.F.);
#5167 = ORIENTED_EDGE('',*,*,#5161,.F.);
#5168 = CYLINDRICAL_SURFACE('',#5169,0.85);
#5169 = AXIS2_PLACEMENT_3D('',#5170,#5171,#5172);
#5170 = CARTESIAN_POINT('',(122.460398,-118.098749,-4.6E-02));
#5171 = DIRECTION('',(-0.,-0.,-1.));
#5172 = DIRECTION('',(-0.,-1.,0.));
#5173 = ADVANCED_FACE('',(#5174),#5185,.F.);
#5174 = FACE_BOUND('',#5175,.T.);
#5175 = EDGE_LOOP('',(#5176,#5177,#5183,#5184));
#5176 = ORIENTED_EDGE('',*,*,#1174,.T.);
#5177 = ORIENTED_EDGE('',*,*,#5178,.T.);
#5178 = EDGE_CURVE('',#1175,#3026,#5179,.T.);
#5179 = LINE('',#5180,#5181);
#5180 = CARTESIAN_POINT('',(127.540398,-120.098749,-4.6E-02));
#5181 = VECTOR('',#5182,1.);
#5182 = DIRECTION('',(0.,0.,1.));
#5183 = ORIENTED_EDGE('',*,*,#3025,.F.);
#5184 = ORIENTED_EDGE('',*,*,#5178,.F.);
#5185 = CYLINDRICAL_SURFACE('',#5186,2.);
#5186 = AXIS2_PLACEMENT_3D('',#5187,#5188,#5189);
#5187 = CARTESIAN_POINT('',(127.540398,-118.098749,-4.6E-02));
#5188 = DIRECTION('',(-0.,-0.,-1.));
#5189 = DIRECTION('',(-7.105427357601E-15,-1.,0.));
#5190 = ADVANCED_FACE('',(#5191),#5202,.F.);
#5191 = FACE_BOUND('',#5192,.T.);
#5192 = EDGE_LOOP('',(#5193,#5194,#5200,#5201));
#5193 = ORIENTED_EDGE('',*,*,#1185,.T.);
#5194 = ORIENTED_EDGE('',*,*,#5195,.T.);
#5195 = EDGE_CURVE('',#1186,#3037,#5196,.T.);
#5196 = LINE('',#5197,#5198);
#5197 = CARTESIAN_POINT('',(123.730398,-116.308749,-4.6E-02));
#5198 = VECTOR('',#5199,1.);
#5199 = DIRECTION('',(0.,0.,1.));
#5200 = ORIENTED_EDGE('',*,*,#3036,.F.);
#5201 = ORIENTED_EDGE('',*,*,#5195,.F.);
#5202 = CYLINDRICAL_SURFACE('',#5203,0.75);
#5203 = AXIS2_PLACEMENT_3D('',#5204,#5205,#5206);
#5204 = CARTESIAN_POINT('',(123.730398,-115.558749,-4.6E-02));
#5205 = DIRECTION('',(-0.,-0.,-1.));
#5206 = DIRECTION('',(-0.,-1.,0.));
#5207 = ADVANCED_FACE('',(#5208),#5219,.F.);
#5208 = FACE_BOUND('',#5209,.T.);
#5209 = EDGE_LOOP('',(#5210,#5211,#5217,#5218));
#5210 = ORIENTED_EDGE('',*,*,#1196,.T.);
#5211 = ORIENTED_EDGE('',*,*,#5212,.T.);
#5212 = EDGE_CURVE('',#1197,#3048,#5213,.T.);
#5213 = LINE('',#5214,#5215);
#5214 = CARTESIAN_POINT('',(132.620398,-118.948749,-4.6E-02));
#5215 = VECTOR('',#5216,1.);
#5216 = DIRECTION('',(0.,0.,1.));
#5217 = ORIENTED_EDGE('',*,*,#3047,.F.);
#5218 = ORIENTED_EDGE('',*,*,#5212,.F.);
#5219 = CYLINDRICAL_SURFACE('',#5220,0.85);
#5220 = AXIS2_PLACEMENT_3D('',#5221,#5222,#5223);
#5221 = CARTESIAN_POINT('',(132.620398,-118.098749,-4.6E-02));
#5222 = DIRECTION('',(-0.,-0.,-1.));
#5223 = DIRECTION('',(-0.,-1.,0.));
#5224 = ADVANCED_FACE('',(#5225),#5236,.F.);
#5225 = FACE_BOUND('',#5226,.T.);
#5226 = EDGE_LOOP('',(#5227,#5228,#5234,#5235));
#5227 = ORIENTED_EDGE('',*,*,#1207,.T.);
#5228 = ORIENTED_EDGE('',*,*,#5229,.T.);
#5229 = EDGE_CURVE('',#1208,#3059,#5230,.T.);
#5230 = LINE('',#5231,#5232);
#5231 = CARTESIAN_POINT('',(137.224148,-121.991249,-4.6E-02));
#5232 = VECTOR('',#5233,1.);
#5233 = DIRECTION('',(0.,0.,1.));
#5234 = ORIENTED_EDGE('',*,*,#3058,.F.);
#5235 = ORIENTED_EDGE('',*,*,#5229,.F.);
#5236 = CYLINDRICAL_SURFACE('',#5237,0.4);
#5237 = AXIS2_PLACEMENT_3D('',#5238,#5239,#5240);
#5238 = CARTESIAN_POINT('',(137.224148,-121.591249,-4.6E-02));
#5239 = DIRECTION('',(-0.,-0.,-1.));
#5240 = DIRECTION('',(-0.,-1.,0.));
#5241 = ADVANCED_FACE('',(#5242),#5253,.F.);
#5242 = FACE_BOUND('',#5243,.T.);
#5243 = EDGE_LOOP('',(#5244,#5245,#5251,#5252));
#5244 = ORIENTED_EDGE('',*,*,#1218,.T.);
#5245 = ORIENTED_EDGE('',*,*,#5246,.T.);
#5246 = EDGE_CURVE('',#1219,#3070,#5247,.T.);
#5247 = LINE('',#5248,#5249);
#5248 = CARTESIAN_POINT('',(130.080398,-113.768749,-4.6E-02));
#5249 = VECTOR('',#5250,1.);
#5250 = DIRECTION('',(0.,0.,1.));
#5251 = ORIENTED_EDGE('',*,*,#3069,.F.);
#5252 = ORIENTED_EDGE('',*,*,#5246,.F.);
#5253 = CYLINDRICAL_SURFACE('',#5254,0.75);
#5254 = AXIS2_PLACEMENT_3D('',#5255,#5256,#5257);
#5255 = CARTESIAN_POINT('',(130.080398,-113.018749,-4.6E-02));
#5256 = DIRECTION('',(-0.,-0.,-1.));
#5257 = DIRECTION('',(-0.,-1.,0.));
#5258 = ADVANCED_FACE('',(#5259),#5270,.F.);
#5259 = FACE_BOUND('',#5260,.T.);
#5260 = EDGE_LOOP('',(#5261,#5262,#5268,#5269));
#5261 = ORIENTED_EDGE('',*,*,#1229,.T.);
#5262 = ORIENTED_EDGE('',*,*,#5263,.T.);
#5263 = EDGE_CURVE('',#1230,#3081,#5264,.T.);
#5264 = LINE('',#5265,#5266);
#5265 = CARTESIAN_POINT('',(137.224148,-114.371249,-4.6E-02));
#5266 = VECTOR('',#5267,1.);
#5267 = DIRECTION('',(0.,0.,1.));
#5268 = ORIENTED_EDGE('',*,*,#3080,.F.);
#5269 = ORIENTED_EDGE('',*,*,#5263,.F.);
#5270 = CYLINDRICAL_SURFACE('',#5271,0.4);
#5271 = AXIS2_PLACEMENT_3D('',#5272,#5273,#5274);
#5272 = CARTESIAN_POINT('',(137.224148,-113.971249,-4.6E-02));
#5273 = DIRECTION('',(-0.,-0.,-1.));
#5274 = DIRECTION('',(-0.,-1.,0.));
#5275 = ADVANCED_FACE('',(#5276),#5287,.F.);
#5276 = FACE_BOUND('',#5277,.T.);
#5277 = EDGE_LOOP('',(#5278,#5279,#5285,#5286));
#5278 = ORIENTED_EDGE('',*,*,#1240,.T.);
#5279 = ORIENTED_EDGE('',*,*,#5280,.T.);
#5280 = EDGE_CURVE('',#1241,#3092,#5281,.T.);
#5281 = LINE('',#5282,#5283);
#5282 = CARTESIAN_POINT('',(65.310398,-99.898749,-4.6E-02));
#5283 = VECTOR('',#5284,1.);
#5284 = DIRECTION('',(0.,0.,1.));
#5285 = ORIENTED_EDGE('',*,*,#3091,.F.);
#5286 = ORIENTED_EDGE('',*,*,#5280,.F.);
#5287 = CYLINDRICAL_SURFACE('',#5288,0.85);
#5288 = AXIS2_PLACEMENT_3D('',#5289,#5290,#5291);
#5289 = CARTESIAN_POINT('',(65.310398,-99.048749,-4.6E-02));
#5290 = DIRECTION('',(-0.,0.,-1.));
#5291 = DIRECTION('',(1.671865260612E-14,-1.,-0.));
#5292 = ADVANCED_FACE('',(#5293),#5304,.F.);
#5293 = FACE_BOUND('',#5294,.T.);
#5294 = EDGE_LOOP('',(#5295,#5296,#5302,#5303));
#5295 = ORIENTED_EDGE('',*,*,#1251,.T.);
#5296 = ORIENTED_EDGE('',*,*,#5297,.T.);
#5297 = EDGE_CURVE('',#1252,#3103,#5298,.T.);
#5298 = LINE('',#5299,#5300);
#5299 = CARTESIAN_POINT('',(70.390398,-101.048749,-4.6E-02));
#5300 = VECTOR('',#5301,1.);
#5301 = DIRECTION('',(0.,0.,1.));
#5302 = ORIENTED_EDGE('',*,*,#3102,.F.);
#5303 = ORIENTED_EDGE('',*,*,#5297,.F.);
#5304 = CYLINDRICAL_SURFACE('',#5305,2.);
#5305 = AXIS2_PLACEMENT_3D('',#5306,#5307,#5308);
#5306 = CARTESIAN_POINT('',(70.390398,-99.048749,-4.6E-02));
#5307 = DIRECTION('',(-0.,-0.,-1.));
#5308 = DIRECTION('',(-0.,-1.,0.));
#5309 = ADVANCED_FACE('',(#5310),#5321,.F.);
#5310 = FACE_BOUND('',#5311,.T.);
#5311 = EDGE_LOOP('',(#5312,#5313,#5319,#5320));
#5312 = ORIENTED_EDGE('',*,*,#1262,.T.);
#5313 = ORIENTED_EDGE('',*,*,#5314,.T.);
#5314 = EDGE_CURVE('',#1263,#3114,#5315,.T.);
#5315 = LINE('',#5316,#5317);
#5316 = CARTESIAN_POINT('',(66.580398,-97.258749,-4.6E-02));
#5317 = VECTOR('',#5318,1.);
#5318 = DIRECTION('',(0.,0.,1.));
#5319 = ORIENTED_EDGE('',*,*,#3113,.F.);
#5320 = ORIENTED_EDGE('',*,*,#5314,.F.);
#5321 = CYLINDRICAL_SURFACE('',#5322,0.75);
#5322 = AXIS2_PLACEMENT_3D('',#5323,#5324,#5325);
#5323 = CARTESIAN_POINT('',(66.580398,-96.508749,-4.6E-02));
#5324 = DIRECTION('',(-0.,-0.,-1.));
#5325 = DIRECTION('',(-0.,-1.,0.));
#5326 = ADVANCED_FACE('',(#5327),#5338,.F.);
#5327 = FACE_BOUND('',#5328,.T.);
#5328 = EDGE_LOOP('',(#5329,#5330,#5336,#5337));
#5329 = ORIENTED_EDGE('',*,*,#1273,.T.);
#5330 = ORIENTED_EDGE('',*,*,#5331,.T.);
#5331 = EDGE_CURVE('',#1274,#3125,#5332,.T.);
#5332 = LINE('',#5333,#5334);
#5333 = CARTESIAN_POINT('',(72.930398,-94.718749,-4.6E-02));
#5334 = VECTOR('',#5335,1.);
#5335 = DIRECTION('',(0.,0.,1.));
#5336 = ORIENTED_EDGE('',*,*,#3124,.F.);
#5337 = ORIENTED_EDGE('',*,*,#5331,.F.);
#5338 = CYLINDRICAL_SURFACE('',#5339,0.75);
#5339 = AXIS2_PLACEMENT_3D('',#5340,#5341,#5342);
#5340 = CARTESIAN_POINT('',(72.930398,-93.968749,-4.6E-02));
#5341 = DIRECTION('',(-0.,-0.,-1.));
#5342 = DIRECTION('',(-0.,-1.,0.));
#5343 = ADVANCED_FACE('',(#5344),#5355,.F.);
#5344 = FACE_BOUND('',#5345,.T.);
#5345 = EDGE_LOOP('',(#5346,#5347,#5353,#5354));
#5346 = ORIENTED_EDGE('',*,*,#1284,.T.);
#5347 = ORIENTED_EDGE('',*,*,#5348,.T.);
#5348 = EDGE_CURVE('',#1285,#3136,#5349,.T.);
#5349 = LINE('',#5350,#5351);
#5350 = CARTESIAN_POINT('',(75.470398,-99.898749,-4.6E-02));
#5351 = VECTOR('',#5352,1.);
#5352 = DIRECTION('',(0.,0.,1.));
#5353 = ORIENTED_EDGE('',*,*,#3135,.F.);
#5354 = ORIENTED_EDGE('',*,*,#5348,.F.);
#5355 = CYLINDRICAL_SURFACE('',#5356,0.85);
#5356 = AXIS2_PLACEMENT_3D('',#5357,#5358,#5359);
#5357 = CARTESIAN_POINT('',(75.470398,-99.048749,-4.6E-02));
#5358 = DIRECTION('',(-0.,0.,-1.));
#5359 = DIRECTION('',(1.671865260612E-14,-1.,-0.));
#5360 = ADVANCED_FACE('',(#5361),#5372,.F.);
#5361 = FACE_BOUND('',#5362,.T.);
#5362 = EDGE_LOOP('',(#5363,#5364,#5370,#5371));
#5363 = ORIENTED_EDGE('',*,*,#1295,.T.);
#5364 = ORIENTED_EDGE('',*,*,#5365,.T.);
#5365 = EDGE_CURVE('',#1296,#3147,#5366,.T.);
#5366 = LINE('',#5367,#5368);
#5367 = CARTESIAN_POINT('',(80.074148,-102.941249,-4.6E-02));
#5368 = VECTOR('',#5369,1.);
#5369 = DIRECTION('',(0.,0.,1.));
#5370 = ORIENTED_EDGE('',*,*,#3146,.F.);
#5371 = ORIENTED_EDGE('',*,*,#5365,.F.);
#5372 = CYLINDRICAL_SURFACE('',#5373,0.4);
#5373 = AXIS2_PLACEMENT_3D('',#5374,#5375,#5376);
#5374 = CARTESIAN_POINT('',(80.074148,-102.541249,-4.6E-02));
#5375 = DIRECTION('',(-0.,-0.,-1.));
#5376 = DIRECTION('',(-3.552713678801E-14,-1.,0.));
#5377 = ADVANCED_FACE('',(#5378),#5389,.F.);
#5378 = FACE_BOUND('',#5379,.T.);
#5379 = EDGE_LOOP('',(#5380,#5381,#5387,#5388));
#5380 = ORIENTED_EDGE('',*,*,#1306,.T.);
#5381 = ORIENTED_EDGE('',*,*,#5382,.T.);
#5382 = EDGE_CURVE('',#1307,#3158,#5383,.T.);
#5383 = LINE('',#5384,#5385);
#5384 = CARTESIAN_POINT('',(80.074148,-95.321249,-4.6E-02));
#5385 = VECTOR('',#5386,1.);
#5386 = DIRECTION('',(0.,0.,1.));
#5387 = ORIENTED_EDGE('',*,*,#3157,.F.);
#5388 = ORIENTED_EDGE('',*,*,#5382,.F.);
#5389 = CYLINDRICAL_SURFACE('',#5390,0.4);
#5390 = AXIS2_PLACEMENT_3D('',#5391,#5392,#5393);
#5391 = CARTESIAN_POINT('',(80.074148,-94.921249,-4.6E-02));
#5392 = DIRECTION('',(-0.,-0.,-1.));
#5393 = DIRECTION('',(-3.552713678801E-14,-1.,0.));
#5394 = ADVANCED_FACE('',(#5395),#5411,.F.);
#5395 = FACE_BOUND('',#5396,.T.);
#5396 = EDGE_LOOP('',(#5397,#5398,#5404,#5405));
#5397 = ORIENTED_EDGE('',*,*,#1317,.T.);
#5398 = ORIENTED_EDGE('',*,*,#5399,.T.);
#5399 = EDGE_CURVE('',#1320,#3171,#5400,.T.);
#5400 = LINE('',#5401,#5402);
#5401 = CARTESIAN_POINT('',(72.542898,-83.578749,-4.6E-02));
#5402 = VECTOR('',#5403,1.);
#5403 = DIRECTION('',(0.,0.,1.));
#5404 = ORIENTED_EDGE('',*,*,#3168,.F.);
#5405 = ORIENTED_EDGE('',*,*,#5406,.F.);
#5406 = EDGE_CURVE('',#1318,#3169,#5407,.T.);
#5407 = LINE('',#5408,#5409);
#5408 = CARTESIAN_POINT('',(72.542898,-85.078749,-4.6E-02));
#5409 = VECTOR('',#5410,1.);
#5410 = DIRECTION('',(0.,0.,1.));
#5411 = CYLINDRICAL_SURFACE('',#5412,0.75);
#5412 = AXIS2_PLACEMENT_3D('',#5413,#5414,#5415);
#5413 = CARTESIAN_POINT('',(72.542898,-84.328749,-4.6E-02));
#5414 = DIRECTION('',(-0.,0.,-1.));
#5415 = DIRECTION('',(0.,1.,0.));
#5416 = ADVANCED_FACE('',(#5417),#5428,.T.);
#5417 = FACE_BOUND('',#5418,.T.);
#5418 = EDGE_LOOP('',(#5419,#5420,#5421,#5422));
#5419 = ORIENTED_EDGE('',*,*,#1345,.T.);
#5420 = ORIENTED_EDGE('',*,*,#5406,.T.);
#5421 = ORIENTED_EDGE('',*,*,#3196,.F.);
#5422 = ORIENTED_EDGE('',*,*,#5423,.F.);
#5423 = EDGE_CURVE('',#1337,#3188,#5424,.T.);
#5424 = LINE('',#5425,#5426);
#5425 = CARTESIAN_POINT('',(73.842898,-85.078749,-4.6E-02));
#5426 = VECTOR('',#5427,1.);
#5427 = DIRECTION('',(0.,0.,1.));
#5428 = PLANE('',#5429);
#5429 = AXIS2_PLACEMENT_3D('',#5430,#5431,#5432);
#5430 = CARTESIAN_POINT('',(72.542898,-85.078749,-4.6E-02));
#5431 = DIRECTION('',(0.,1.,0.));
#5432 = DIRECTION('',(1.,0.,0.));
#5433 = ADVANCED_FACE('',(#5434),#5445,.F.);
#5434 = FACE_BOUND('',#5435,.T.);
#5435 = EDGE_LOOP('',(#5436,#5437,#5438,#5439));
#5436 = ORIENTED_EDGE('',*,*,#1336,.T.);
#5437 = ORIENTED_EDGE('',*,*,#5423,.T.);
#5438 = ORIENTED_EDGE('',*,*,#3187,.F.);
#5439 = ORIENTED_EDGE('',*,*,#5440,.F.);
#5440 = EDGE_CURVE('',#1329,#3180,#5441,.T.);
#5441 = LINE('',#5442,#5443);
#5442 = CARTESIAN_POINT('',(73.842898,-83.578749,-4.6E-02));
#5443 = VECTOR('',#5444,1.);
#5444 = DIRECTION('',(0.,0.,1.));
#5445 = CYLINDRICAL_SURFACE('',#5446,0.75);
#5446 = AXIS2_PLACEMENT_3D('',#5447,#5448,#5449);
#5447 = CARTESIAN_POINT('',(73.842898,-84.328749,-4.6E-02));
#5448 = DIRECTION('',(-0.,-0.,-1.));
#5449 = DIRECTION('',(-0.,-1.,0.));
#5450 = ADVANCED_FACE('',(#5451),#5457,.T.);
#5451 = FACE_BOUND('',#5452,.T.);
#5452 = EDGE_LOOP('',(#5453,#5454,#5455,#5456));
#5453 = ORIENTED_EDGE('',*,*,#1328,.T.);
#5454 = ORIENTED_EDGE('',*,*,#5440,.T.);
#5455 = ORIENTED_EDGE('',*,*,#3179,.F.);
#5456 = ORIENTED_EDGE('',*,*,#5399,.F.);
#5457 = PLANE('',#5458);
#5458 = AXIS2_PLACEMENT_3D('',#5459,#5460,#5461);
#5459 = CARTESIAN_POINT('',(73.842898,-83.578749,-4.6E-02));
#5460 = DIRECTION('',(0.,-1.,0.));
#5461 = DIRECTION('',(-1.,0.,0.));
#5462 = ADVANCED_FACE('',(#5463),#5474,.F.);
#5463 = FACE_BOUND('',#5464,.T.);
#5464 = EDGE_LOOP('',(#5465,#5466,#5472,#5473));
#5465 = ORIENTED_EDGE('',*,*,#1353,.T.);
#5466 = ORIENTED_EDGE('',*,*,#5467,.T.);
#5467 = EDGE_CURVE('',#1354,#3205,#5468,.T.);
#5468 = LINE('',#5469,#5470);
#5469 = CARTESIAN_POINT('',(84.360398,-99.898749,-4.6E-02));
#5470 = VECTOR('',#5471,1.);
#5471 = DIRECTION('',(0.,0.,1.));
#5472 = ORIENTED_EDGE('',*,*,#3204,.F.);
#5473 = ORIENTED_EDGE('',*,*,#5467,.F.);
#5474 = CYLINDRICAL_SURFACE('',#5475,0.85);
#5475 = AXIS2_PLACEMENT_3D('',#5476,#5477,#5478);
#5476 = CARTESIAN_POINT('',(84.360398,-99.048749,-4.6E-02));
#5477 = DIRECTION('',(-0.,-0.,-1.));
#5478 = DIRECTION('',(-0.,-1.,0.));
#5479 = ADVANCED_FACE('',(#5480),#5491,.F.);
#5480 = FACE_BOUND('',#5481,.T.);
#5481 = EDGE_LOOP('',(#5482,#5483,#5489,#5490));
#5482 = ORIENTED_EDGE('',*,*,#1364,.T.);
#5483 = ORIENTED_EDGE('',*,*,#5484,.T.);
#5484 = EDGE_CURVE('',#1365,#3216,#5485,.T.);
#5485 = LINE('',#5486,#5487);
#5486 = CARTESIAN_POINT('',(89.440398,-101.048749,-4.6E-02));
#5487 = VECTOR('',#5488,1.);
#5488 = DIRECTION('',(0.,0.,1.));
#5489 = ORIENTED_EDGE('',*,*,#3215,.F.);
#5490 = ORIENTED_EDGE('',*,*,#5484,.F.);
#5491 = CYLINDRICAL_SURFACE('',#5492,2.);
#5492 = AXIS2_PLACEMENT_3D('',#5493,#5494,#5495);
#5493 = CARTESIAN_POINT('',(89.440398,-99.048749,-4.6E-02));
#5494 = DIRECTION('',(-0.,-0.,-1.));
#5495 = DIRECTION('',(-0.,-1.,0.));
#5496 = ADVANCED_FACE('',(#5497),#5508,.F.);
#5497 = FACE_BOUND('',#5498,.T.);
#5498 = EDGE_LOOP('',(#5499,#5500,#5506,#5507));
#5499 = ORIENTED_EDGE('',*,*,#1375,.T.);
#5500 = ORIENTED_EDGE('',*,*,#5501,.T.);
#5501 = EDGE_CURVE('',#1376,#3227,#5502,.T.);
#5502 = LINE('',#5503,#5504);
#5503 = CARTESIAN_POINT('',(85.630398,-97.258749,-4.6E-02));
#5504 = VECTOR('',#5505,1.);
#5505 = DIRECTION('',(0.,0.,1.));
#5506 = ORIENTED_EDGE('',*,*,#3226,.F.);
#5507 = ORIENTED_EDGE('',*,*,#5501,.F.);
#5508 = CYLINDRICAL_SURFACE('',#5509,0.75);
#5509 = AXIS2_PLACEMENT_3D('',#5510,#5511,#5512);
#5510 = CARTESIAN_POINT('',(85.630398,-96.508749,-4.6E-02));
#5511 = DIRECTION('',(-0.,-0.,-1.));
#5512 = DIRECTION('',(-0.,-1.,0.));
#5513 = ADVANCED_FACE('',(#5514),#5525,.F.);
#5514 = FACE_BOUND('',#5515,.T.);
#5515 = EDGE_LOOP('',(#5516,#5517,#5523,#5524));
#5516 = ORIENTED_EDGE('',*,*,#1386,.T.);
#5517 = ORIENTED_EDGE('',*,*,#5518,.T.);
#5518 = EDGE_CURVE('',#1387,#3238,#5519,.T.);
#5519 = LINE('',#5520,#5521);
#5520 = CARTESIAN_POINT('',(94.520398,-99.898749,-4.6E-02));
#5521 = VECTOR('',#5522,1.);
#5522 = DIRECTION('',(0.,0.,1.));
#5523 = ORIENTED_EDGE('',*,*,#3237,.F.);
#5524 = ORIENTED_EDGE('',*,*,#5518,.F.);
#5525 = CYLINDRICAL_SURFACE('',#5526,0.85);
#5526 = AXIS2_PLACEMENT_3D('',#5527,#5528,#5529);
#5527 = CARTESIAN_POINT('',(94.520398,-99.048749,-4.6E-02));
#5528 = DIRECTION('',(-0.,-0.,-1.));
#5529 = DIRECTION('',(-0.,-1.,0.));
#5530 = ADVANCED_FACE('',(#5531),#5542,.F.);
#5531 = FACE_BOUND('',#5532,.T.);
#5532 = EDGE_LOOP('',(#5533,#5534,#5540,#5541));
#5533 = ORIENTED_EDGE('',*,*,#1397,.T.);
#5534 = ORIENTED_EDGE('',*,*,#5535,.T.);
#5535 = EDGE_CURVE('',#1398,#3249,#5536,.T.);
#5536 = LINE('',#5537,#5538);
#5537 = CARTESIAN_POINT('',(99.124148,-102.941249,-4.6E-02));
#5538 = VECTOR('',#5539,1.);
#5539 = DIRECTION('',(0.,0.,1.));
#5540 = ORIENTED_EDGE('',*,*,#3248,.F.);
#5541 = ORIENTED_EDGE('',*,*,#5535,.F.);
#5542 = CYLINDRICAL_SURFACE('',#5543,0.4);
#5543 = AXIS2_PLACEMENT_3D('',#5544,#5545,#5546);
#5544 = CARTESIAN_POINT('',(99.124148,-102.541249,-4.6E-02));
#5545 = DIRECTION('',(-0.,0.,-1.));
#5546 = DIRECTION('',(3.5527136788E-14,-1.,-0.));
#5547 = ADVANCED_FACE('',(#5548),#5559,.F.);
#5548 = FACE_BOUND('',#5549,.T.);
#5549 = EDGE_LOOP('',(#5550,#5551,#5557,#5558));
#5550 = ORIENTED_EDGE('',*,*,#1408,.T.);
#5551 = ORIENTED_EDGE('',*,*,#5552,.T.);
#5552 = EDGE_CURVE('',#1409,#3260,#5553,.T.);
#5553 = LINE('',#5554,#5555);
#5554 = CARTESIAN_POINT('',(91.980398,-94.718749,-4.6E-02));
#5555 = VECTOR('',#5556,1.);
#5556 = DIRECTION('',(0.,0.,1.));
#5557 = ORIENTED_EDGE('',*,*,#3259,.F.);
#5558 = ORIENTED_EDGE('',*,*,#5552,.F.);
#5559 = CYLINDRICAL_SURFACE('',#5560,0.75);
#5560 = AXIS2_PLACEMENT_3D('',#5561,#5562,#5563);
#5561 = CARTESIAN_POINT('',(91.980398,-93.968749,-4.6E-02));
#5562 = DIRECTION('',(-0.,-0.,-1.));
#5563 = DIRECTION('',(-0.,-1.,0.));
#5564 = ADVANCED_FACE('',(#5565),#5576,.F.);
#5565 = FACE_BOUND('',#5566,.T.);
#5566 = EDGE_LOOP('',(#5567,#5568,#5574,#5575));
#5567 = ORIENTED_EDGE('',*,*,#1419,.T.);
#5568 = ORIENTED_EDGE('',*,*,#5569,.T.);
#5569 = EDGE_CURVE('',#1420,#3271,#5570,.T.);
#5570 = LINE('',#5571,#5572);
#5571 = CARTESIAN_POINT('',(99.124148,-95.321249,-4.6E-02));
#5572 = VECTOR('',#5573,1.);
#5573 = DIRECTION('',(0.,0.,1.));
#5574 = ORIENTED_EDGE('',*,*,#3270,.F.);
#5575 = ORIENTED_EDGE('',*,*,#5569,.F.);
#5576 = CYLINDRICAL_SURFACE('',#5577,0.4);
#5577 = AXIS2_PLACEMENT_3D('',#5578,#5579,#5580);
#5578 = CARTESIAN_POINT('',(99.124148,-94.921249,-4.6E-02));
#5579 = DIRECTION('',(-0.,0.,-1.));
#5580 = DIRECTION('',(3.5527136788E-14,-1.,-0.));
#5581 = ADVANCED_FACE('',(#5582),#5593,.F.);
#5582 = FACE_BOUND('',#5583,.T.);
#5583 = EDGE_LOOP('',(#5584,#5585,#5591,#5592));
#5584 = ORIENTED_EDGE('',*,*,#1430,.T.);
#5585 = ORIENTED_EDGE('',*,*,#5586,.T.);
#5586 = EDGE_CURVE('',#1431,#3282,#5587,.T.);
#5587 = LINE('',#5588,#5589);
#5588 = CARTESIAN_POINT('',(66.192898,-81.728749,-4.6E-02));
#5589 = VECTOR('',#5590,1.);
#5590 = DIRECTION('',(0.,0.,1.));
#5591 = ORIENTED_EDGE('',*,*,#3281,.F.);
#5592 = ORIENTED_EDGE('',*,*,#5586,.F.);
#5593 = CYLINDRICAL_SURFACE('',#5594,0.5);
#5594 = AXIS2_PLACEMENT_3D('',#5595,#5596,#5597);
#5595 = CARTESIAN_POINT('',(66.192898,-81.228749,-4.6E-02));
#5596 = DIRECTION('',(-0.,-0.,-1.));
#5597 = DIRECTION('',(-0.,-1.,0.));
#5598 = ADVANCED_FACE('',(#5599),#5610,.F.);
#5599 = FACE_BOUND('',#5600,.T.);
#5600 = EDGE_LOOP('',(#5601,#5602,#5608,#5609));
#5601 = ORIENTED_EDGE('',*,*,#1441,.T.);
#5602 = ORIENTED_EDGE('',*,*,#5603,.T.);
#5603 = EDGE_CURVE('',#1442,#3293,#5604,.T.);
#5604 = LINE('',#5605,#5606);
#5605 = CARTESIAN_POINT('',(73.192898,-79.778749,-4.6E-02));
#5606 = VECTOR('',#5607,1.);
#5607 = DIRECTION('',(0.,0.,1.));
#5608 = ORIENTED_EDGE('',*,*,#3292,.F.);
#5609 = ORIENTED_EDGE('',*,*,#5603,.F.);
#5610 = CYLINDRICAL_SURFACE('',#5611,1.05);
#5611 = AXIS2_PLACEMENT_3D('',#5612,#5613,#5614);
#5612 = CARTESIAN_POINT('',(73.192898,-78.728749,-4.6E-02));
#5613 = DIRECTION('',(-0.,-0.,-1.));
#5614 = DIRECTION('',(-0.,-1.,0.));
#5615 = ADVANCED_FACE('',(#5616),#5627,.F.);
#5616 = FACE_BOUND('',#5617,.T.);
#5617 = EDGE_LOOP('',(#5618,#5619,#5625,#5626));
#5618 = ORIENTED_EDGE('',*,*,#1452,.T.);
#5619 = ORIENTED_EDGE('',*,*,#5620,.T.);
#5620 = EDGE_CURVE('',#1453,#3304,#5621,.T.);
#5621 = LINE('',#5622,#5623);
#5622 = CARTESIAN_POINT('',(66.192898,-76.728749,-4.6E-02));
#5623 = VECTOR('',#5624,1.);
#5624 = DIRECTION('',(0.,0.,1.));
#5625 = ORIENTED_EDGE('',*,*,#3303,.F.);
#5626 = ORIENTED_EDGE('',*,*,#5620,.F.);
#5627 = CYLINDRICAL_SURFACE('',#5628,0.5);
#5628 = AXIS2_PLACEMENT_3D('',#5629,#5630,#5631);
#5629 = CARTESIAN_POINT('',(66.192898,-76.228749,-4.6E-02));
#5630 = DIRECTION('',(-0.,-0.,-1.));
#5631 = DIRECTION('',(-0.,-1.,0.));
#5632 = ADVANCED_FACE('',(#5633),#5649,.F.);
#5633 = FACE_BOUND('',#5634,.T.);
#5634 = EDGE_LOOP('',(#5635,#5636,#5642,#5643));
#5635 = ORIENTED_EDGE('',*,*,#1463,.T.);
#5636 = ORIENTED_EDGE('',*,*,#5637,.T.);
#5637 = EDGE_CURVE('',#1466,#3317,#5638,.T.);
#5638 = LINE('',#5639,#5640);
#5639 = CARTESIAN_POINT('',(77.392898,-77.928749,-4.6E-02));
#5640 = VECTOR('',#5641,1.);
#5641 = DIRECTION('',(0.,0.,1.));
#5642 = ORIENTED_EDGE('',*,*,#3314,.F.);
#5643 = ORIENTED_EDGE('',*,*,#5644,.F.);
#5644 = EDGE_CURVE('',#1464,#3315,#5645,.T.);
#5645 = LINE('',#5646,#5647);
#5646 = CARTESIAN_POINT('',(77.392898,-79.528749,-4.6E-02));
#5647 = VECTOR('',#5648,1.);
#5648 = DIRECTION('',(0.,0.,1.));
#5649 = CYLINDRICAL_SURFACE('',#5650,0.8);
#5650 = AXIS2_PLACEMENT_3D('',#5651,#5652,#5653);
#5651 = CARTESIAN_POINT('',(77.392898,-78.728749,-4.6E-02));
#5652 = DIRECTION('',(-0.,0.,-1.));
#5653 = DIRECTION('',(0.,1.,0.));
#5654 = ADVANCED_FACE('',(#5655),#5666,.T.);
#5655 = FACE_BOUND('',#5656,.T.);
#5656 = EDGE_LOOP('',(#5657,#5658,#5659,#5660));
#5657 = ORIENTED_EDGE('',*,*,#1491,.T.);
#5658 = ORIENTED_EDGE('',*,*,#5644,.T.);
#5659 = ORIENTED_EDGE('',*,*,#3342,.F.);
#5660 = ORIENTED_EDGE('',*,*,#5661,.F.);
#5661 = EDGE_CURVE('',#1483,#3334,#5662,.T.);
#5662 = LINE('',#5663,#5664);
#5663 = CARTESIAN_POINT('',(77.992898,-79.528749,-4.6E-02));
#5664 = VECTOR('',#5665,1.);
#5665 = DIRECTION('',(0.,0.,1.));
#5666 = PLANE('',#5667);
#5667 = AXIS2_PLACEMENT_3D('',#5668,#5669,#5670);
#5668 = CARTESIAN_POINT('',(77.392898,-79.528749,-4.6E-02));
#5669 = DIRECTION('',(0.,1.,0.));
#5670 = DIRECTION('',(1.,0.,0.));
#5671 = ADVANCED_FACE('',(#5672),#5683,.F.);
#5672 = FACE_BOUND('',#5673,.T.);
#5673 = EDGE_LOOP('',(#5674,#5675,#5676,#5677));
#5674 = ORIENTED_EDGE('',*,*,#1482,.T.);
#5675 = ORIENTED_EDGE('',*,*,#5661,.T.);
#5676 = ORIENTED_EDGE('',*,*,#3333,.F.);
#5677 = ORIENTED_EDGE('',*,*,#5678,.F.);
#5678 = EDGE_CURVE('',#1475,#3326,#5679,.T.);
#5679 = LINE('',#5680,#5681);
#5680 = CARTESIAN_POINT('',(77.992898,-77.928749,-4.6E-02));
#5681 = VECTOR('',#5682,1.);
#5682 = DIRECTION('',(0.,0.,1.));
#5683 = CYLINDRICAL_SURFACE('',#5684,0.8);
#5684 = AXIS2_PLACEMENT_3D('',#5685,#5686,#5687);
#5685 = CARTESIAN_POINT('',(77.992898,-78.728749,-4.6E-02));
#5686 = DIRECTION('',(-0.,-0.,-1.));
#5687 = DIRECTION('',(-0.,-1.,0.));
#5688 = ADVANCED_FACE('',(#5689),#5695,.T.);
#5689 = FACE_BOUND('',#5690,.T.);
#5690 = EDGE_LOOP('',(#5691,#5692,#5693,#5694));
#5691 = ORIENTED_EDGE('',*,*,#1474,.T.);
#5692 = ORIENTED_EDGE('',*,*,#5678,.T.);
#5693 = ORIENTED_EDGE('',*,*,#3325,.F.);
#5694 = ORIENTED_EDGE('',*,*,#5637,.F.);
#5695 = PLANE('',#5696);
#5696 = AXIS2_PLACEMENT_3D('',#5697,#5698,#5699);
#5697 = CARTESIAN_POINT('',(77.992898,-77.928749,-4.6E-02));
#5698 = DIRECTION('',(0.,-1.,0.));
#5699 = DIRECTION('',(-1.,0.,0.));
#5700 = ADVANCED_FACE('',(#5701),#5712,.F.);
#5701 = FACE_BOUND('',#5702,.T.);
#5702 = EDGE_LOOP('',(#5703,#5704,#5710,#5711));
#5703 = ORIENTED_EDGE('',*,*,#1499,.T.);
#5704 = ORIENTED_EDGE('',*,*,#5705,.T.);
#5705 = EDGE_CURVE('',#1500,#3351,#5706,.T.);
#5706 = LINE('',#5707,#5708);
#5707 = CARTESIAN_POINT('',(80.692898,-81.728749,-4.6E-02));
#5708 = VECTOR('',#5709,1.);
#5709 = DIRECTION('',(0.,0.,1.));
#5710 = ORIENTED_EDGE('',*,*,#3350,.F.);
#5711 = ORIENTED_EDGE('',*,*,#5705,.F.);
#5712 = CYLINDRICAL_SURFACE('',#5713,0.5);
#5713 = AXIS2_PLACEMENT_3D('',#5714,#5715,#5716);
#5714 = CARTESIAN_POINT('',(80.692898,-81.228749,-4.6E-02));
#5715 = DIRECTION('',(-0.,-0.,-1.));
#5716 = DIRECTION('',(-0.,-1.,0.));
#5717 = ADVANCED_FACE('',(#5718),#5729,.F.);
#5718 = FACE_BOUND('',#5719,.T.);
#5719 = EDGE_LOOP('',(#5720,#5721,#5727,#5728));
#5720 = ORIENTED_EDGE('',*,*,#1510,.T.);
#5721 = ORIENTED_EDGE('',*,*,#5722,.T.);
#5722 = EDGE_CURVE('',#1511,#3362,#5723,.T.);
#5723 = LINE('',#5724,#5725);
#5724 = CARTESIAN_POINT('',(80.692898,-79.228749,-4.6E-02));
#5725 = VECTOR('',#5726,1.);
#5726 = DIRECTION('',(0.,0.,1.));
#5727 = ORIENTED_EDGE('',*,*,#3361,.F.);
#5728 = ORIENTED_EDGE('',*,*,#5722,.F.);
#5729 = CYLINDRICAL_SURFACE('',#5730,0.5);
#5730 = AXIS2_PLACEMENT_3D('',#5731,#5732,#5733);
#5731 = CARTESIAN_POINT('',(80.692898,-78.728749,-4.6E-02));
#5732 = DIRECTION('',(-0.,-0.,-1.));
#5733 = DIRECTION('',(-0.,-1.,0.));
#5734 = ADVANCED_FACE('',(#5735),#5746,.F.);
#5735 = FACE_BOUND('',#5736,.T.);
#5736 = EDGE_LOOP('',(#5737,#5738,#5744,#5745));
#5737 = ORIENTED_EDGE('',*,*,#1521,.T.);
#5738 = ORIENTED_EDGE('',*,*,#5739,.T.);
#5739 = EDGE_CURVE('',#1522,#3373,#5740,.T.);
#5740 = LINE('',#5741,#5742);
#5741 = CARTESIAN_POINT('',(80.692898,-76.728749,-4.6E-02));
#5742 = VECTOR('',#5743,1.);
#5743 = DIRECTION('',(0.,0.,1.));
#5744 = ORIENTED_EDGE('',*,*,#3372,.F.);
#5745 = ORIENTED_EDGE('',*,*,#5739,.F.);
#5746 = CYLINDRICAL_SURFACE('',#5747,0.5);
#5747 = AXIS2_PLACEMENT_3D('',#5748,#5749,#5750);
#5748 = CARTESIAN_POINT('',(80.692898,-76.228749,-4.6E-02));
#5749 = DIRECTION('',(-0.,-0.,-1.));
#5750 = DIRECTION('',(-0.,-1.,0.));
#5751 = ADVANCED_FACE('',(#5752),#5768,.F.);
#5752 = FACE_BOUND('',#5753,.T.);
#5753 = EDGE_LOOP('',(#5754,#5755,#5761,#5762));
#5754 = ORIENTED_EDGE('',*,*,#1532,.T.);
#5755 = ORIENTED_EDGE('',*,*,#5756,.T.);
#5756 = EDGE_CURVE('',#1535,#3386,#5757,.T.);
#5757 = LINE('',#5758,#5759);
#5758 = CARTESIAN_POINT('',(72.542898,-72.378749,-4.6E-02));
#5759 = VECTOR('',#5760,1.);
#5760 = DIRECTION('',(0.,0.,1.));
#5761 = ORIENTED_EDGE('',*,*,#3383,.F.);
#5762 = ORIENTED_EDGE('',*,*,#5763,.F.);
#5763 = EDGE_CURVE('',#1533,#3384,#5764,.T.);
#5764 = LINE('',#5765,#5766);
#5765 = CARTESIAN_POINT('',(72.542898,-73.878749,-4.6E-02));
#5766 = VECTOR('',#5767,1.);
#5767 = DIRECTION('',(0.,0.,1.));
#5768 = CYLINDRICAL_SURFACE('',#5769,0.75);
#5769 = AXIS2_PLACEMENT_3D('',#5770,#5771,#5772);
#5770 = CARTESIAN_POINT('',(72.542898,-73.128749,-4.6E-02));
#5771 = DIRECTION('',(-0.,0.,-1.));
#5772 = DIRECTION('',(0.,1.,0.));
#5773 = ADVANCED_FACE('',(#5774),#5785,.T.);
#5774 = FACE_BOUND('',#5775,.T.);
#5775 = EDGE_LOOP('',(#5776,#5777,#5778,#5779));
#5776 = ORIENTED_EDGE('',*,*,#1560,.T.);
#5777 = ORIENTED_EDGE('',*,*,#5763,.T.);
#5778 = ORIENTED_EDGE('',*,*,#3411,.F.);
#5779 = ORIENTED_EDGE('',*,*,#5780,.F.);
#5780 = EDGE_CURVE('',#1552,#3403,#5781,.T.);
#5781 = LINE('',#5782,#5783);
#5782 = CARTESIAN_POINT('',(73.842898,-73.878749,-4.6E-02));
#5783 = VECTOR('',#5784,1.);
#5784 = DIRECTION('',(0.,0.,1.));
#5785 = PLANE('',#5786);
#5786 = AXIS2_PLACEMENT_3D('',#5787,#5788,#5789);
#5787 = CARTESIAN_POINT('',(72.542898,-73.878749,-4.6E-02));
#5788 = DIRECTION('',(0.,1.,0.));
#5789 = DIRECTION('',(1.,0.,0.));
#5790 = ADVANCED_FACE('',(#5791),#5802,.F.);
#5791 = FACE_BOUND('',#5792,.T.);
#5792 = EDGE_LOOP('',(#5793,#5794,#5795,#5796));
#5793 = ORIENTED_EDGE('',*,*,#1551,.T.);
#5794 = ORIENTED_EDGE('',*,*,#5780,.T.);
#5795 = ORIENTED_EDGE('',*,*,#3402,.F.);
#5796 = ORIENTED_EDGE('',*,*,#5797,.F.);
#5797 = EDGE_CURVE('',#1544,#3395,#5798,.T.);
#5798 = LINE('',#5799,#5800);
#5799 = CARTESIAN_POINT('',(73.842898,-72.378749,-4.6E-02));
#5800 = VECTOR('',#5801,1.);
#5801 = DIRECTION('',(0.,0.,1.));
#5802 = CYLINDRICAL_SURFACE('',#5803,0.75);
#5803 = AXIS2_PLACEMENT_3D('',#5804,#5805,#5806);
#5804 = CARTESIAN_POINT('',(73.842898,-73.128749,-4.6E-02));
#5805 = DIRECTION('',(-0.,-0.,-1.));
#5806 = DIRECTION('',(-0.,-1.,0.));
#5807 = ADVANCED_FACE('',(#5808),#5814,.T.);
#5808 = FACE_BOUND('',#5809,.T.);
#5809 = EDGE_LOOP('',(#5810,#5811,#5812,#5813));
#5810 = ORIENTED_EDGE('',*,*,#1543,.T.);
#5811 = ORIENTED_EDGE('',*,*,#5797,.T.);
#5812 = ORIENTED_EDGE('',*,*,#3394,.F.);
#5813 = ORIENTED_EDGE('',*,*,#5756,.F.);
#5814 = PLANE('',#5815);
#5815 = AXIS2_PLACEMENT_3D('',#5816,#5817,#5818);
#5816 = CARTESIAN_POINT('',(73.842898,-72.378749,-4.6E-02));
#5817 = DIRECTION('',(0.,-1.,0.));
#5818 = DIRECTION('',(-1.,0.,0.));
#5819 = ADVANCED_FACE('',(#5820),#5836,.T.);
#5820 = FACE_BOUND('',#5821,.T.);
#5821 = EDGE_LOOP('',(#5822,#5828,#5829,#5835));
#5822 = ORIENTED_EDGE('',*,*,#5823,.T.);
#5823 = EDGE_CURVE('',#1569,#3420,#5824,.T.);
#5824 = LINE('',#5825,#5826);
#5825 = CARTESIAN_POINT('',(93.47122,-77.85554,0.));
#5826 = VECTOR('',#5827,1.);
#5827 = DIRECTION('',(0.,0.,1.));
#5828 = ORIENTED_EDGE('',*,*,#3419,.T.);
#5829 = ORIENTED_EDGE('',*,*,#5830,.F.);
#5830 = EDGE_CURVE('',#1571,#3422,#5831,.T.);
#5831 = LINE('',#5832,#5833);
#5832 = CARTESIAN_POINT('',(92.830914,-78.537779,0.));
#5833 = VECTOR('',#5834,1.);
#5834 = DIRECTION('',(0.,0.,1.));
#5835 = ORIENTED_EDGE('',*,*,#1568,.F.);
#5836 = PLANE('',#5837);
#5837 = AXIS2_PLACEMENT_3D('',#5838,#5839,#5840);
#5838 = CARTESIAN_POINT('',(93.47122,-77.85554,0.));
#5839 = DIRECTION('',(0.729160100093,-0.684343151081,0.));
#5840 = DIRECTION('',(-0.684343151081,-0.729160100093,0.));
#5841 = ADVANCED_FACE('',(#5842),#5853,.T.);
#5842 = FACE_BOUND('',#5843,.T.);
#5843 = EDGE_LOOP('',(#5844,#5850,#5851,#5852));
#5844 = ORIENTED_EDGE('',*,*,#5845,.T.);
#5845 = EDGE_CURVE('',#1579,#3430,#5846,.T.);
#5846 = LINE('',#5847,#5848);
#5847 = CARTESIAN_POINT('',(93.533687,-77.8892,0.));
#5848 = VECTOR('',#5849,1.);
#5849 = DIRECTION('',(0.,0.,1.));
#5850 = ORIENTED_EDGE('',*,*,#3429,.T.);
#5851 = ORIENTED_EDGE('',*,*,#5823,.F.);
#5852 = ORIENTED_EDGE('',*,*,#1578,.F.);
#5853 = PLANE('',#5854);
#5854 = AXIS2_PLACEMENT_3D('',#5855,#5856,#5857);
#5855 = CARTESIAN_POINT('',(93.533687,-77.8892,0.));
#5856 = DIRECTION('',(-0.474361164037,-0.880330327805,0.));
#5857 = DIRECTION('',(-0.880330327805,0.474361164037,0.));
#5858 = ADVANCED_FACE('',(#5859),#5870,.T.);
#5859 = FACE_BOUND('',#5860,.T.);
#5860 = EDGE_LOOP('',(#5861,#5862,#5863,#5869));
#5861 = ORIENTED_EDGE('',*,*,#5830,.T.);
#5862 = ORIENTED_EDGE('',*,*,#3605,.T.);
#5863 = ORIENTED_EDGE('',*,*,#5864,.F.);
#5864 = EDGE_CURVE('',#1747,#3598,#5865,.T.);
#5865 = LINE('',#5866,#5867);
#5866 = CARTESIAN_POINT('',(92.853856,-78.589044,0.));
#5867 = VECTOR('',#5868,1.);
#5868 = DIRECTION('',(0.,0.,1.));
#5869 = ORIENTED_EDGE('',*,*,#1754,.F.);
#5870 = PLANE('',#5871);
#5871 = AXIS2_PLACEMENT_3D('',#5872,#5873,#5874);
#5872 = CARTESIAN_POINT('',(92.830914,-78.537779,0.));
#5873 = DIRECTION('',(0.912767419225,0.40847966706,-0.));
#5874 = DIRECTION('',(0.40847966706,-0.912767419225,0.));
#5875 = ADVANCED_FACE('',(#5876),#5887,.T.);
#5876 = FACE_BOUND('',#5877,.T.);
#5877 = EDGE_LOOP('',(#5878,#5884,#5885,#5886));
#5878 = ORIENTED_EDGE('',*,*,#5879,.T.);
#5879 = EDGE_CURVE('',#1587,#3438,#5880,.T.);
#5880 = LINE('',#5881,#5882);
#5881 = CARTESIAN_POINT('',(93.785946,-77.9575,0.));
#5882 = VECTOR('',#5883,1.);
#5883 = DIRECTION('',(0.,0.,1.));
#5884 = ORIENTED_EDGE('',*,*,#3437,.T.);
#5885 = ORIENTED_EDGE('',*,*,#5845,.F.);
#5886 = ORIENTED_EDGE('',*,*,#1586,.F.);
#5887 = PLANE('',#5888);
#5888 = AXIS2_PLACEMENT_3D('',#5889,#5890,#5891);
#5889 = CARTESIAN_POINT('',(93.785946,-77.9575,0.));
#5890 = DIRECTION('',(-0.261343656749,-0.965245820026,0.));
#5891 = DIRECTION('',(-0.965245820026,0.261343656749,0.));
#5892 = ADVANCED_FACE('',(#5893),#5904,.T.);
#5893 = FACE_BOUND('',#5894,.T.);
#5894 = EDGE_LOOP('',(#5895,#5896,#5897,#5903));
#5895 = ORIENTED_EDGE('',*,*,#5864,.T.);
#5896 = ORIENTED_EDGE('',*,*,#3597,.T.);
#5897 = ORIENTED_EDGE('',*,*,#5898,.F.);
#5898 = EDGE_CURVE('',#1739,#3590,#5899,.T.);
#5899 = LINE('',#5900,#5901);
#5900 = CARTESIAN_POINT('',(92.880399,-78.754657,0.));
#5901 = VECTOR('',#5902,1.);
#5902 = DIRECTION('',(0.,0.,1.));
#5903 = ORIENTED_EDGE('',*,*,#1746,.F.);
#5904 = PLANE('',#5905);
#5905 = AXIS2_PLACEMENT_3D('',#5906,#5907,#5908);
#5906 = CARTESIAN_POINT('',(92.853856,-78.589044,0.));
#5907 = DIRECTION('',(0.987398816286,0.158251627473,-0.));
#5908 = DIRECTION('',(0.158251627473,-0.987398816286,0.));
#5909 = ADVANCED_FACE('',(#5910),#5921,.T.);
#5910 = FACE_BOUND('',#5911,.T.);
#5911 = EDGE_LOOP('',(#5912,#5918,#5919,#5920));
#5912 = ORIENTED_EDGE('',*,*,#5913,.T.);
#5913 = EDGE_CURVE('',#1595,#3446,#5914,.T.);
#5914 = LINE('',#5915,#5916);
#5915 = CARTESIAN_POINT('',(95.374851,-77.9575,0.));
#5916 = VECTOR('',#5917,1.);
#5917 = DIRECTION('',(0.,0.,1.));
#5918 = ORIENTED_EDGE('',*,*,#3445,.T.);
#5919 = ORIENTED_EDGE('',*,*,#5879,.F.);
#5920 = ORIENTED_EDGE('',*,*,#1594,.F.);
#5921 = PLANE('',#5922);
#5922 = AXIS2_PLACEMENT_3D('',#5923,#5924,#5925);
#5923 = CARTESIAN_POINT('',(95.374851,-77.9575,0.));
#5924 = DIRECTION('',(0.,-1.,0.));
#5925 = DIRECTION('',(-1.,0.,0.));
#5926 = ADVANCED_FACE('',(#5927),#5938,.T.);
#5927 = FACE_BOUND('',#5928,.T.);
#5928 = EDGE_LOOP('',(#5929,#5930,#5931,#5937));
#5929 = ORIENTED_EDGE('',*,*,#5898,.T.);
#5930 = ORIENTED_EDGE('',*,*,#3589,.T.);
#5931 = ORIENTED_EDGE('',*,*,#5932,.F.);
#5932 = EDGE_CURVE('',#1731,#3582,#5933,.T.);
#5933 = LINE('',#5934,#5935);
#5934 = CARTESIAN_POINT('',(92.880399,-80.160341,0.));
#5935 = VECTOR('',#5936,1.);
#5936 = DIRECTION('',(0.,0.,1.));
#5937 = ORIENTED_EDGE('',*,*,#1738,.F.);
#5938 = PLANE('',#5939);
#5939 = AXIS2_PLACEMENT_3D('',#5940,#5941,#5942);
#5940 = CARTESIAN_POINT('',(92.880399,-78.754657,0.));
#5941 = DIRECTION('',(1.,0.,-0.));
#5942 = DIRECTION('',(0.,-1.,0.));
#5943 = ADVANCED_FACE('',(#5944),#5955,.T.);
#5944 = FACE_BOUND('',#5945,.T.);
#5945 = EDGE_LOOP('',(#5946,#5952,#5953,#5954));
#5946 = ORIENTED_EDGE('',*,*,#5947,.T.);
#5947 = EDGE_CURVE('',#1603,#3454,#5948,.T.);
#5948 = LINE('',#5949,#5950);
#5949 = CARTESIAN_POINT('',(95.56891,-77.920861,0.));
#5950 = VECTOR('',#5951,1.);
#5951 = DIRECTION('',(0.,0.,1.));
#5952 = ORIENTED_EDGE('',*,*,#3453,.T.);
#5953 = ORIENTED_EDGE('',*,*,#5913,.F.);
#5954 = ORIENTED_EDGE('',*,*,#1602,.F.);
#5955 = PLANE('',#5956);
#5956 = AXIS2_PLACEMENT_3D('',#5957,#5958,#5959);
#5957 = CARTESIAN_POINT('',(95.56891,-77.920861,0.));
#5958 = DIRECTION('',(0.185525668213,-0.982639418319,0.));
#5959 = DIRECTION('',(-0.982639418319,-0.185525668213,0.));
#5960 = ADVANCED_FACE('',(#5961),#5972,.T.);
#5961 = FACE_BOUND('',#5962,.T.);
#5962 = EDGE_LOOP('',(#5963,#5964,#5965,#5971));
#5963 = ORIENTED_EDGE('',*,*,#5932,.T.);
#5964 = ORIENTED_EDGE('',*,*,#3581,.T.);
#5965 = ORIENTED_EDGE('',*,*,#5966,.F.);
#5966 = EDGE_CURVE('',#1723,#3574,#5967,.T.);
#5967 = LINE('',#5968,#5969);
#5968 = CARTESIAN_POINT('',(92.830914,-80.377219,0.));
#5969 = VECTOR('',#5970,1.);
#5970 = DIRECTION('',(0.,0.,1.));
#5971 = ORIENTED_EDGE('',*,*,#1730,.F.);
#5972 = PLANE('',#5973);
#5973 = AXIS2_PLACEMENT_3D('',#5974,#5975,#5976);
#5974 = CARTESIAN_POINT('',(92.880399,-80.160341,0.));
#5975 = DIRECTION('',(0.974943502008,-0.222452619431,0.));
#5976 = DIRECTION('',(-0.222452619431,-0.974943502008,0.));
#5977 = ADVANCED_FACE('',(#5978),#5989,.T.);
#5978 = FACE_BOUND('',#5979,.T.);
#5979 = EDGE_LOOP('',(#5980,#5986,#5987,#5988));
#5980 = ORIENTED_EDGE('',*,*,#5981,.T.);
#5981 = EDGE_CURVE('',#1611,#3462,#5982,.T.);
#5982 = LINE('',#5983,#5984);
#5983 = CARTESIAN_POINT('',(95.627109,-77.889201,0.));
#5984 = VECTOR('',#5985,1.);
#5985 = DIRECTION('',(0.,0.,1.));
#5986 = ORIENTED_EDGE('',*,*,#3461,.T.);
#5987 = ORIENTED_EDGE('',*,*,#5947,.F.);
#5988 = ORIENTED_EDGE('',*,*,#1610,.F.);
#5989 = PLANE('',#5990);
#5990 = AXIS2_PLACEMENT_3D('',#5991,#5992,#5993);
#5991 = CARTESIAN_POINT('',(95.627109,-77.889201,0.));
#5992 = DIRECTION('',(0.477864108597,-0.878433773096,0.));
#5993 = DIRECTION('',(-0.878433773096,-0.477864108597,0.));
#5994 = ADVANCED_FACE('',(#5995),#6006,.T.);
#5995 = FACE_BOUND('',#5996,.T.);
#5996 = EDGE_LOOP('',(#5997,#5998,#5999,#6005));
#5997 = ORIENTED_EDGE('',*,*,#5966,.T.);
#5998 = ORIENTED_EDGE('',*,*,#3573,.T.);
#5999 = ORIENTED_EDGE('',*,*,#6000,.F.);
#6000 = EDGE_CURVE('',#1715,#3566,#6001,.T.);
#6001 = LINE('',#6002,#6003);
#6002 = CARTESIAN_POINT('',(92.802368,-80.442177,0.));
#6003 = VECTOR('',#6004,1.);
#6004 = DIRECTION('',(0.,0.,1.));
#6005 = ORIENTED_EDGE('',*,*,#1722,.F.);
#6006 = PLANE('',#6007);
#6007 = AXIS2_PLACEMENT_3D('',#6008,#6009,#6010);
#6008 = CARTESIAN_POINT('',(92.830914,-80.377219,0.));
#6009 = DIRECTION('',(0.915499477082,-0.402319161193,0.));
#6010 = DIRECTION('',(-0.402319161193,-0.915499477082,0.));
#6011 = ADVANCED_FACE('',(#6012),#6023,.T.);
#6012 = FACE_BOUND('',#6013,.T.);
#6013 = EDGE_LOOP('',(#6014,#6020,#6021,#6022));
#6014 = ORIENTED_EDGE('',*,*,#6015,.T.);
#6015 = EDGE_CURVE('',#1619,#3470,#6016,.T.);
#6016 = LINE('',#6017,#6018);
#6017 = CARTESIAN_POINT('',(96.358427,-78.472822,0.));
#6018 = VECTOR('',#6019,1.);
#6019 = DIRECTION('',(0.,0.,1.));
#6020 = ORIENTED_EDGE('',*,*,#3469,.T.);
#6021 = ORIENTED_EDGE('',*,*,#5981,.F.);
#6022 = ORIENTED_EDGE('',*,*,#1618,.F.);
#6023 = PLANE('',#6024);
#6024 = AXIS2_PLACEMENT_3D('',#6025,#6026,#6027);
#6025 = CARTESIAN_POINT('',(96.358427,-78.472822,0.));
#6026 = DIRECTION('',(-0.623760463749,-0.781615560147,0.));
#6027 = DIRECTION('',(-0.781615560147,0.623760463749,0.));
#6028 = ADVANCED_FACE('',(#6029),#6040,.T.);
#6029 = FACE_BOUND('',#6030,.T.);
#6030 = EDGE_LOOP('',(#6031,#6032,#6033,#6039));
#6031 = ORIENTED_EDGE('',*,*,#6000,.T.);
#6032 = ORIENTED_EDGE('',*,*,#3565,.T.);
#6033 = ORIENTED_EDGE('',*,*,#6034,.F.);
#6034 = EDGE_CURVE('',#1707,#3558,#6035,.T.);
#6035 = LINE('',#6036,#6037);
#6036 = CARTESIAN_POINT('',(93.533687,-81.025796,0.));
#6037 = VECTOR('',#6038,1.);
#6038 = DIRECTION('',(0.,0.,1.));
#6039 = ORIENTED_EDGE('',*,*,#1714,.F.);
#6040 = PLANE('',#6041);
#6041 = AXIS2_PLACEMENT_3D('',#6042,#6043,#6044);
#6042 = CARTESIAN_POINT('',(92.802368,-80.442177,0.));
#6043 = DIRECTION('',(0.623758636794,0.781617018126,-0.));
#6044 = DIRECTION('',(0.781617018126,-0.623758636794,0.));
#6045 = ADVANCED_FACE('',(#6046),#6057,.T.);
#6046 = FACE_BOUND('',#6047,.T.);
#6047 = EDGE_LOOP('',(#6048,#6054,#6055,#6056));
#6048 = ORIENTED_EDGE('',*,*,#6049,.T.);
#6049 = EDGE_CURVE('',#1627,#3478,#6050,.T.);
#6050 = LINE('',#6051,#6052);
#6051 = CARTESIAN_POINT('',(96.329882,-78.537779,0.));
#6052 = VECTOR('',#6053,1.);
#6053 = DIRECTION('',(0.,0.,1.));
#6054 = ORIENTED_EDGE('',*,*,#3477,.T.);
#6055 = ORIENTED_EDGE('',*,*,#6015,.F.);
#6056 = ORIENTED_EDGE('',*,*,#1626,.F.);
#6057 = PLANE('',#6058);
#6058 = AXIS2_PLACEMENT_3D('',#6059,#6060,#6061);
#6059 = CARTESIAN_POINT('',(96.329882,-78.537779,0.));
#6060 = DIRECTION('',(-0.915502386932,0.402312539603,0.));
#6061 = DIRECTION('',(0.402312539603,0.915502386932,0.));
#6062 = ADVANCED_FACE('',(#6063),#6074,.T.);
#6063 = FACE_BOUND('',#6064,.T.);
#6064 = EDGE_LOOP('',(#6065,#6066,#6067,#6073));
#6065 = ORIENTED_EDGE('',*,*,#6034,.T.);
#6066 = ORIENTED_EDGE('',*,*,#3557,.T.);
#6067 = ORIENTED_EDGE('',*,*,#6068,.F.);
#6068 = EDGE_CURVE('',#1699,#3550,#6069,.T.);
#6069 = LINE('',#6070,#6071);
#6070 = CARTESIAN_POINT('',(93.591886,-80.994136,0.));
#6071 = VECTOR('',#6072,1.);
#6072 = DIRECTION('',(0.,0.,1.));
#6073 = ORIENTED_EDGE('',*,*,#1706,.F.);
#6074 = PLANE('',#6075);
#6075 = AXIS2_PLACEMENT_3D('',#6076,#6077,#6078);
#6076 = CARTESIAN_POINT('',(93.533687,-81.025796,0.));
#6077 = DIRECTION('',(-0.477864108597,0.878433773096,0.));
#6078 = DIRECTION('',(0.878433773096,0.477864108597,0.));
#6079 = ADVANCED_FACE('',(#6080),#6091,.T.);
#6080 = FACE_BOUND('',#6081,.T.);
#6081 = EDGE_LOOP('',(#6082,#6088,#6089,#6090));
#6082 = ORIENTED_EDGE('',*,*,#6083,.T.);
#6083 = EDGE_CURVE('',#1635,#3486,#6084,.T.);
#6084 = LINE('',#6085,#6086);
#6085 = CARTESIAN_POINT('',(96.280397,-78.754657,0.));
#6086 = VECTOR('',#6087,1.);
#6087 = DIRECTION('',(0.,0.,1.));
#6088 = ORIENTED_EDGE('',*,*,#3485,.T.);
#6089 = ORIENTED_EDGE('',*,*,#6049,.F.);
#6090 = ORIENTED_EDGE('',*,*,#1634,.F.);
#6091 = PLANE('',#6092);
#6092 = AXIS2_PLACEMENT_3D('',#6093,#6094,#6095);
#6093 = CARTESIAN_POINT('',(96.280397,-78.754657,0.));
#6094 = DIRECTION('',(-0.974943502008,0.222452619431,0.));
#6095 = DIRECTION('',(0.222452619431,0.974943502008,0.));
#6096 = ADVANCED_FACE('',(#6097),#6108,.T.);
#6097 = FACE_BOUND('',#6098,.T.);
#6098 = EDGE_LOOP('',(#6099,#6100,#6101,#6107));
#6099 = ORIENTED_EDGE('',*,*,#6068,.T.);
#6100 = ORIENTED_EDGE('',*,*,#3549,.T.);
#6101 = ORIENTED_EDGE('',*,*,#6102,.F.);
#6102 = EDGE_CURVE('',#1691,#3542,#6103,.T.);
#6103 = LINE('',#6104,#6105);
#6104 = CARTESIAN_POINT('',(93.785946,-80.957499,0.));
#6105 = VECTOR('',#6106,1.);
#6106 = DIRECTION('',(0.,0.,1.));
#6107 = ORIENTED_EDGE('',*,*,#1698,.F.);
#6108 = PLANE('',#6109);
#6109 = AXIS2_PLACEMENT_3D('',#6110,#6111,#6112);
#6110 = CARTESIAN_POINT('',(93.591886,-80.994136,0.));
#6111 = DIRECTION('',(-0.185514966468,0.982641438784,0.));
#6112 = DIRECTION('',(0.982641438784,0.185514966468,0.));
#6113 = ADVANCED_FACE('',(#6114),#6125,.T.);
#6114 = FACE_BOUND('',#6115,.T.);
#6115 = EDGE_LOOP('',(#6116,#6122,#6123,#6124));
#6116 = ORIENTED_EDGE('',*,*,#6117,.T.);
#6117 = EDGE_CURVE('',#1643,#3494,#6118,.T.);
#6118 = LINE('',#6119,#6120);
#6119 = CARTESIAN_POINT('',(96.280397,-80.160341,0.));
#6120 = VECTOR('',#6121,1.);
#6121 = DIRECTION('',(0.,0.,1.));
#6122 = ORIENTED_EDGE('',*,*,#3493,.T.);
#6123 = ORIENTED_EDGE('',*,*,#6083,.F.);
#6124 = ORIENTED_EDGE('',*,*,#1642,.F.);
#6125 = PLANE('',#6126);
#6126 = AXIS2_PLACEMENT_3D('',#6127,#6128,#6129);
#6127 = CARTESIAN_POINT('',(96.280397,-80.160341,0.));
#6128 = DIRECTION('',(-1.,0.,0.));
#6129 = DIRECTION('',(0.,1.,0.));
#6130 = ADVANCED_FACE('',(#6131),#6142,.T.);
#6131 = FACE_BOUND('',#6132,.T.);
#6132 = EDGE_LOOP('',(#6133,#6134,#6135,#6141));
#6133 = ORIENTED_EDGE('',*,*,#6102,.T.);
#6134 = ORIENTED_EDGE('',*,*,#3541,.T.);
#6135 = ORIENTED_EDGE('',*,*,#6136,.F.);
#6136 = EDGE_CURVE('',#1683,#3534,#6137,.T.);
#6137 = LINE('',#6138,#6139);
#6138 = CARTESIAN_POINT('',(95.37485,-80.957499,0.));
#6139 = VECTOR('',#6140,1.);
#6140 = DIRECTION('',(0.,0.,1.));
#6141 = ORIENTED_EDGE('',*,*,#1690,.F.);
#6142 = PLANE('',#6143);
#6143 = AXIS2_PLACEMENT_3D('',#6144,#6145,#6146);
#6144 = CARTESIAN_POINT('',(93.785946,-80.957499,0.));
#6145 = DIRECTION('',(0.,1.,0.));
#6146 = DIRECTION('',(1.,0.,0.));
#6147 = ADVANCED_FACE('',(#6148),#6159,.T.);
#6148 = FACE_BOUND('',#6149,.T.);
#6149 = EDGE_LOOP('',(#6150,#6156,#6157,#6158));
#6150 = ORIENTED_EDGE('',*,*,#6151,.T.);
#6151 = EDGE_CURVE('',#1651,#3502,#6152,.T.);
#6152 = LINE('',#6153,#6154);
#6153 = CARTESIAN_POINT('',(96.306941,-80.325953,0.));
#6154 = VECTOR('',#6155,1.);
#6155 = DIRECTION('',(0.,0.,1.));
#6156 = ORIENTED_EDGE('',*,*,#3501,.T.);
#6157 = ORIENTED_EDGE('',*,*,#6117,.F.);
#6158 = ORIENTED_EDGE('',*,*,#1650,.F.);
#6159 = PLANE('',#6160);
#6160 = AXIS2_PLACEMENT_3D('',#6161,#6162,#6163);
#6161 = CARTESIAN_POINT('',(96.306941,-80.325953,0.));
#6162 = DIRECTION('',(-0.987397735325,-0.158258371896,0.));
#6163 = DIRECTION('',(-0.158258371896,0.987397735325,0.));
#6164 = ADVANCED_FACE('',(#6165),#6176,.T.);
#6165 = FACE_BOUND('',#6166,.T.);
#6166 = EDGE_LOOP('',(#6167,#6168,#6169,#6175));
#6167 = ORIENTED_EDGE('',*,*,#6136,.T.);
#6168 = ORIENTED_EDGE('',*,*,#3533,.T.);
#6169 = ORIENTED_EDGE('',*,*,#6170,.F.);
#6170 = EDGE_CURVE('',#1675,#3526,#6171,.T.);
#6171 = LINE('',#6172,#6173);
#6172 = CARTESIAN_POINT('',(95.627109,-81.025798,0.));
#6173 = VECTOR('',#6174,1.);
#6174 = DIRECTION('',(0.,0.,1.));
#6175 = ORIENTED_EDGE('',*,*,#1682,.F.);
#6176 = PLANE('',#6177);
#6177 = AXIS2_PLACEMENT_3D('',#6178,#6179,#6180);
#6178 = CARTESIAN_POINT('',(95.37485,-80.957499,0.));
#6179 = DIRECTION('',(0.261340091681,0.965246785273,-0.));
#6180 = DIRECTION('',(0.965246785273,-0.261340091681,0.));
#6181 = ADVANCED_FACE('',(#6182),#6193,.T.);
#6182 = FACE_BOUND('',#6183,.T.);
#6183 = EDGE_LOOP('',(#6184,#6190,#6191,#6192));
#6184 = ORIENTED_EDGE('',*,*,#6185,.T.);
#6185 = EDGE_CURVE('',#1659,#3510,#6186,.T.);
#6186 = LINE('',#6187,#6188);
#6187 = CARTESIAN_POINT('',(96.329882,-80.377218,0.));
#6188 = VECTOR('',#6189,1.);
#6189 = DIRECTION('',(0.,0.,1.));
#6190 = ORIENTED_EDGE('',*,*,#3509,.T.);
#6191 = ORIENTED_EDGE('',*,*,#6151,.F.);
#6192 = ORIENTED_EDGE('',*,*,#1658,.F.);
#6193 = PLANE('',#6194);
#6194 = AXIS2_PLACEMENT_3D('',#6195,#6196,#6197);
#6195 = CARTESIAN_POINT('',(96.329882,-80.377218,0.));
#6196 = DIRECTION('',(-0.912774057649,-0.408464832859,0.));
#6197 = DIRECTION('',(-0.408464832859,0.912774057649,0.));
#6198 = ADVANCED_FACE('',(#6199),#6210,.T.);
#6199 = FACE_BOUND('',#6200,.T.);
#6200 = EDGE_LOOP('',(#6201,#6202,#6203,#6209));
#6201 = ORIENTED_EDGE('',*,*,#6170,.T.);
#6202 = ORIENTED_EDGE('',*,*,#3525,.T.);
#6203 = ORIENTED_EDGE('',*,*,#6204,.F.);
#6204 = EDGE_CURVE('',#1667,#3518,#6205,.T.);
#6205 = LINE('',#6206,#6207);
#6206 = CARTESIAN_POINT('',(95.689576,-81.059459,0.));
#6207 = VECTOR('',#6208,1.);
#6208 = DIRECTION('',(0.,0.,1.));
#6209 = ORIENTED_EDGE('',*,*,#1674,.F.);
#6210 = PLANE('',#6211);
#6211 = AXIS2_PLACEMENT_3D('',#6212,#6213,#6214);
#6212 = CARTESIAN_POINT('',(95.627109,-81.025798,0.));
#6213 = DIRECTION('',(0.47437208553,0.880324442731,-0.));
#6214 = DIRECTION('',(0.880324442731,-0.47437208553,0.));
#6215 = ADVANCED_FACE('',(#6216),#6222,.T.);
#6216 = FACE_BOUND('',#6217,.T.);
#6217 = EDGE_LOOP('',(#6218,#6219,#6220,#6221));
#6218 = ORIENTED_EDGE('',*,*,#6204,.T.);
#6219 = ORIENTED_EDGE('',*,*,#3517,.T.);
#6220 = ORIENTED_EDGE('',*,*,#6185,.F.);
#6221 = ORIENTED_EDGE('',*,*,#1666,.F.);
#6222 = PLANE('',#6223);
#6223 = AXIS2_PLACEMENT_3D('',#6224,#6225,#6226);
#6224 = CARTESIAN_POINT('',(95.689576,-81.059459,0.));
#6225 = DIRECTION('',(-0.729161101161,0.684342084454,0.));
#6226 = DIRECTION('',(0.684342084454,0.729161101161,0.));
#6227 = ADVANCED_FACE('',(#6228),#6244,.T.);
#6228 = FACE_BOUND('',#6229,.T.);
#6229 = EDGE_LOOP('',(#6230,#6236,#6237,#6243));
#6230 = ORIENTED_EDGE('',*,*,#6231,.T.);
#6231 = EDGE_CURVE('',#1763,#3614,#6232,.T.);
#6232 = LINE('',#6233,#6234);
#6233 = CARTESIAN_POINT('',(93.471216,-71.614292,0.));
#6234 = VECTOR('',#6235,1.);
#6235 = DIRECTION('',(0.,0.,1.));
#6236 = ORIENTED_EDGE('',*,*,#3613,.T.);
#6237 = ORIENTED_EDGE('',*,*,#6238,.F.);
#6238 = EDGE_CURVE('',#1765,#3616,#6239,.T.);
#6239 = LINE('',#6240,#6241);
#6240 = CARTESIAN_POINT('',(92.830914,-72.296529,0.));
#6241 = VECTOR('',#6242,1.);
#6242 = DIRECTION('',(0.,0.,1.));
#6243 = ORIENTED_EDGE('',*,*,#1762,.F.);
#6244 = PLANE('',#6245);
#6245 = AXIS2_PLACEMENT_3D('',#6246,#6247,#6248);
#6246 = CARTESIAN_POINT('',(93.471216,-71.614292,0.));
#6247 = DIRECTION('',(0.729161232285,-0.684341944741,0.));
#6248 = DIRECTION('',(-0.684341944741,-0.729161232285,0.));
#6249 = ADVANCED_FACE('',(#6250),#6261,.T.);
#6250 = FACE_BOUND('',#6251,.T.);
#6251 = EDGE_LOOP('',(#6252,#6258,#6259,#6260));
#6252 = ORIENTED_EDGE('',*,*,#6253,.T.);
#6253 = EDGE_CURVE('',#1773,#3624,#6254,.T.);
#6254 = LINE('',#6255,#6256);
#6255 = CARTESIAN_POINT('',(93.533687,-71.64795,0.));
#6256 = VECTOR('',#6257,1.);
#6257 = DIRECTION('',(0.,0.,1.));
#6258 = ORIENTED_EDGE('',*,*,#3623,.T.);
#6259 = ORIENTED_EDGE('',*,*,#6231,.F.);
#6260 = ORIENTED_EDGE('',*,*,#1772,.F.);
#6261 = PLANE('',#6262);
#6262 = AXIS2_PLACEMENT_3D('',#6263,#6264,#6265);
#6263 = CARTESIAN_POINT('',(93.533687,-71.64795,0.));
#6264 = DIRECTION('',(-0.474315781668,-0.880354780336,0.));
#6265 = DIRECTION('',(-0.880354780336,0.474315781668,0.));
#6266 = ADVANCED_FACE('',(#6267),#6278,.T.);
#6267 = FACE_BOUND('',#6268,.T.);
#6268 = EDGE_LOOP('',(#6269,#6270,#6271,#6277));
#6269 = ORIENTED_EDGE('',*,*,#6238,.T.);
#6270 = ORIENTED_EDGE('',*,*,#3799,.T.);
#6271 = ORIENTED_EDGE('',*,*,#6272,.F.);
#6272 = EDGE_CURVE('',#1941,#3792,#6273,.T.);
#6273 = LINE('',#6274,#6275);
#6274 = CARTESIAN_POINT('',(92.853851,-72.347795,0.));
#6275 = VECTOR('',#6276,1.);
#6276 = DIRECTION('',(0.,0.,1.));
#6277 = ORIENTED_EDGE('',*,*,#1948,.F.);
#6278 = PLANE('',#6279);
#6279 = AXIS2_PLACEMENT_3D('',#6280,#6281,#6282);
#6280 = CARTESIAN_POINT('',(92.830914,-72.296529,0.));
#6281 = DIRECTION('',(0.912803579703,0.408398855141,-0.));
#6282 = DIRECTION('',(0.408398855141,-0.912803579703,0.));
#6283 = ADVANCED_FACE('',(#6284),#6295,.T.);
#6284 = FACE_BOUND('',#6285,.T.);
#6285 = EDGE_LOOP('',(#6286,#6292,#6293,#6294));
#6286 = ORIENTED_EDGE('',*,*,#6287,.T.);
#6287 = EDGE_CURVE('',#1781,#3632,#6288,.T.);
#6288 = LINE('',#6289,#6290);
#6289 = CARTESIAN_POINT('',(93.785946,-71.71625,0.));
#6290 = VECTOR('',#6291,1.);
#6291 = DIRECTION('',(0.,0.,1.));
#6292 = ORIENTED_EDGE('',*,*,#3631,.T.);
#6293 = ORIENTED_EDGE('',*,*,#6253,.F.);
#6294 = ORIENTED_EDGE('',*,*,#1780,.F.);
#6295 = PLANE('',#6296);
#6296 = AXIS2_PLACEMENT_3D('',#6297,#6298,#6299);
#6297 = CARTESIAN_POINT('',(93.785946,-71.71625,0.));
#6298 = DIRECTION('',(-0.261343656749,-0.965245820026,0.));
#6299 = DIRECTION('',(-0.965245820026,0.261343656749,0.));
#6300 = ADVANCED_FACE('',(#6301),#6312,.T.);
#6301 = FACE_BOUND('',#6302,.T.);
#6302 = EDGE_LOOP('',(#6303,#6304,#6305,#6311));
#6303 = ORIENTED_EDGE('',*,*,#6272,.T.);
#6304 = ORIENTED_EDGE('',*,*,#3791,.T.);
#6305 = ORIENTED_EDGE('',*,*,#6306,.F.);
#6306 = EDGE_CURVE('',#1933,#3784,#6307,.T.);
#6307 = LINE('',#6308,#6309);
#6308 = CARTESIAN_POINT('',(92.880399,-72.513407,0.));
#6309 = VECTOR('',#6310,1.);
#6310 = DIRECTION('',(0.,0.,1.));
#6311 = ORIENTED_EDGE('',*,*,#1940,.F.);
#6312 = PLANE('',#6313);
#6313 = AXIS2_PLACEMENT_3D('',#6314,#6315,#6316);
#6314 = CARTESIAN_POINT('',(92.853851,-72.347795,0.));
#6315 = DIRECTION('',(0.987394008411,0.158281622922,-0.));
#6316 = DIRECTION('',(0.158281622922,-0.987394008411,0.));
#6317 = ADVANCED_FACE('',(#6318),#6329,.T.);
#6318 = FACE_BOUND('',#6319,.T.);
#6319 = EDGE_LOOP('',(#6320,#6326,#6327,#6328));
#6320 = ORIENTED_EDGE('',*,*,#6321,.T.);
#6321 = EDGE_CURVE('',#1789,#3640,#6322,.T.);
#6322 = LINE('',#6323,#6324);
#6323 = CARTESIAN_POINT('',(95.374851,-71.71625,0.));
#6324 = VECTOR('',#6325,1.);
#6325 = DIRECTION('',(0.,0.,1.));
#6326 = ORIENTED_EDGE('',*,*,#3639,.T.);
#6327 = ORIENTED_EDGE('',*,*,#6287,.F.);
#6328 = ORIENTED_EDGE('',*,*,#1788,.F.);
#6329 = PLANE('',#6330);
#6330 = AXIS2_PLACEMENT_3D('',#6331,#6332,#6333);
#6331 = CARTESIAN_POINT('',(95.374851,-71.71625,0.));
#6332 = DIRECTION('',(0.,-1.,0.));
#6333 = DIRECTION('',(-1.,0.,0.));
#6334 = ADVANCED_FACE('',(#6335),#6346,.T.);
#6335 = FACE_BOUND('',#6336,.T.);
#6336 = EDGE_LOOP('',(#6337,#6338,#6339,#6345));
#6337 = ORIENTED_EDGE('',*,*,#6306,.T.);
#6338 = ORIENTED_EDGE('',*,*,#3783,.T.);
#6339 = ORIENTED_EDGE('',*,*,#6340,.F.);
#6340 = EDGE_CURVE('',#1925,#3776,#6341,.T.);
#6341 = LINE('',#6342,#6343);
#6342 = CARTESIAN_POINT('',(92.880399,-73.919091,0.));
#6343 = VECTOR('',#6344,1.);
#6344 = DIRECTION('',(0.,0.,1.));
#6345 = ORIENTED_EDGE('',*,*,#1932,.F.);
#6346 = PLANE('',#6347);
#6347 = AXIS2_PLACEMENT_3D('',#6348,#6349,#6350);
#6348 = CARTESIAN_POINT('',(92.880399,-72.513407,0.));
#6349 = DIRECTION('',(1.,0.,-0.));
#6350 = DIRECTION('',(0.,-1.,0.));
#6351 = ADVANCED_FACE('',(#6352),#6363,.T.);
#6352 = FACE_BOUND('',#6353,.T.);
#6353 = EDGE_LOOP('',(#6354,#6360,#6361,#6362));
#6354 = ORIENTED_EDGE('',*,*,#6355,.T.);
#6355 = EDGE_CURVE('',#1797,#3648,#6356,.T.);
#6356 = LINE('',#6357,#6358);
#6357 = CARTESIAN_POINT('',(95.568909,-71.679608,0.));
#6358 = VECTOR('',#6359,1.);
#6359 = DIRECTION('',(0.,0.,1.));
#6360 = ORIENTED_EDGE('',*,*,#3647,.T.);
#6361 = ORIENTED_EDGE('',*,*,#6321,.F.);
#6362 = ORIENTED_EDGE('',*,*,#1796,.F.);
#6363 = PLANE('',#6364);
#6364 = AXIS2_PLACEMENT_3D('',#6365,#6366,#6367);
#6365 = CARTESIAN_POINT('',(95.568909,-71.679608,0.));
#6366 = DIRECTION('',(0.185541259314,-0.982636474538,0.));
#6367 = DIRECTION('',(-0.982636474538,-0.185541259314,0.));
#6368 = ADVANCED_FACE('',(#6369),#6380,.T.);
#6369 = FACE_BOUND('',#6370,.T.);
#6370 = EDGE_LOOP('',(#6371,#6372,#6373,#6379));
#6371 = ORIENTED_EDGE('',*,*,#6340,.T.);
#6372 = ORIENTED_EDGE('',*,*,#3775,.T.);
#6373 = ORIENTED_EDGE('',*,*,#6374,.F.);
#6374 = EDGE_CURVE('',#1917,#3768,#6375,.T.);
#6375 = LINE('',#6376,#6377);
#6376 = CARTESIAN_POINT('',(92.830914,-74.135969,0.));
#6377 = VECTOR('',#6378,1.);
#6378 = DIRECTION('',(0.,0.,1.));
#6379 = ORIENTED_EDGE('',*,*,#1924,.F.);
#6380 = PLANE('',#6381);
#6381 = AXIS2_PLACEMENT_3D('',#6382,#6383,#6384);
#6382 = CARTESIAN_POINT('',(92.880399,-73.919091,0.));
#6383 = DIRECTION('',(0.974943502008,-0.222452619431,0.));
#6384 = DIRECTION('',(-0.222452619431,-0.974943502008,0.));
#6385 = ADVANCED_FACE('',(#6386),#6397,.T.);
#6386 = FACE_BOUND('',#6387,.T.);
#6387 = EDGE_LOOP('',(#6388,#6394,#6395,#6396));
#6388 = ORIENTED_EDGE('',*,*,#6389,.T.);
#6389 = EDGE_CURVE('',#1805,#3656,#6390,.T.);
#6390 = LINE('',#6391,#6392);
#6391 = CARTESIAN_POINT('',(95.627109,-71.647951,0.));
#6392 = VECTOR('',#6393,1.);
#6393 = DIRECTION('',(0.,0.,1.));
#6394 = ORIENTED_EDGE('',*,*,#3655,.T.);
#6395 = ORIENTED_EDGE('',*,*,#6355,.F.);
#6396 = ORIENTED_EDGE('',*,*,#1804,.F.);
#6397 = PLANE('',#6398);
#6398 = AXIS2_PLACEMENT_3D('',#6399,#6400,#6401);
#6399 = CARTESIAN_POINT('',(95.627109,-71.647951,0.));
#6400 = DIRECTION('',(0.477822831046,-0.878456226645,0.));
#6401 = DIRECTION('',(-0.878456226645,-0.477822831046,0.));
#6402 = ADVANCED_FACE('',(#6403),#6414,.T.);
#6403 = FACE_BOUND('',#6404,.T.);
#6404 = EDGE_LOOP('',(#6405,#6406,#6407,#6413));
#6405 = ORIENTED_EDGE('',*,*,#6374,.T.);
#6406 = ORIENTED_EDGE('',*,*,#3767,.T.);
#6407 = ORIENTED_EDGE('',*,*,#6408,.F.);
#6408 = EDGE_CURVE('',#1909,#3760,#6409,.T.);
#6409 = LINE('',#6410,#6411);
#6410 = CARTESIAN_POINT('',(92.802377,-74.200923,0.));
#6411 = VECTOR('',#6412,1.);
#6412 = DIRECTION('',(0.,0.,1.));
#6413 = ORIENTED_EDGE('',*,*,#1916,.F.);
#6414 = PLANE('',#6415);
#6415 = AXIS2_PLACEMENT_3D('',#6416,#6417,#6418);
#6416 = CARTESIAN_POINT('',(92.830914,-74.135969,0.));
#6417 = DIRECTION('',(0.915537071418,-0.40223360235,0.));
#6418 = DIRECTION('',(-0.40223360235,-0.915537071418,0.));
#6419 = ADVANCED_FACE('',(#6420),#6431,.T.);
#6420 = FACE_BOUND('',#6421,.T.);
#6421 = EDGE_LOOP('',(#6422,#6428,#6429,#6430));
#6422 = ORIENTED_EDGE('',*,*,#6423,.T.);
#6423 = EDGE_CURVE('',#1813,#3664,#6424,.T.);
#6424 = LINE('',#6425,#6426);
#6425 = CARTESIAN_POINT('',(96.358419,-72.231576,0.));
#6426 = VECTOR('',#6427,1.);
#6427 = DIRECTION('',(0.,0.,1.));
#6428 = ORIENTED_EDGE('',*,*,#3663,.T.);
#6429 = ORIENTED_EDGE('',*,*,#6389,.F.);
#6430 = ORIENTED_EDGE('',*,*,#1812,.F.);
#6431 = PLANE('',#6432);
#6432 = AXIS2_PLACEMENT_3D('',#6433,#6434,#6435);
#6433 = CARTESIAN_POINT('',(96.358419,-72.231576,0.));
#6434 = DIRECTION('',(-0.623767244092,-0.781610149114,0.));
#6435 = DIRECTION('',(-0.781610149114,0.623767244092,0.));
#6436 = ADVANCED_FACE('',(#6437),#6448,.T.);
#6437 = FACE_BOUND('',#6438,.T.);
#6438 = EDGE_LOOP('',(#6439,#6440,#6441,#6447));
#6439 = ORIENTED_EDGE('',*,*,#6408,.T.);
#6440 = ORIENTED_EDGE('',*,*,#3759,.T.);
#6441 = ORIENTED_EDGE('',*,*,#6442,.F.);
#6442 = EDGE_CURVE('',#1901,#3752,#6443,.T.);
#6443 = LINE('',#6444,#6445);
#6444 = CARTESIAN_POINT('',(93.533687,-74.784546,0.));
#6445 = VECTOR('',#6446,1.);
#6446 = DIRECTION('',(0.,0.,1.));
#6447 = ORIENTED_EDGE('',*,*,#1908,.F.);
#6448 = PLANE('',#6449);
#6449 = AXIS2_PLACEMENT_3D('',#6450,#6451,#6452);
#6450 = CARTESIAN_POINT('',(92.802377,-74.200923,0.));
#6451 = DIRECTION('',(0.623765938222,0.781611191267,-0.));
#6452 = DIRECTION('',(0.781611191267,-0.623765938222,0.));
#6453 = ADVANCED_FACE('',(#6454),#6465,.T.);
#6454 = FACE_BOUND('',#6455,.T.);
#6455 = EDGE_LOOP('',(#6456,#6462,#6463,#6464));
#6456 = ORIENTED_EDGE('',*,*,#6457,.T.);
#6457 = EDGE_CURVE('',#1821,#3672,#6458,.T.);
#6458 = LINE('',#6459,#6460);
#6459 = CARTESIAN_POINT('',(96.329882,-72.296529,0.));
#6460 = VECTOR('',#6461,1.);
#6461 = DIRECTION('',(0.,0.,1.));
#6462 = ORIENTED_EDGE('',*,*,#3671,.T.);
#6463 = ORIENTED_EDGE('',*,*,#6423,.F.);
#6464 = ORIENTED_EDGE('',*,*,#1820,.F.);
#6465 = PLANE('',#6466);
#6466 = AXIS2_PLACEMENT_3D('',#6467,#6468,#6469);
#6467 = CARTESIAN_POINT('',(96.329882,-72.296529,0.));
#6468 = DIRECTION('',(-0.915534790891,0.402238793091,0.));
#6469 = DIRECTION('',(0.402238793091,0.915534790891,0.));
#6470 = ADVANCED_FACE('',(#6471),#6482,.T.);
#6471 = FACE_BOUND('',#6472,.T.);
#6472 = EDGE_LOOP('',(#6473,#6474,#6475,#6481));
#6473 = ORIENTED_EDGE('',*,*,#6442,.T.);
#6474 = ORIENTED_EDGE('',*,*,#3751,.T.);
#6475 = ORIENTED_EDGE('',*,*,#6476,.F.);
#6476 = EDGE_CURVE('',#1893,#3744,#6477,.T.);
#6477 = LINE('',#6478,#6479);
#6478 = CARTESIAN_POINT('',(93.591887,-74.752889,0.));
#6479 = VECTOR('',#6480,1.);
#6480 = DIRECTION('',(0.,0.,1.));
#6481 = ORIENTED_EDGE('',*,*,#1900,.F.);
#6482 = PLANE('',#6483);
#6483 = AXIS2_PLACEMENT_3D('',#6484,#6485,#6486);
#6484 = CARTESIAN_POINT('',(93.533687,-74.784546,0.));
#6485 = DIRECTION('',(-0.477822831046,0.878456226645,0.));
#6486 = DIRECTION('',(0.878456226645,0.477822831046,0.));
#6487 = ADVANCED_FACE('',(#6488),#6499,.T.);
#6488 = FACE_BOUND('',#6489,.T.);
#6489 = EDGE_LOOP('',(#6490,#6496,#6497,#6498));
#6490 = ORIENTED_EDGE('',*,*,#6491,.T.);
#6491 = EDGE_CURVE('',#1829,#3680,#6492,.T.);
#6492 = LINE('',#6493,#6494);
#6493 = CARTESIAN_POINT('',(96.280397,-72.513407,0.));
#6494 = VECTOR('',#6495,1.);
#6495 = DIRECTION('',(0.,0.,1.));
#6496 = ORIENTED_EDGE('',*,*,#3679,.T.);
#6497 = ORIENTED_EDGE('',*,*,#6457,.F.);
#6498 = ORIENTED_EDGE('',*,*,#1828,.F.);
#6499 = PLANE('',#6500);
#6500 = AXIS2_PLACEMENT_3D('',#6501,#6502,#6503);
#6501 = CARTESIAN_POINT('',(96.280397,-72.513407,0.));
#6502 = DIRECTION('',(-0.974943502008,0.222452619431,0.));
#6503 = DIRECTION('',(0.222452619431,0.974943502008,0.));
#6504 = ADVANCED_FACE('',(#6505),#6516,.T.);
#6505 = FACE_BOUND('',#6506,.T.);
#6506 = EDGE_LOOP('',(#6507,#6508,#6509,#6515));
#6507 = ORIENTED_EDGE('',*,*,#6476,.T.);
#6508 = ORIENTED_EDGE('',*,*,#3743,.T.);
#6509 = ORIENTED_EDGE('',*,*,#6510,.F.);
#6510 = EDGE_CURVE('',#1885,#3736,#6511,.T.);
#6511 = LINE('',#6512,#6513);
#6512 = CARTESIAN_POINT('',(93.785946,-74.716249,0.));
#6513 = VECTOR('',#6514,1.);
#6514 = DIRECTION('',(0.,0.,1.));
#6515 = ORIENTED_EDGE('',*,*,#1892,.F.);
#6516 = PLANE('',#6517);
#6517 = AXIS2_PLACEMENT_3D('',#6518,#6519,#6520);
#6518 = CARTESIAN_POINT('',(93.591887,-74.752889,0.));
#6519 = DIRECTION('',(-0.18553055753,0.982638495187,0.));
#6520 = DIRECTION('',(0.982638495187,0.18553055753,0.));
#6521 = ADVANCED_FACE('',(#6522),#6533,.T.);
#6522 = FACE_BOUND('',#6523,.T.);
#6523 = EDGE_LOOP('',(#6524,#6530,#6531,#6532));
#6524 = ORIENTED_EDGE('',*,*,#6525,.T.);
#6525 = EDGE_CURVE('',#1837,#3688,#6526,.T.);
#6526 = LINE('',#6527,#6528);
#6527 = CARTESIAN_POINT('',(96.280397,-73.919091,0.));
#6528 = VECTOR('',#6529,1.);
#6529 = DIRECTION('',(0.,0.,1.));
#6530 = ORIENTED_EDGE('',*,*,#3687,.T.);
#6531 = ORIENTED_EDGE('',*,*,#6491,.F.);
#6532 = ORIENTED_EDGE('',*,*,#1836,.F.);
#6533 = PLANE('',#6534);
#6534 = AXIS2_PLACEMENT_3D('',#6535,#6536,#6537);
#6535 = CARTESIAN_POINT('',(96.280397,-73.919091,0.));
#6536 = DIRECTION('',(-1.,0.,0.));
#6537 = DIRECTION('',(0.,1.,0.));
#6538 = ADVANCED_FACE('',(#6539),#6550,.T.);
#6539 = FACE_BOUND('',#6540,.T.);
#6540 = EDGE_LOOP('',(#6541,#6542,#6543,#6549));
#6541 = ORIENTED_EDGE('',*,*,#6510,.T.);
#6542 = ORIENTED_EDGE('',*,*,#3735,.T.);
#6543 = ORIENTED_EDGE('',*,*,#6544,.F.);
#6544 = EDGE_CURVE('',#1877,#3728,#6545,.T.);
#6545 = LINE('',#6546,#6547);
#6546 = CARTESIAN_POINT('',(95.37485,-74.716249,0.));
#6547 = VECTOR('',#6548,1.);
#6548 = DIRECTION('',(0.,0.,1.));
#6549 = ORIENTED_EDGE('',*,*,#1884,.F.);
#6550 = PLANE('',#6551);
#6551 = AXIS2_PLACEMENT_3D('',#6552,#6553,#6554);
#6552 = CARTESIAN_POINT('',(93.785946,-74.716249,0.));
#6553 = DIRECTION('',(0.,1.,0.));
#6554 = DIRECTION('',(1.,0.,0.));
#6555 = ADVANCED_FACE('',(#6556),#6567,.T.);
#6556 = FACE_BOUND('',#6557,.T.);
#6557 = EDGE_LOOP('',(#6558,#6564,#6565,#6566));
#6558 = ORIENTED_EDGE('',*,*,#6559,.T.);
#6559 = EDGE_CURVE('',#1845,#3696,#6560,.T.);
#6560 = LINE('',#6561,#6562);
#6561 = CARTESIAN_POINT('',(96.306946,-74.084702,0.));
#6562 = VECTOR('',#6563,1.);
#6563 = DIRECTION('',(0.,0.,1.));
#6564 = ORIENTED_EDGE('',*,*,#3695,.T.);
#6565 = ORIENTED_EDGE('',*,*,#6525,.F.);
#6566 = ORIENTED_EDGE('',*,*,#1844,.F.);
#6567 = PLANE('',#6568);
#6568 = AXIS2_PLACEMENT_3D('',#6569,#6570,#6571);
#6569 = CARTESIAN_POINT('',(96.306946,-74.084702,0.));
#6570 = DIRECTION('',(-0.98739292722,-0.158288367468,0.));
#6571 = DIRECTION('',(-0.158288367468,0.98739292722,0.));
#6572 = ADVANCED_FACE('',(#6573),#6584,.T.);
#6573 = FACE_BOUND('',#6574,.T.);
#6574 = EDGE_LOOP('',(#6575,#6576,#6577,#6583));
#6575 = ORIENTED_EDGE('',*,*,#6544,.T.);
#6576 = ORIENTED_EDGE('',*,*,#3727,.T.);
#6577 = ORIENTED_EDGE('',*,*,#6578,.F.);
#6578 = EDGE_CURVE('',#1869,#3720,#6579,.T.);
#6579 = LINE('',#6580,#6581);
#6580 = CARTESIAN_POINT('',(95.627109,-74.784548,0.));
#6581 = VECTOR('',#6582,1.);
#6582 = DIRECTION('',(0.,0.,1.));
#6583 = ORIENTED_EDGE('',*,*,#1876,.F.);
#6584 = PLANE('',#6585);
#6585 = AXIS2_PLACEMENT_3D('',#6586,#6587,#6588);
#6586 = CARTESIAN_POINT('',(95.37485,-74.716249,0.));
#6587 = DIRECTION('',(0.261340091681,0.965246785273,-0.));
#6588 = DIRECTION('',(0.965246785273,-0.261340091681,0.));
#6589 = ADVANCED_FACE('',(#6590),#6601,.T.);
#6590 = FACE_BOUND('',#6591,.T.);
#6591 = EDGE_LOOP('',(#6592,#6598,#6599,#6600));
#6592 = ORIENTED_EDGE('',*,*,#6593,.T.);
#6593 = EDGE_CURVE('',#1853,#3704,#6594,.T.);
#6594 = LINE('',#6595,#6596);
#6595 = CARTESIAN_POINT('',(96.329882,-74.135968,0.));
#6596 = VECTOR('',#6597,1.);
#6597 = DIRECTION('',(0.,0.,1.));
#6598 = ORIENTED_EDGE('',*,*,#3703,.T.);
#6599 = ORIENTED_EDGE('',*,*,#6559,.F.);
#6600 = ORIENTED_EDGE('',*,*,#1852,.F.);
#6601 = PLANE('',#6602);
#6602 = AXIS2_PLACEMENT_3D('',#6603,#6604,#6605);
#6603 = CARTESIAN_POINT('',(96.329882,-74.135968,0.));
#6604 = DIRECTION('',(-0.912810217211,-0.408384019466,0.));
#6605 = DIRECTION('',(-0.408384019466,0.912810217211,0.));
#6606 = ADVANCED_FACE('',(#6607),#6618,.T.);
#6607 = FACE_BOUND('',#6608,.T.);
#6608 = EDGE_LOOP('',(#6609,#6610,#6611,#6617));
#6609 = ORIENTED_EDGE('',*,*,#6578,.T.);
#6610 = ORIENTED_EDGE('',*,*,#3719,.T.);
#6611 = ORIENTED_EDGE('',*,*,#6612,.F.);
#6612 = EDGE_CURVE('',#1861,#3712,#6613,.T.);
#6613 = LINE('',#6614,#6615);
#6614 = CARTESIAN_POINT('',(95.68958,-74.818207,0.));
#6615 = VECTOR('',#6616,1.);
#6616 = DIRECTION('',(0.,0.,1.));
#6617 = ORIENTED_EDGE('',*,*,#1868,.F.);
#6618 = PLANE('',#6619);
#6619 = AXIS2_PLACEMENT_3D('',#6620,#6621,#6622);
#6620 = CARTESIAN_POINT('',(95.627109,-74.784548,0.));
#6621 = DIRECTION('',(0.474326703371,0.880348895876,-0.));
#6622 = DIRECTION('',(0.880348895876,-0.474326703371,0.));
#6623 = ADVANCED_FACE('',(#6624),#6630,.T.);
#6624 = FACE_BOUND('',#6625,.T.);
#6625 = EDGE_LOOP('',(#6626,#6627,#6628,#6629));
#6626 = ORIENTED_EDGE('',*,*,#6612,.T.);
#6627 = ORIENTED_EDGE('',*,*,#3711,.T.);
#6628 = ORIENTED_EDGE('',*,*,#6593,.F.);
#6629 = ORIENTED_EDGE('',*,*,#1860,.F.);
#6630 = PLANE('',#6631);
#6631 = AXIS2_PLACEMENT_3D('',#6632,#6633,#6634);
#6632 = CARTESIAN_POINT('',(95.68958,-74.818207,0.));
#6633 = DIRECTION('',(-0.729162233353,0.684340878109,0.));
#6634 = DIRECTION('',(0.684340878109,0.729162233353,0.));
#6635 = ADVANCED_FACE('',(#6636),#6652,.T.);
#6636 = FACE_BOUND('',#6637,.T.);
#6637 = EDGE_LOOP('',(#6638,#6644,#6645,#6651));
#6638 = ORIENTED_EDGE('',*,*,#6639,.T.);
#6639 = EDGE_CURVE('',#1957,#3808,#6640,.T.);
#6640 = LINE('',#6641,#6642);
#6641 = CARTESIAN_POINT('',(93.471216,-64.464292,0.));
#6642 = VECTOR('',#6643,1.);
#6643 = DIRECTION('',(0.,0.,1.));
#6644 = ORIENTED_EDGE('',*,*,#3807,.T.);
#6645 = ORIENTED_EDGE('',*,*,#6646,.F.);
#6646 = EDGE_CURVE('',#1959,#3810,#6647,.T.);
#6647 = LINE('',#6648,#6649);
#6648 = CARTESIAN_POINT('',(92.830914,-65.146529,0.));
#6649 = VECTOR('',#6650,1.);
#6650 = DIRECTION('',(0.,0.,1.));
#6651 = ORIENTED_EDGE('',*,*,#1956,.F.);
#6652 = PLANE('',#6653);
#6653 = AXIS2_PLACEMENT_3D('',#6654,#6655,#6656);
#6654 = CARTESIAN_POINT('',(93.471216,-64.464292,0.));
#6655 = DIRECTION('',(0.729161232285,-0.684341944741,0.));
#6656 = DIRECTION('',(-0.684341944741,-0.729161232285,0.));
#6657 = ADVANCED_FACE('',(#6658),#6669,.T.);
#6658 = FACE_BOUND('',#6659,.T.);
#6659 = EDGE_LOOP('',(#6660,#6666,#6667,#6668));
#6660 = ORIENTED_EDGE('',*,*,#6661,.T.);
#6661 = EDGE_CURVE('',#1967,#3818,#6662,.T.);
#6662 = LINE('',#6663,#6664);
#6663 = CARTESIAN_POINT('',(93.533687,-64.49795,0.));
#6664 = VECTOR('',#6665,1.);
#6665 = DIRECTION('',(0.,0.,1.));
#6666 = ORIENTED_EDGE('',*,*,#3817,.T.);
#6667 = ORIENTED_EDGE('',*,*,#6639,.F.);
#6668 = ORIENTED_EDGE('',*,*,#1966,.F.);
#6669 = PLANE('',#6670);
#6670 = AXIS2_PLACEMENT_3D('',#6671,#6672,#6673);
#6671 = CARTESIAN_POINT('',(93.533687,-64.49795,0.));
#6672 = DIRECTION('',(-0.474315781668,-0.880354780336,0.));
#6673 = DIRECTION('',(-0.880354780336,0.474315781668,0.));
#6674 = ADVANCED_FACE('',(#6675),#6686,.T.);
#6675 = FACE_BOUND('',#6676,.T.);
#6676 = EDGE_LOOP('',(#6677,#6678,#6679,#6685));
#6677 = ORIENTED_EDGE('',*,*,#6646,.T.);
#6678 = ORIENTED_EDGE('',*,*,#3993,.T.);
#6679 = ORIENTED_EDGE('',*,*,#6680,.F.);
#6680 = EDGE_CURVE('',#2135,#3986,#6681,.T.);
#6681 = LINE('',#6682,#6683);
#6682 = CARTESIAN_POINT('',(92.853851,-65.197795,0.));
#6683 = VECTOR('',#6684,1.);
#6684 = DIRECTION('',(0.,0.,1.));
#6685 = ORIENTED_EDGE('',*,*,#2142,.F.);
#6686 = PLANE('',#6687);
#6687 = AXIS2_PLACEMENT_3D('',#6688,#6689,#6690);
#6688 = CARTESIAN_POINT('',(92.830914,-65.146529,0.));
#6689 = DIRECTION('',(0.912803579703,0.408398855141,-0.));
#6690 = DIRECTION('',(0.408398855141,-0.912803579703,0.));
#6691 = ADVANCED_FACE('',(#6692),#6703,.T.);
#6692 = FACE_BOUND('',#6693,.T.);
#6693 = EDGE_LOOP('',(#6694,#6700,#6701,#6702));
#6694 = ORIENTED_EDGE('',*,*,#6695,.T.);
#6695 = EDGE_CURVE('',#1975,#3826,#6696,.T.);
#6696 = LINE('',#6697,#6698);
#6697 = CARTESIAN_POINT('',(93.785946,-64.56625,0.));
#6698 = VECTOR('',#6699,1.);
#6699 = DIRECTION('',(0.,0.,1.));
#6700 = ORIENTED_EDGE('',*,*,#3825,.T.);
#6701 = ORIENTED_EDGE('',*,*,#6661,.F.);
#6702 = ORIENTED_EDGE('',*,*,#1974,.F.);
#6703 = PLANE('',#6704);
#6704 = AXIS2_PLACEMENT_3D('',#6705,#6706,#6707);
#6705 = CARTESIAN_POINT('',(93.785946,-64.56625,0.));
#6706 = DIRECTION('',(-0.261343656749,-0.965245820026,0.));
#6707 = DIRECTION('',(-0.965245820026,0.261343656749,0.));
#6708 = ADVANCED_FACE('',(#6709),#6720,.T.);
#6709 = FACE_BOUND('',#6710,.T.);
#6710 = EDGE_LOOP('',(#6711,#6712,#6713,#6719));
#6711 = ORIENTED_EDGE('',*,*,#6680,.T.);
#6712 = ORIENTED_EDGE('',*,*,#3985,.T.);
#6713 = ORIENTED_EDGE('',*,*,#6714,.F.);
#6714 = EDGE_CURVE('',#2127,#3978,#6715,.T.);
#6715 = LINE('',#6716,#6717);
#6716 = CARTESIAN_POINT('',(92.880399,-65.363407,0.));
#6717 = VECTOR('',#6718,1.);
#6718 = DIRECTION('',(0.,0.,1.));
#6719 = ORIENTED_EDGE('',*,*,#2134,.F.);
#6720 = PLANE('',#6721);
#6721 = AXIS2_PLACEMENT_3D('',#6722,#6723,#6724);
#6722 = CARTESIAN_POINT('',(92.853851,-65.197795,0.));
#6723 = DIRECTION('',(0.987394008411,0.158281622922,-0.));
#6724 = DIRECTION('',(0.158281622922,-0.987394008411,0.));
#6725 = ADVANCED_FACE('',(#6726),#6737,.T.);
#6726 = FACE_BOUND('',#6727,.T.);
#6727 = EDGE_LOOP('',(#6728,#6734,#6735,#6736));
#6728 = ORIENTED_EDGE('',*,*,#6729,.T.);
#6729 = EDGE_CURVE('',#1983,#3834,#6730,.T.);
#6730 = LINE('',#6731,#6732);
#6731 = CARTESIAN_POINT('',(95.374851,-64.56625,0.));
#6732 = VECTOR('',#6733,1.);
#6733 = DIRECTION('',(0.,0.,1.));
#6734 = ORIENTED_EDGE('',*,*,#3833,.T.);
#6735 = ORIENTED_EDGE('',*,*,#6695,.F.);
#6736 = ORIENTED_EDGE('',*,*,#1982,.F.);
#6737 = PLANE('',#6738);
#6738 = AXIS2_PLACEMENT_3D('',#6739,#6740,#6741);
#6739 = CARTESIAN_POINT('',(95.374851,-64.56625,0.));
#6740 = DIRECTION('',(0.,-1.,0.));
#6741 = DIRECTION('',(-1.,0.,0.));
#6742 = ADVANCED_FACE('',(#6743),#6754,.T.);
#6743 = FACE_BOUND('',#6744,.T.);
#6744 = EDGE_LOOP('',(#6745,#6746,#6747,#6753));
#6745 = ORIENTED_EDGE('',*,*,#6714,.T.);
#6746 = ORIENTED_EDGE('',*,*,#3977,.T.);
#6747 = ORIENTED_EDGE('',*,*,#6748,.F.);
#6748 = EDGE_CURVE('',#2119,#3970,#6749,.T.);
#6749 = LINE('',#6750,#6751);
#6750 = CARTESIAN_POINT('',(92.880399,-66.769091,0.));
#6751 = VECTOR('',#6752,1.);
#6752 = DIRECTION('',(0.,0.,1.));
#6753 = ORIENTED_EDGE('',*,*,#2126,.F.);
#6754 = PLANE('',#6755);
#6755 = AXIS2_PLACEMENT_3D('',#6756,#6757,#6758);
#6756 = CARTESIAN_POINT('',(92.880399,-65.363407,0.));
#6757 = DIRECTION('',(1.,0.,-0.));
#6758 = DIRECTION('',(0.,-1.,0.));
#6759 = ADVANCED_FACE('',(#6760),#6771,.T.);
#6760 = FACE_BOUND('',#6761,.T.);
#6761 = EDGE_LOOP('',(#6762,#6768,#6769,#6770));
#6762 = ORIENTED_EDGE('',*,*,#6763,.T.);
#6763 = EDGE_CURVE('',#1991,#3842,#6764,.T.);
#6764 = LINE('',#6765,#6766);
#6765 = CARTESIAN_POINT('',(95.568909,-64.529608,0.));
#6766 = VECTOR('',#6767,1.);
#6767 = DIRECTION('',(0.,0.,1.));
#6768 = ORIENTED_EDGE('',*,*,#3841,.T.);
#6769 = ORIENTED_EDGE('',*,*,#6729,.F.);
#6770 = ORIENTED_EDGE('',*,*,#1990,.F.);
#6771 = PLANE('',#6772);
#6772 = AXIS2_PLACEMENT_3D('',#6773,#6774,#6775);
#6773 = CARTESIAN_POINT('',(95.568909,-64.529608,0.));
#6774 = DIRECTION('',(0.185541259314,-0.982636474538,0.));
#6775 = DIRECTION('',(-0.982636474538,-0.185541259314,0.));
#6776 = ADVANCED_FACE('',(#6777),#6788,.T.);
#6777 = FACE_BOUND('',#6778,.T.);
#6778 = EDGE_LOOP('',(#6779,#6780,#6781,#6787));
#6779 = ORIENTED_EDGE('',*,*,#6748,.T.);
#6780 = ORIENTED_EDGE('',*,*,#3969,.T.);
#6781 = ORIENTED_EDGE('',*,*,#6782,.F.);
#6782 = EDGE_CURVE('',#2111,#3962,#6783,.T.);
#6783 = LINE('',#6784,#6785);
#6784 = CARTESIAN_POINT('',(92.830914,-66.985969,0.));
#6785 = VECTOR('',#6786,1.);
#6786 = DIRECTION('',(0.,0.,1.));
#6787 = ORIENTED_EDGE('',*,*,#2118,.F.);
#6788 = PLANE('',#6789);
#6789 = AXIS2_PLACEMENT_3D('',#6790,#6791,#6792);
#6790 = CARTESIAN_POINT('',(92.880399,-66.769091,0.));
#6791 = DIRECTION('',(0.974943502008,-0.222452619431,0.));
#6792 = DIRECTION('',(-0.222452619431,-0.974943502008,0.));
#6793 = ADVANCED_FACE('',(#6794),#6805,.T.);
#6794 = FACE_BOUND('',#6795,.T.);
#6795 = EDGE_LOOP('',(#6796,#6802,#6803,#6804));
#6796 = ORIENTED_EDGE('',*,*,#6797,.T.);
#6797 = EDGE_CURVE('',#1999,#3850,#6798,.T.);
#6798 = LINE('',#6799,#6800);
#6799 = CARTESIAN_POINT('',(95.627109,-64.497951,0.));
#6800 = VECTOR('',#6801,1.);
#6801 = DIRECTION('',(0.,0.,1.));
#6802 = ORIENTED_EDGE('',*,*,#3849,.T.);
#6803 = ORIENTED_EDGE('',*,*,#6763,.F.);
#6804 = ORIENTED_EDGE('',*,*,#1998,.F.);
#6805 = PLANE('',#6806);
#6806 = AXIS2_PLACEMENT_3D('',#6807,#6808,#6809);
#6807 = CARTESIAN_POINT('',(95.627109,-64.497951,0.));
#6808 = DIRECTION('',(0.477822831046,-0.878456226645,0.));
#6809 = DIRECTION('',(-0.878456226645,-0.477822831046,0.));
#6810 = ADVANCED_FACE('',(#6811),#6822,.T.);
#6811 = FACE_BOUND('',#6812,.T.);
#6812 = EDGE_LOOP('',(#6813,#6814,#6815,#6821));
#6813 = ORIENTED_EDGE('',*,*,#6782,.T.);
#6814 = ORIENTED_EDGE('',*,*,#3961,.T.);
#6815 = ORIENTED_EDGE('',*,*,#6816,.F.);
#6816 = EDGE_CURVE('',#2103,#3954,#6817,.T.);
#6817 = LINE('',#6818,#6819);
#6818 = CARTESIAN_POINT('',(92.802377,-67.050923,0.));
#6819 = VECTOR('',#6820,1.);
#6820 = DIRECTION('',(0.,0.,1.));
#6821 = ORIENTED_EDGE('',*,*,#2110,.F.);
#6822 = PLANE('',#6823);
#6823 = AXIS2_PLACEMENT_3D('',#6824,#6825,#6826);
#6824 = CARTESIAN_POINT('',(92.830914,-66.985969,0.));
#6825 = DIRECTION('',(0.915537071418,-0.40223360235,0.));
#6826 = DIRECTION('',(-0.40223360235,-0.915537071418,0.));
#6827 = ADVANCED_FACE('',(#6828),#6839,.T.);
#6828 = FACE_BOUND('',#6829,.T.);
#6829 = EDGE_LOOP('',(#6830,#6836,#6837,#6838));
#6830 = ORIENTED_EDGE('',*,*,#6831,.T.);
#6831 = EDGE_CURVE('',#2007,#3858,#6832,.T.);
#6832 = LINE('',#6833,#6834);
#6833 = CARTESIAN_POINT('',(96.358419,-65.081576,0.));
#6834 = VECTOR('',#6835,1.);
#6835 = DIRECTION('',(0.,0.,1.));
#6836 = ORIENTED_EDGE('',*,*,#3857,.T.);
#6837 = ORIENTED_EDGE('',*,*,#6797,.F.);
#6838 = ORIENTED_EDGE('',*,*,#2006,.F.);
#6839 = PLANE('',#6840);
#6840 = AXIS2_PLACEMENT_3D('',#6841,#6842,#6843);
#6841 = CARTESIAN_POINT('',(96.358419,-65.081576,0.));
#6842 = DIRECTION('',(-0.623767244092,-0.781610149114,0.));
#6843 = DIRECTION('',(-0.781610149114,0.623767244092,0.));
#6844 = ADVANCED_FACE('',(#6845),#6856,.T.);
#6845 = FACE_BOUND('',#6846,.T.);
#6846 = EDGE_LOOP('',(#6847,#6848,#6849,#6855));
#6847 = ORIENTED_EDGE('',*,*,#6816,.T.);
#6848 = ORIENTED_EDGE('',*,*,#3953,.T.);
#6849 = ORIENTED_EDGE('',*,*,#6850,.F.);
#6850 = EDGE_CURVE('',#2095,#3946,#6851,.T.);
#6851 = LINE('',#6852,#6853);
#6852 = CARTESIAN_POINT('',(93.533687,-67.634546,0.));
#6853 = VECTOR('',#6854,1.);
#6854 = DIRECTION('',(0.,0.,1.));
#6855 = ORIENTED_EDGE('',*,*,#2102,.F.);
#6856 = PLANE('',#6857);
#6857 = AXIS2_PLACEMENT_3D('',#6858,#6859,#6860);
#6858 = CARTESIAN_POINT('',(92.802377,-67.050923,0.));
#6859 = DIRECTION('',(0.623765938222,0.781611191267,-0.));
#6860 = DIRECTION('',(0.781611191267,-0.623765938222,0.));
#6861 = ADVANCED_FACE('',(#6862),#6873,.T.);
#6862 = FACE_BOUND('',#6863,.T.);
#6863 = EDGE_LOOP('',(#6864,#6870,#6871,#6872));
#6864 = ORIENTED_EDGE('',*,*,#6865,.T.);
#6865 = EDGE_CURVE('',#2015,#3866,#6866,.T.);
#6866 = LINE('',#6867,#6868);
#6867 = CARTESIAN_POINT('',(96.329882,-65.146529,0.));
#6868 = VECTOR('',#6869,1.);
#6869 = DIRECTION('',(0.,0.,1.));
#6870 = ORIENTED_EDGE('',*,*,#3865,.T.);
#6871 = ORIENTED_EDGE('',*,*,#6831,.F.);
#6872 = ORIENTED_EDGE('',*,*,#2014,.F.);
#6873 = PLANE('',#6874);
#6874 = AXIS2_PLACEMENT_3D('',#6875,#6876,#6877);
#6875 = CARTESIAN_POINT('',(96.329882,-65.146529,0.));
#6876 = DIRECTION('',(-0.915534790891,0.402238793091,0.));
#6877 = DIRECTION('',(0.402238793091,0.915534790891,0.));
#6878 = ADVANCED_FACE('',(#6879),#6890,.T.);
#6879 = FACE_BOUND('',#6880,.T.);
#6880 = EDGE_LOOP('',(#6881,#6882,#6883,#6889));
#6881 = ORIENTED_EDGE('',*,*,#6850,.T.);
#6882 = ORIENTED_EDGE('',*,*,#3945,.T.);
#6883 = ORIENTED_EDGE('',*,*,#6884,.F.);
#6884 = EDGE_CURVE('',#2087,#3938,#6885,.T.);
#6885 = LINE('',#6886,#6887);
#6886 = CARTESIAN_POINT('',(93.591887,-67.602889,0.));
#6887 = VECTOR('',#6888,1.);
#6888 = DIRECTION('',(0.,0.,1.));
#6889 = ORIENTED_EDGE('',*,*,#2094,.F.);
#6890 = PLANE('',#6891);
#6891 = AXIS2_PLACEMENT_3D('',#6892,#6893,#6894);
#6892 = CARTESIAN_POINT('',(93.533687,-67.634546,0.));
#6893 = DIRECTION('',(-0.477822831046,0.878456226645,0.));
#6894 = DIRECTION('',(0.878456226645,0.477822831046,0.));
#6895 = ADVANCED_FACE('',(#6896),#6907,.T.);
#6896 = FACE_BOUND('',#6897,.T.);
#6897 = EDGE_LOOP('',(#6898,#6904,#6905,#6906));
#6898 = ORIENTED_EDGE('',*,*,#6899,.T.);
#6899 = EDGE_CURVE('',#2023,#3874,#6900,.T.);
#6900 = LINE('',#6901,#6902);
#6901 = CARTESIAN_POINT('',(96.280397,-65.363407,0.));
#6902 = VECTOR('',#6903,1.);
#6903 = DIRECTION('',(0.,0.,1.));
#6904 = ORIENTED_EDGE('',*,*,#3873,.T.);
#6905 = ORIENTED_EDGE('',*,*,#6865,.F.);
#6906 = ORIENTED_EDGE('',*,*,#2022,.F.);
#6907 = PLANE('',#6908);
#6908 = AXIS2_PLACEMENT_3D('',#6909,#6910,#6911);
#6909 = CARTESIAN_POINT('',(96.280397,-65.363407,0.));
#6910 = DIRECTION('',(-0.974943502008,0.222452619431,0.));
#6911 = DIRECTION('',(0.222452619431,0.974943502008,0.));
#6912 = ADVANCED_FACE('',(#6913),#6924,.T.);
#6913 = FACE_BOUND('',#6914,.T.);
#6914 = EDGE_LOOP('',(#6915,#6916,#6917,#6923));
#6915 = ORIENTED_EDGE('',*,*,#6884,.T.);
#6916 = ORIENTED_EDGE('',*,*,#3937,.T.);
#6917 = ORIENTED_EDGE('',*,*,#6918,.F.);
#6918 = EDGE_CURVE('',#2079,#3930,#6919,.T.);
#6919 = LINE('',#6920,#6921);
#6920 = CARTESIAN_POINT('',(93.785946,-67.566249,0.));
#6921 = VECTOR('',#6922,1.);
#6922 = DIRECTION('',(0.,0.,1.));
#6923 = ORIENTED_EDGE('',*,*,#2086,.F.);
#6924 = PLANE('',#6925);
#6925 = AXIS2_PLACEMENT_3D('',#6926,#6927,#6928);
#6926 = CARTESIAN_POINT('',(93.591887,-67.602889,0.));
#6927 = DIRECTION('',(-0.18553055753,0.982638495187,0.));
#6928 = DIRECTION('',(0.982638495187,0.18553055753,0.));
#6929 = ADVANCED_FACE('',(#6930),#6941,.T.);
#6930 = FACE_BOUND('',#6931,.T.);
#6931 = EDGE_LOOP('',(#6932,#6938,#6939,#6940));
#6932 = ORIENTED_EDGE('',*,*,#6933,.T.);
#6933 = EDGE_CURVE('',#2031,#3882,#6934,.T.);
#6934 = LINE('',#6935,#6936);
#6935 = CARTESIAN_POINT('',(96.280397,-66.769091,0.));
#6936 = VECTOR('',#6937,1.);
#6937 = DIRECTION('',(0.,0.,1.));
#6938 = ORIENTED_EDGE('',*,*,#3881,.T.);
#6939 = ORIENTED_EDGE('',*,*,#6899,.F.);
#6940 = ORIENTED_EDGE('',*,*,#2030,.F.);
#6941 = PLANE('',#6942);
#6942 = AXIS2_PLACEMENT_3D('',#6943,#6944,#6945);
#6943 = CARTESIAN_POINT('',(96.280397,-66.769091,0.));
#6944 = DIRECTION('',(-1.,0.,0.));
#6945 = DIRECTION('',(0.,1.,0.));
#6946 = ADVANCED_FACE('',(#6947),#6958,.T.);
#6947 = FACE_BOUND('',#6948,.T.);
#6948 = EDGE_LOOP('',(#6949,#6950,#6951,#6957));
#6949 = ORIENTED_EDGE('',*,*,#6918,.T.);
#6950 = ORIENTED_EDGE('',*,*,#3929,.T.);
#6951 = ORIENTED_EDGE('',*,*,#6952,.F.);
#6952 = EDGE_CURVE('',#2071,#3922,#6953,.T.);
#6953 = LINE('',#6954,#6955);
#6954 = CARTESIAN_POINT('',(95.37485,-67.566249,0.));
#6955 = VECTOR('',#6956,1.);
#6956 = DIRECTION('',(0.,0.,1.));
#6957 = ORIENTED_EDGE('',*,*,#2078,.F.);
#6958 = PLANE('',#6959);
#6959 = AXIS2_PLACEMENT_3D('',#6960,#6961,#6962);
#6960 = CARTESIAN_POINT('',(93.785946,-67.566249,0.));
#6961 = DIRECTION('',(0.,1.,0.));
#6962 = DIRECTION('',(1.,0.,0.));
#6963 = ADVANCED_FACE('',(#6964),#6975,.T.);
#6964 = FACE_BOUND('',#6965,.T.);
#6965 = EDGE_LOOP('',(#6966,#6972,#6973,#6974));
#6966 = ORIENTED_EDGE('',*,*,#6967,.T.);
#6967 = EDGE_CURVE('',#2039,#3890,#6968,.T.);
#6968 = LINE('',#6969,#6970);
#6969 = CARTESIAN_POINT('',(96.306946,-66.934702,0.));
#6970 = VECTOR('',#6971,1.);
#6971 = DIRECTION('',(0.,0.,1.));
#6972 = ORIENTED_EDGE('',*,*,#3889,.T.);
#6973 = ORIENTED_EDGE('',*,*,#6933,.F.);
#6974 = ORIENTED_EDGE('',*,*,#2038,.F.);
#6975 = PLANE('',#6976);
#6976 = AXIS2_PLACEMENT_3D('',#6977,#6978,#6979);
#6977 = CARTESIAN_POINT('',(96.306946,-66.934702,0.));
#6978 = DIRECTION('',(-0.98739292722,-0.158288367468,0.));
#6979 = DIRECTION('',(-0.158288367468,0.98739292722,0.));
#6980 = ADVANCED_FACE('',(#6981),#6992,.T.);
#6981 = FACE_BOUND('',#6982,.T.);
#6982 = EDGE_LOOP('',(#6983,#6984,#6985,#6991));
#6983 = ORIENTED_EDGE('',*,*,#6952,.T.);
#6984 = ORIENTED_EDGE('',*,*,#3921,.T.);
#6985 = ORIENTED_EDGE('',*,*,#6986,.F.);
#6986 = EDGE_CURVE('',#2063,#3914,#6987,.T.);
#6987 = LINE('',#6988,#6989);
#6988 = CARTESIAN_POINT('',(95.627109,-67.634548,0.));
#6989 = VECTOR('',#6990,1.);
#6990 = DIRECTION('',(0.,0.,1.));
#6991 = ORIENTED_EDGE('',*,*,#2070,.F.);
#6992 = PLANE('',#6993);
#6993 = AXIS2_PLACEMENT_3D('',#6994,#6995,#6996);
#6994 = CARTESIAN_POINT('',(95.37485,-67.566249,0.));
#6995 = DIRECTION('',(0.261340091681,0.965246785273,-0.));
#6996 = DIRECTION('',(0.965246785273,-0.261340091681,0.));
#6997 = ADVANCED_FACE('',(#6998),#7009,.T.);
#6998 = FACE_BOUND('',#6999,.T.);
#6999 = EDGE_LOOP('',(#7000,#7006,#7007,#7008));
#7000 = ORIENTED_EDGE('',*,*,#7001,.T.);
#7001 = EDGE_CURVE('',#2047,#3898,#7002,.T.);
#7002 = LINE('',#7003,#7004);
#7003 = CARTESIAN_POINT('',(96.329882,-66.985968,0.));
#7004 = VECTOR('',#7005,1.);
#7005 = DIRECTION('',(0.,0.,1.));
#7006 = ORIENTED_EDGE('',*,*,#3897,.T.);
#7007 = ORIENTED_EDGE('',*,*,#6967,.F.);
#7008 = ORIENTED_EDGE('',*,*,#2046,.F.);
#7009 = PLANE('',#7010);
#7010 = AXIS2_PLACEMENT_3D('',#7011,#7012,#7013);
#7011 = CARTESIAN_POINT('',(96.329882,-66.985968,0.));
#7012 = DIRECTION('',(-0.912810217211,-0.408384019466,0.));
#7013 = DIRECTION('',(-0.408384019466,0.912810217211,0.));
#7014 = ADVANCED_FACE('',(#7015),#7026,.T.);
#7015 = FACE_BOUND('',#7016,.T.);
#7016 = EDGE_LOOP('',(#7017,#7018,#7019,#7025));
#7017 = ORIENTED_EDGE('',*,*,#6986,.T.);
#7018 = ORIENTED_EDGE('',*,*,#3913,.T.);
#7019 = ORIENTED_EDGE('',*,*,#7020,.F.);
#7020 = EDGE_CURVE('',#2055,#3906,#7021,.T.);
#7021 = LINE('',#7022,#7023);
#7022 = CARTESIAN_POINT('',(95.68958,-67.668207,0.));
#7023 = VECTOR('',#7024,1.);
#7024 = DIRECTION('',(0.,0.,1.));
#7025 = ORIENTED_EDGE('',*,*,#2062,.F.);
#7026 = PLANE('',#7027);
#7027 = AXIS2_PLACEMENT_3D('',#7028,#7029,#7030);
#7028 = CARTESIAN_POINT('',(95.627109,-67.634548,0.));
#7029 = DIRECTION('',(0.474326703371,0.880348895876,-0.));
#7030 = DIRECTION('',(0.880348895876,-0.474326703371,0.));
#7031 = ADVANCED_FACE('',(#7032),#7038,.T.);
#7032 = FACE_BOUND('',#7033,.T.);
#7033 = EDGE_LOOP('',(#7034,#7035,#7036,#7037));
#7034 = ORIENTED_EDGE('',*,*,#7020,.T.);
#7035 = ORIENTED_EDGE('',*,*,#3905,.T.);
#7036 = ORIENTED_EDGE('',*,*,#7001,.F.);
#7037 = ORIENTED_EDGE('',*,*,#2054,.F.);
#7038 = PLANE('',#7039);
#7039 = AXIS2_PLACEMENT_3D('',#7040,#7041,#7042);
#7040 = CARTESIAN_POINT('',(95.68958,-67.668207,0.));
#7041 = DIRECTION('',(-0.729162233353,0.684340878109,0.));
#7042 = DIRECTION('',(0.684340878109,0.729162233353,0.));
#7043 = ADVANCED_FACE('',(#7044),#7055,.F.);
#7044 = FACE_BOUND('',#7045,.T.);
#7045 = EDGE_LOOP('',(#7046,#7047,#7053,#7054));
#7046 = ORIENTED_EDGE('',*,*,#2150,.T.);
#7047 = ORIENTED_EDGE('',*,*,#7048,.T.);
#7048 = EDGE_CURVE('',#2151,#4002,#7049,.T.);
#7049 = LINE('',#7050,#7051);
#7050 = CARTESIAN_POINT('',(103.410398,-99.898749,-4.6E-02));
#7051 = VECTOR('',#7052,1.);
#7052 = DIRECTION('',(0.,0.,1.));
#7053 = ORIENTED_EDGE('',*,*,#4001,.F.);
#7054 = ORIENTED_EDGE('',*,*,#7048,.F.);
#7055 = CYLINDRICAL_SURFACE('',#7056,0.85);
#7056 = AXIS2_PLACEMENT_3D('',#7057,#7058,#7059);
#7057 = CARTESIAN_POINT('',(103.410398,-99.048749,-4.6E-02));
#7058 = DIRECTION('',(-0.,-0.,-1.));
#7059 = DIRECTION('',(-0.,-1.,0.));
#7060 = ADVANCED_FACE('',(#7061),#7072,.F.);
#7061 = FACE_BOUND('',#7062,.T.);
#7062 = EDGE_LOOP('',(#7063,#7064,#7070,#7071));
#7063 = ORIENTED_EDGE('',*,*,#2161,.T.);
#7064 = ORIENTED_EDGE('',*,*,#7065,.T.);
#7065 = EDGE_CURVE('',#2162,#4013,#7066,.T.);
#7066 = LINE('',#7067,#7068);
#7067 = CARTESIAN_POINT('',(108.490398,-101.048749,-4.6E-02));
#7068 = VECTOR('',#7069,1.);
#7069 = DIRECTION('',(0.,0.,1.));
#7070 = ORIENTED_EDGE('',*,*,#4012,.F.);
#7071 = ORIENTED_EDGE('',*,*,#7065,.F.);
#7072 = CYLINDRICAL_SURFACE('',#7073,2.);
#7073 = AXIS2_PLACEMENT_3D('',#7074,#7075,#7076);
#7074 = CARTESIAN_POINT('',(108.490398,-99.048749,-4.6E-02));
#7075 = DIRECTION('',(-0.,-0.,-1.));
#7076 = DIRECTION('',(-0.,-1.,0.));
#7077 = ADVANCED_FACE('',(#7078),#7089,.F.);
#7078 = FACE_BOUND('',#7079,.T.);
#7079 = EDGE_LOOP('',(#7080,#7081,#7087,#7088));
#7080 = ORIENTED_EDGE('',*,*,#2172,.T.);
#7081 = ORIENTED_EDGE('',*,*,#7082,.T.);
#7082 = EDGE_CURVE('',#2173,#4024,#7083,.T.);
#7083 = LINE('',#7084,#7085);
#7084 = CARTESIAN_POINT('',(104.680398,-97.258749,-4.6E-02));
#7085 = VECTOR('',#7086,1.);
#7086 = DIRECTION('',(0.,0.,1.));
#7087 = ORIENTED_EDGE('',*,*,#4023,.F.);
#7088 = ORIENTED_EDGE('',*,*,#7082,.F.);
#7089 = CYLINDRICAL_SURFACE('',#7090,0.75);
#7090 = AXIS2_PLACEMENT_3D('',#7091,#7092,#7093);
#7091 = CARTESIAN_POINT('',(104.680398,-96.508749,-4.6E-02));
#7092 = DIRECTION('',(-0.,-0.,-1.));
#7093 = DIRECTION('',(-0.,-1.,0.));
#7094 = ADVANCED_FACE('',(#7095),#7106,.F.);
#7095 = FACE_BOUND('',#7096,.T.);
#7096 = EDGE_LOOP('',(#7097,#7098,#7104,#7105));
#7097 = ORIENTED_EDGE('',*,*,#2183,.T.);
#7098 = ORIENTED_EDGE('',*,*,#7099,.T.);
#7099 = EDGE_CURVE('',#2184,#4035,#7100,.T.);
#7100 = LINE('',#7101,#7102);
#7101 = CARTESIAN_POINT('',(113.570398,-99.898749,-4.6E-02));
#7102 = VECTOR('',#7103,1.);
#7103 = DIRECTION('',(0.,0.,1.));
#7104 = ORIENTED_EDGE('',*,*,#4034,.F.);
#7105 = ORIENTED_EDGE('',*,*,#7099,.F.);
#7106 = CYLINDRICAL_SURFACE('',#7107,0.85);
#7107 = AXIS2_PLACEMENT_3D('',#7108,#7109,#7110);
#7108 = CARTESIAN_POINT('',(113.570398,-99.048749,-4.6E-02));
#7109 = DIRECTION('',(-0.,-0.,-1.));
#7110 = DIRECTION('',(-1.671865260612E-14,-1.,0.));
#7111 = ADVANCED_FACE('',(#7112),#7123,.F.);
#7112 = FACE_BOUND('',#7113,.T.);
#7113 = EDGE_LOOP('',(#7114,#7115,#7121,#7122));
#7114 = ORIENTED_EDGE('',*,*,#2194,.T.);
#7115 = ORIENTED_EDGE('',*,*,#7116,.T.);
#7116 = EDGE_CURVE('',#2195,#4046,#7117,.T.);
#7117 = LINE('',#7118,#7119);
#7118 = CARTESIAN_POINT('',(118.174148,-102.941249,-4.6E-02));
#7119 = VECTOR('',#7120,1.);
#7120 = DIRECTION('',(0.,0.,1.));
#7121 = ORIENTED_EDGE('',*,*,#4045,.F.);
#7122 = ORIENTED_EDGE('',*,*,#7116,.F.);
#7123 = CYLINDRICAL_SURFACE('',#7124,0.4);
#7124 = AXIS2_PLACEMENT_3D('',#7125,#7126,#7127);
#7125 = CARTESIAN_POINT('',(118.174148,-102.541249,-4.6E-02));
#7126 = DIRECTION('',(-0.,-0.,-1.));
#7127 = DIRECTION('',(-0.,-1.,0.));
#7128 = ADVANCED_FACE('',(#7129),#7140,.F.);
#7129 = FACE_BOUND('',#7130,.T.);
#7130 = EDGE_LOOP('',(#7131,#7132,#7138,#7139));
#7131 = ORIENTED_EDGE('',*,*,#2205,.T.);
#7132 = ORIENTED_EDGE('',*,*,#7133,.T.);
#7133 = EDGE_CURVE('',#2206,#4057,#7134,.T.);
#7134 = LINE('',#7135,#7136);
#7135 = CARTESIAN_POINT('',(111.030398,-94.718749,-4.6E-02));
#7136 = VECTOR('',#7137,1.);
#7137 = DIRECTION('',(0.,0.,1.));
#7138 = ORIENTED_EDGE('',*,*,#4056,.F.);
#7139 = ORIENTED_EDGE('',*,*,#7133,.F.);
#7140 = CYLINDRICAL_SURFACE('',#7141,0.75);
#7141 = AXIS2_PLACEMENT_3D('',#7142,#7143,#7144);
#7142 = CARTESIAN_POINT('',(111.030398,-93.968749,-4.6E-02));
#7143 = DIRECTION('',(-0.,-0.,-1.));
#7144 = DIRECTION('',(-0.,-1.,0.));
#7145 = ADVANCED_FACE('',(#7146),#7157,.F.);
#7146 = FACE_BOUND('',#7147,.T.);
#7147 = EDGE_LOOP('',(#7148,#7149,#7155,#7156));
#7148 = ORIENTED_EDGE('',*,*,#2216,.T.);
#7149 = ORIENTED_EDGE('',*,*,#7150,.T.);
#7150 = EDGE_CURVE('',#2217,#4068,#7151,.T.);
#7151 = LINE('',#7152,#7153);
#7152 = CARTESIAN_POINT('',(118.174148,-95.321249,-4.6E-02));
#7153 = VECTOR('',#7154,1.);
#7154 = DIRECTION('',(0.,0.,1.));
#7155 = ORIENTED_EDGE('',*,*,#4067,.F.);
#7156 = ORIENTED_EDGE('',*,*,#7150,.F.);
#7157 = CYLINDRICAL_SURFACE('',#7158,0.4);
#7158 = AXIS2_PLACEMENT_3D('',#7159,#7160,#7161);
#7159 = CARTESIAN_POINT('',(118.174148,-94.921249,-4.6E-02));
#7160 = DIRECTION('',(-0.,-0.,-1.));
#7161 = DIRECTION('',(-0.,-1.,0.));
#7162 = ADVANCED_FACE('',(#7163),#7174,.F.);
#7163 = FACE_BOUND('',#7164,.T.);
#7164 = EDGE_LOOP('',(#7165,#7166,#7172,#7173));
#7165 = ORIENTED_EDGE('',*,*,#2227,.T.);
#7166 = ORIENTED_EDGE('',*,*,#7167,.T.);
#7167 = EDGE_CURVE('',#2228,#4079,#7168,.T.);
#7168 = LINE('',#7169,#7170);
#7169 = CARTESIAN_POINT('',(122.460398,-99.898749,-4.6E-02));
#7170 = VECTOR('',#7171,1.);
#7171 = DIRECTION('',(0.,0.,1.));
#7172 = ORIENTED_EDGE('',*,*,#4078,.F.);
#7173 = ORIENTED_EDGE('',*,*,#7167,.F.);
#7174 = CYLINDRICAL_SURFACE('',#7175,0.85);
#7175 = AXIS2_PLACEMENT_3D('',#7176,#7177,#7178);
#7176 = CARTESIAN_POINT('',(122.460398,-99.048749,-4.6E-02));
#7177 = DIRECTION('',(-0.,-0.,-1.));
#7178 = DIRECTION('',(-0.,-1.,0.));
#7179 = ADVANCED_FACE('',(#7180),#7191,.F.);
#7180 = FACE_BOUND('',#7181,.T.);
#7181 = EDGE_LOOP('',(#7182,#7183,#7189,#7190));
#7182 = ORIENTED_EDGE('',*,*,#2238,.T.);
#7183 = ORIENTED_EDGE('',*,*,#7184,.T.);
#7184 = EDGE_CURVE('',#2239,#4090,#7185,.T.);
#7185 = LINE('',#7186,#7187);
#7186 = CARTESIAN_POINT('',(127.540398,-101.048749,-4.6E-02));
#7187 = VECTOR('',#7188,1.);
#7188 = DIRECTION('',(0.,0.,1.));
#7189 = ORIENTED_EDGE('',*,*,#4089,.F.);
#7190 = ORIENTED_EDGE('',*,*,#7184,.F.);
#7191 = CYLINDRICAL_SURFACE('',#7192,2.);
#7192 = AXIS2_PLACEMENT_3D('',#7193,#7194,#7195);
#7193 = CARTESIAN_POINT('',(127.540398,-99.048749,-4.6E-02));
#7194 = DIRECTION('',(-0.,-0.,-1.));
#7195 = DIRECTION('',(-7.105427357601E-15,-1.,0.));
#7196 = ADVANCED_FACE('',(#7197),#7208,.F.);
#7197 = FACE_BOUND('',#7198,.T.);
#7198 = EDGE_LOOP('',(#7199,#7200,#7206,#7207));
#7199 = ORIENTED_EDGE('',*,*,#2249,.T.);
#7200 = ORIENTED_EDGE('',*,*,#7201,.T.);
#7201 = EDGE_CURVE('',#2250,#4101,#7202,.T.);
#7202 = LINE('',#7203,#7204);
#7203 = CARTESIAN_POINT('',(123.730398,-97.258749,-4.6E-02));
#7204 = VECTOR('',#7205,1.);
#7205 = DIRECTION('',(0.,0.,1.));
#7206 = ORIENTED_EDGE('',*,*,#4100,.F.);
#7207 = ORIENTED_EDGE('',*,*,#7201,.F.);
#7208 = CYLINDRICAL_SURFACE('',#7209,0.75);
#7209 = AXIS2_PLACEMENT_3D('',#7210,#7211,#7212);
#7210 = CARTESIAN_POINT('',(123.730398,-96.508749,-4.6E-02));
#7211 = DIRECTION('',(-0.,-0.,-1.));
#7212 = DIRECTION('',(-0.,-1.,0.));
#7213 = ADVANCED_FACE('',(#7214),#7225,.F.);
#7214 = FACE_BOUND('',#7215,.T.);
#7215 = EDGE_LOOP('',(#7216,#7217,#7223,#7224));
#7216 = ORIENTED_EDGE('',*,*,#2260,.T.);
#7217 = ORIENTED_EDGE('',*,*,#7218,.T.);
#7218 = EDGE_CURVE('',#2261,#4112,#7219,.T.);
#7219 = LINE('',#7220,#7221);
#7220 = CARTESIAN_POINT('',(132.620398,-99.898749,-4.6E-02));
#7221 = VECTOR('',#7222,1.);
#7222 = DIRECTION('',(0.,0.,1.));
#7223 = ORIENTED_EDGE('',*,*,#4111,.F.);
#7224 = ORIENTED_EDGE('',*,*,#7218,.F.);
#7225 = CYLINDRICAL_SURFACE('',#7226,0.85);
#7226 = AXIS2_PLACEMENT_3D('',#7227,#7228,#7229);
#7227 = CARTESIAN_POINT('',(132.620398,-99.048749,-4.6E-02));
#7228 = DIRECTION('',(-0.,-0.,-1.));
#7229 = DIRECTION('',(-0.,-1.,0.));
#7230 = ADVANCED_FACE('',(#7231),#7242,.F.);
#7231 = FACE_BOUND('',#7232,.T.);
#7232 = EDGE_LOOP('',(#7233,#7234,#7240,#7241));
#7233 = ORIENTED_EDGE('',*,*,#2271,.T.);
#7234 = ORIENTED_EDGE('',*,*,#7235,.T.);
#7235 = EDGE_CURVE('',#2272,#4123,#7236,.T.);
#7236 = LINE('',#7237,#7238);
#7237 = CARTESIAN_POINT('',(137.224148,-102.941249,-4.6E-02));
#7238 = VECTOR('',#7239,1.);
#7239 = DIRECTION('',(0.,0.,1.));
#7240 = ORIENTED_EDGE('',*,*,#4122,.F.);
#7241 = ORIENTED_EDGE('',*,*,#7235,.F.);
#7242 = CYLINDRICAL_SURFACE('',#7243,0.4);
#7243 = AXIS2_PLACEMENT_3D('',#7244,#7245,#7246);
#7244 = CARTESIAN_POINT('',(137.224148,-102.541249,-4.6E-02));
#7245 = DIRECTION('',(-0.,-0.,-1.));
#7246 = DIRECTION('',(-0.,-1.,0.));
#7247 = ADVANCED_FACE('',(#7248),#7259,.F.);
#7248 = FACE_BOUND('',#7249,.T.);
#7249 = EDGE_LOOP('',(#7250,#7251,#7257,#7258));
#7250 = ORIENTED_EDGE('',*,*,#2282,.T.);
#7251 = ORIENTED_EDGE('',*,*,#7252,.T.);
#7252 = EDGE_CURVE('',#2283,#4134,#7253,.T.);
#7253 = LINE('',#7254,#7255);
#7254 = CARTESIAN_POINT('',(130.080398,-94.718749,-4.6E-02));
#7255 = VECTOR('',#7256,1.);
#7256 = DIRECTION('',(0.,0.,1.));
#7257 = ORIENTED_EDGE('',*,*,#4133,.F.);
#7258 = ORIENTED_EDGE('',*,*,#7252,.F.);
#7259 = CYLINDRICAL_SURFACE('',#7260,0.75);
#7260 = AXIS2_PLACEMENT_3D('',#7261,#7262,#7263);
#7261 = CARTESIAN_POINT('',(130.080398,-93.968749,-4.6E-02));
#7262 = DIRECTION('',(-0.,-0.,-1.));
#7263 = DIRECTION('',(-0.,-1.,0.));
#7264 = ADVANCED_FACE('',(#7265),#7276,.F.);
#7265 = FACE_BOUND('',#7266,.T.);
#7266 = EDGE_LOOP('',(#7267,#7268,#7274,#7275));
#7267 = ORIENTED_EDGE('',*,*,#2293,.T.);
#7268 = ORIENTED_EDGE('',*,*,#7269,.T.);
#7269 = EDGE_CURVE('',#2294,#4145,#7270,.T.);
#7270 = LINE('',#7271,#7272);
#7271 = CARTESIAN_POINT('',(137.224148,-95.321249,-4.6E-02));
#7272 = VECTOR('',#7273,1.);
#7273 = DIRECTION('',(0.,0.,1.));
#7274 = ORIENTED_EDGE('',*,*,#4144,.F.);
#7275 = ORIENTED_EDGE('',*,*,#7269,.F.);
#7276 = CYLINDRICAL_SURFACE('',#7277,0.4);
#7277 = AXIS2_PLACEMENT_3D('',#7278,#7279,#7280);
#7278 = CARTESIAN_POINT('',(137.224148,-94.921249,-4.6E-02));
#7279 = DIRECTION('',(-0.,-0.,-1.));
#7280 = DIRECTION('',(-0.,-1.,0.));
#7281 = ADVANCED_FACE('',(#7282),#7293,.F.);
#7282 = FACE_BOUND('',#7283,.T.);
#7283 = EDGE_LOOP('',(#7284,#7285,#7291,#7292));
#7284 = ORIENTED_EDGE('',*,*,#2304,.T.);
#7285 = ORIENTED_EDGE('',*,*,#7286,.T.);
#7286 = EDGE_CURVE('',#2305,#4156,#7287,.T.);
#7287 = LINE('',#7288,#7289);
#7288 = CARTESIAN_POINT('',(117.697898,-79.649499,-4.6E-02));
#7289 = VECTOR('',#7290,1.);
#7290 = DIRECTION('',(0.,0.,1.));
#7291 = ORIENTED_EDGE('',*,*,#4155,.F.);
#7292 = ORIENTED_EDGE('',*,*,#7286,.F.);
#7293 = CYLINDRICAL_SURFACE('',#7294,0.4445);
#7294 = AXIS2_PLACEMENT_3D('',#7295,#7296,#7297);
#7295 = CARTESIAN_POINT('',(117.697898,-79.204999,-4.6E-02));
#7296 = DIRECTION('',(-0.,-0.,-1.));
#7297 = DIRECTION('',(-3.197042680585E-14,-1.,0.));
#7298 = ADVANCED_FACE('',(#7299),#7310,.F.);
#7299 = FACE_BOUND('',#7300,.T.);
#7300 = EDGE_LOOP('',(#7301,#7302,#7308,#7309));
#7301 = ORIENTED_EDGE('',*,*,#2315,.T.);
#7302 = ORIENTED_EDGE('',*,*,#7303,.T.);
#7303 = EDGE_CURVE('',#2316,#4167,#7304,.T.);
#7304 = LINE('',#7305,#7306);
#7305 = CARTESIAN_POINT('',(117.697898,-77.109499,-4.6E-02));
#7306 = VECTOR('',#7307,1.);
#7307 = DIRECTION('',(0.,0.,1.));
#7308 = ORIENTED_EDGE('',*,*,#4166,.F.);
#7309 = ORIENTED_EDGE('',*,*,#7303,.F.);
#7310 = CYLINDRICAL_SURFACE('',#7311,0.4445);
#7311 = AXIS2_PLACEMENT_3D('',#7312,#7313,#7314);
#7312 = CARTESIAN_POINT('',(117.697898,-76.664999,-4.6E-02));
#7313 = DIRECTION('',(-0.,-0.,-1.));
#7314 = DIRECTION('',(-3.197042680585E-14,-1.,0.));
#7315 = ADVANCED_FACE('',(#7316),#7327,.F.);
#7316 = FACE_BOUND('',#7317,.T.);
#7317 = EDGE_LOOP('',(#7318,#7319,#7325,#7326));
#7318 = ORIENTED_EDGE('',*,*,#2326,.T.);
#7319 = ORIENTED_EDGE('',*,*,#7320,.T.);
#7320 = EDGE_CURVE('',#2327,#4178,#7321,.T.);
#7321 = LINE('',#7322,#7323);
#7322 = CARTESIAN_POINT('',(117.697898,-74.569499,-4.6E-02));
#7323 = VECTOR('',#7324,1.);
#7324 = DIRECTION('',(0.,0.,1.));
#7325 = ORIENTED_EDGE('',*,*,#4177,.F.);
#7326 = ORIENTED_EDGE('',*,*,#7320,.F.);
#7327 = CYLINDRICAL_SURFACE('',#7328,0.4445);
#7328 = AXIS2_PLACEMENT_3D('',#7329,#7330,#7331);
#7329 = CARTESIAN_POINT('',(117.697898,-74.124999,-4.6E-02));
#7330 = DIRECTION('',(-0.,-0.,-1.));
#7331 = DIRECTION('',(-3.197042680586E-14,-1.,0.));
#7332 = ADVANCED_FACE('',(#7333),#7344,.F.);
#7333 = FACE_BOUND('',#7334,.T.);
#7334 = EDGE_LOOP('',(#7335,#7336,#7342,#7343));
#7335 = ORIENTED_EDGE('',*,*,#2337,.T.);
#7336 = ORIENTED_EDGE('',*,*,#7337,.T.);
#7337 = EDGE_CURVE('',#2338,#4189,#7338,.T.);
#7338 = LINE('',#7339,#7340);
#7339 = CARTESIAN_POINT('',(117.697898,-72.029499,-4.6E-02));
#7340 = VECTOR('',#7341,1.);
#7341 = DIRECTION('',(0.,0.,1.));
#7342 = ORIENTED_EDGE('',*,*,#4188,.F.);
#7343 = ORIENTED_EDGE('',*,*,#7337,.F.);
#7344 = CYLINDRICAL_SURFACE('',#7345,0.4445);
#7345 = AXIS2_PLACEMENT_3D('',#7346,#7347,#7348);
#7346 = CARTESIAN_POINT('',(117.697898,-71.584999,-4.6E-02));
#7347 = DIRECTION('',(-0.,-0.,-1.));
#7348 = DIRECTION('',(-3.197042680585E-14,-1.,0.));
#7349 = ADVANCED_FACE('',(#7350),#7361,.F.);
#7350 = FACE_BOUND('',#7351,.T.);
#7351 = EDGE_LOOP('',(#7352,#7353,#7359,#7360));
#7352 = ORIENTED_EDGE('',*,*,#2348,.T.);
#7353 = ORIENTED_EDGE('',*,*,#7354,.T.);
#7354 = EDGE_CURVE('',#2349,#4200,#7355,.T.);
#7355 = LINE('',#7356,#7357);
#7356 = CARTESIAN_POINT('',(117.697898,-69.489499,-4.6E-02));
#7357 = VECTOR('',#7358,1.);
#7358 = DIRECTION('',(0.,0.,1.));
#7359 = ORIENTED_EDGE('',*,*,#4199,.F.);
#7360 = ORIENTED_EDGE('',*,*,#7354,.F.);
#7361 = CYLINDRICAL_SURFACE('',#7362,0.4445);
#7362 = AXIS2_PLACEMENT_3D('',#7363,#7364,#7365);
#7363 = CARTESIAN_POINT('',(117.697898,-69.044999,-4.6E-02));
#7364 = DIRECTION('',(-0.,-0.,-1.));
#7365 = DIRECTION('',(-3.197042680585E-14,-1.,0.));
#7366 = ADVANCED_FACE('',(#7367),#7378,.F.);
#7367 = FACE_BOUND('',#7368,.T.);
#7368 = EDGE_LOOP('',(#7369,#7370,#7376,#7377));
#7369 = ORIENTED_EDGE('',*,*,#2359,.T.);
#7370 = ORIENTED_EDGE('',*,*,#7371,.T.);
#7371 = EDGE_CURVE('',#2360,#4211,#7372,.T.);
#7372 = LINE('',#7373,#7374);
#7373 = CARTESIAN_POINT('',(117.697898,-66.949499,-4.6E-02));
#7374 = VECTOR('',#7375,1.);
#7375 = DIRECTION('',(0.,0.,1.));
#7376 = ORIENTED_EDGE('',*,*,#4210,.F.);
#7377 = ORIENTED_EDGE('',*,*,#7371,.F.);
#7378 = CYLINDRICAL_SURFACE('',#7379,0.4445);
#7379 = AXIS2_PLACEMENT_3D('',#7380,#7381,#7382);
#7380 = CARTESIAN_POINT('',(117.697898,-66.504999,-4.6E-02));
#7381 = DIRECTION('',(-0.,-0.,-1.));
#7382 = DIRECTION('',(-3.197042680585E-14,-1.,0.));
#7383 = ADVANCED_FACE('',(#7384),#7395,.F.);
#7384 = FACE_BOUND('',#7385,.T.);
#7385 = EDGE_LOOP('',(#7386,#7387,#7393,#7394));
#7386 = ORIENTED_EDGE('',*,*,#2370,.T.);
#7387 = ORIENTED_EDGE('',*,*,#7388,.T.);
#7388 = EDGE_CURVE('',#2371,#4222,#7389,.T.);
#7389 = LINE('',#7390,#7391);
#7390 = CARTESIAN_POINT('',(117.697898,-64.409499,-4.6E-02));
#7391 = VECTOR('',#7392,1.);
#7392 = DIRECTION('',(0.,0.,1.));
#7393 = ORIENTED_EDGE('',*,*,#4221,.F.);
#7394 = ORIENTED_EDGE('',*,*,#7388,.F.);
#7395 = CYLINDRICAL_SURFACE('',#7396,0.4445);
#7396 = AXIS2_PLACEMENT_3D('',#7397,#7398,#7399);
#7397 = CARTESIAN_POINT('',(117.697898,-63.964999,-4.6E-02));
#7398 = DIRECTION('',(-0.,-0.,-1.));
#7399 = DIRECTION('',(-3.197042680585E-14,-1.,0.));
#7400 = ADVANCED_FACE('',(#7401),#7412,.F.);
#7401 = FACE_BOUND('',#7402,.T.);
#7402 = EDGE_LOOP('',(#7403,#7404,#7410,#7411));
#7403 = ORIENTED_EDGE('',*,*,#2381,.T.);
#7404 = ORIENTED_EDGE('',*,*,#7405,.T.);
#7405 = EDGE_CURVE('',#2382,#4233,#7406,.T.);
#7406 = LINE('',#7407,#7408);
#7407 = CARTESIAN_POINT('',(132.937898,-79.649499,-4.6E-02));
#7408 = VECTOR('',#7409,1.);
#7409 = DIRECTION('',(0.,0.,1.));
#7410 = ORIENTED_EDGE('',*,*,#4232,.F.);
#7411 = ORIENTED_EDGE('',*,*,#7405,.F.);
#7412 = CYLINDRICAL_SURFACE('',#7413,0.4445);
#7413 = AXIS2_PLACEMENT_3D('',#7414,#7415,#7416);
#7414 = CARTESIAN_POINT('',(132.937898,-79.204999,-4.6E-02));
#7415 = DIRECTION('',(-0.,-0.,-1.));
#7416 = DIRECTION('',(-6.394085361171E-14,-1.,0.));
#7417 = ADVANCED_FACE('',(#7418),#7429,.F.);
#7418 = FACE_BOUND('',#7419,.T.);
#7419 = EDGE_LOOP('',(#7420,#7421,#7427,#7428));
#7420 = ORIENTED_EDGE('',*,*,#2392,.T.);
#7421 = ORIENTED_EDGE('',*,*,#7422,.T.);
#7422 = EDGE_CURVE('',#2393,#4244,#7423,.T.);
#7423 = LINE('',#7424,#7425);
#7424 = CARTESIAN_POINT('',(132.937898,-77.109499,-4.6E-02));
#7425 = VECTOR('',#7426,1.);
#7426 = DIRECTION('',(0.,0.,1.));
#7427 = ORIENTED_EDGE('',*,*,#4243,.F.);
#7428 = ORIENTED_EDGE('',*,*,#7422,.F.);
#7429 = CYLINDRICAL_SURFACE('',#7430,0.4445);
#7430 = AXIS2_PLACEMENT_3D('',#7431,#7432,#7433);
#7431 = CARTESIAN_POINT('',(132.937898,-76.664999,-4.6E-02));
#7432 = DIRECTION('',(-0.,-0.,-1.));
#7433 = DIRECTION('',(-6.394085361171E-14,-1.,0.));
#7434 = ADVANCED_FACE('',(#7435),#7446,.F.);
#7435 = FACE_BOUND('',#7436,.T.);
#7436 = EDGE_LOOP('',(#7437,#7438,#7444,#7445));
#7437 = ORIENTED_EDGE('',*,*,#2403,.T.);
#7438 = ORIENTED_EDGE('',*,*,#7439,.T.);
#7439 = EDGE_CURVE('',#2404,#4255,#7440,.T.);
#7440 = LINE('',#7441,#7442);
#7441 = CARTESIAN_POINT('',(132.937898,-74.569499,-4.6E-02));
#7442 = VECTOR('',#7443,1.);
#7443 = DIRECTION('',(0.,0.,1.));
#7444 = ORIENTED_EDGE('',*,*,#4254,.F.);
#7445 = ORIENTED_EDGE('',*,*,#7439,.F.);
#7446 = CYLINDRICAL_SURFACE('',#7447,0.4445);
#7447 = AXIS2_PLACEMENT_3D('',#7448,#7449,#7450);
#7448 = CARTESIAN_POINT('',(132.937898,-74.124999,-4.6E-02));
#7449 = DIRECTION('',(-0.,-0.,-1.));
#7450 = DIRECTION('',(-6.394085361171E-14,-1.,0.));
#7451 = ADVANCED_FACE('',(#7452),#7463,.F.);
#7452 = FACE_BOUND('',#7453,.T.);
#7453 = EDGE_LOOP('',(#7454,#7455,#7461,#7462));
#7454 = ORIENTED_EDGE('',*,*,#2414,.T.);
#7455 = ORIENTED_EDGE('',*,*,#7456,.T.);
#7456 = EDGE_CURVE('',#2415,#4266,#7457,.T.);
#7457 = LINE('',#7458,#7459);
#7458 = CARTESIAN_POINT('',(132.937898,-72.029499,-4.6E-02));
#7459 = VECTOR('',#7460,1.);
#7460 = DIRECTION('',(0.,0.,1.));
#7461 = ORIENTED_EDGE('',*,*,#4265,.F.);
#7462 = ORIENTED_EDGE('',*,*,#7456,.F.);
#7463 = CYLINDRICAL_SURFACE('',#7464,0.4445);
#7464 = AXIS2_PLACEMENT_3D('',#7465,#7466,#7467);
#7465 = CARTESIAN_POINT('',(132.937898,-71.584999,-4.6E-02));
#7466 = DIRECTION('',(-0.,-0.,-1.));
#7467 = DIRECTION('',(-6.394085361171E-14,-1.,0.));
#7468 = ADVANCED_FACE('',(#7469),#7480,.F.);
#7469 = FACE_BOUND('',#7470,.T.);
#7470 = EDGE_LOOP('',(#7471,#7472,#7478,#7479));
#7471 = ORIENTED_EDGE('',*,*,#2425,.T.);
#7472 = ORIENTED_EDGE('',*,*,#7473,.T.);
#7473 = EDGE_CURVE('',#2426,#4277,#7474,.T.);
#7474 = LINE('',#7475,#7476);
#7475 = CARTESIAN_POINT('',(132.937898,-69.489499,-4.6E-02));
#7476 = VECTOR('',#7477,1.);
#7477 = DIRECTION('',(0.,0.,1.));
#7478 = ORIENTED_EDGE('',*,*,#4276,.F.);
#7479 = ORIENTED_EDGE('',*,*,#7473,.F.);
#7480 = CYLINDRICAL_SURFACE('',#7481,0.4445);
#7481 = AXIS2_PLACEMENT_3D('',#7482,#7483,#7484);
#7482 = CARTESIAN_POINT('',(132.937898,-69.044999,-4.6E-02));
#7483 = DIRECTION('',(-0.,-0.,-1.));
#7484 = DIRECTION('',(-6.394085361171E-14,-1.,0.));
#7485 = ADVANCED_FACE('',(#7486),#7497,.F.);
#7486 = FACE_BOUND('',#7487,.T.);
#7487 = EDGE_LOOP('',(#7488,#7489,#7495,#7496));
#7488 = ORIENTED_EDGE('',*,*,#2436,.T.);
#7489 = ORIENTED_EDGE('',*,*,#7490,.T.);
#7490 = EDGE_CURVE('',#2437,#4288,#7491,.T.);
#7491 = LINE('',#7492,#7493);
#7492 = CARTESIAN_POINT('',(132.937898,-66.949499,-4.6E-02));
#7493 = VECTOR('',#7494,1.);
#7494 = DIRECTION('',(0.,0.,1.));
#7495 = ORIENTED_EDGE('',*,*,#4287,.F.);
#7496 = ORIENTED_EDGE('',*,*,#7490,.F.);
#7497 = CYLINDRICAL_SURFACE('',#7498,0.4445);
#7498 = AXIS2_PLACEMENT_3D('',#7499,#7500,#7501);
#7499 = CARTESIAN_POINT('',(132.937898,-66.504999,-4.6E-02));
#7500 = DIRECTION('',(-0.,-0.,-1.));
#7501 = DIRECTION('',(-6.394085361171E-14,-1.,0.));
#7502 = ADVANCED_FACE('',(#7503),#7514,.F.);
#7503 = FACE_BOUND('',#7504,.T.);
#7504 = EDGE_LOOP('',(#7505,#7506,#7512,#7513));
#7505 = ORIENTED_EDGE('',*,*,#2447,.T.);
#7506 = ORIENTED_EDGE('',*,*,#7507,.T.);
#7507 = EDGE_CURVE('',#2448,#4299,#7508,.T.);
#7508 = LINE('',#7509,#7510);
#7509 = CARTESIAN_POINT('',(132.937898,-64.409499,-4.6E-02));
#7510 = VECTOR('',#7511,1.);
#7511 = DIRECTION('',(0.,0.,1.));
#7512 = ORIENTED_EDGE('',*,*,#4298,.F.);
#7513 = ORIENTED_EDGE('',*,*,#7507,.F.);
#7514 = CYLINDRICAL_SURFACE('',#7515,0.4445);
#7515 = AXIS2_PLACEMENT_3D('',#7516,#7517,#7518);
#7516 = CARTESIAN_POINT('',(132.937898,-63.964999,-4.6E-02));
#7517 = DIRECTION('',(-0.,-0.,-1.));
#7518 = DIRECTION('',(-6.394085361171E-14,-1.,0.));
#7519 = MANIFOLD_SOLID_BREP('',#7520);
#7520 = CLOSED_SHELL('',(#7521));
#7521 = ADVANCED_FACE('',(#7522),#7556,.T.);
#7522 = FACE_BOUND('',#7523,.T.);
#7523 = EDGE_LOOP('',(#7524,#7534,#7542,#7550));
#7524 = ORIENTED_EDGE('',*,*,#7525,.T.);
#7525 = EDGE_CURVE('',#7526,#7528,#7530,.T.);
#7526 = VERTEX_POINT('',#7527);
#7527 = CARTESIAN_POINT('',(93.47122,-77.85554,0.));
#7528 = VERTEX_POINT('',#7529);
#7529 = CARTESIAN_POINT('',(93.47122,-77.85554,1.51));
#7530 = LINE('',#7531,#7532);
#7531 = CARTESIAN_POINT('',(93.47122,-77.85554,0.));
#7532 = VECTOR('',#7533,1.);
#7533 = DIRECTION('',(0.,0.,1.));
#7534 = ORIENTED_EDGE('',*,*,#7535,.T.);
#7535 = EDGE_CURVE('',#7528,#7536,#7538,.T.);
#7536 = VERTEX_POINT('',#7537);
#7537 = CARTESIAN_POINT('',(0.,0.,1.51));
#7538 = LINE('',#7539,#7540);
#7539 = CARTESIAN_POINT('',(93.47122,-77.85554,1.51));
#7540 = VECTOR('',#7541,1.);
#7541 = DIRECTION('',(-0.768371422381,0.640004185353,0.));
#7542 = ORIENTED_EDGE('',*,*,#7543,.F.);
#7543 = EDGE_CURVE('',#7544,#7536,#7546,.T.);
#7544 = VERTEX_POINT('',#7545);
#7545 = CARTESIAN_POINT('',(0.,-0.,0.));
#7546 = LINE('',#7547,#7548);
#7547 = CARTESIAN_POINT('',(0.,-0.,0.));
#7548 = VECTOR('',#7549,1.);
#7549 = DIRECTION('',(0.,0.,1.));
#7550 = ORIENTED_EDGE('',*,*,#7551,.F.);
#7551 = EDGE_CURVE('',#7526,#7544,#7552,.T.);
#7552 = LINE('',#7553,#7554);
#7553 = CARTESIAN_POINT('',(93.47122,-77.85554,0.));
#7554 = VECTOR('',#7555,1.);
#7555 = DIRECTION('',(-0.768371422381,0.640004185353,0.));
#7556 = PLANE('',#7557);
#7557 = AXIS2_PLACEMENT_3D('',#7558,#7559,#7560);
#7558 = CARTESIAN_POINT('',(93.47122,-77.85554,0.));
#7559 = DIRECTION('',(-0.640004185353,-0.768371422381,0.));
#7560 = DIRECTION('',(-0.768371422381,0.640004185353,0.));
#7561 = MANIFOLD_SOLID_BREP('',#7562);
#7562 = CLOSED_SHELL('',(#7563));
#7563 = ADVANCED_FACE('',(#7564),#7598,.T.);
#7564 = FACE_BOUND('',#7565,.T.);
#7565 = EDGE_LOOP('',(#7566,#7576,#7584,#7592));
#7566 = ORIENTED_EDGE('',*,*,#7567,.T.);
#7567 = EDGE_CURVE('',#7568,#7570,#7572,.T.);
#7568 = VERTEX_POINT('',#7569);
#7569 = CARTESIAN_POINT('',(93.471216,-71.614292,0.));
#7570 = VERTEX_POINT('',#7571);
#7571 = CARTESIAN_POINT('',(93.471216,-71.614292,1.51));
#7572 = LINE('',#7573,#7574);
#7573 = CARTESIAN_POINT('',(93.471216,-71.614292,0.));
#7574 = VECTOR('',#7575,1.);
#7575 = DIRECTION('',(0.,0.,1.));
#7576 = ORIENTED_EDGE('',*,*,#7577,.T.);
#7577 = EDGE_CURVE('',#7570,#7578,#7580,.T.);
#7578 = VERTEX_POINT('',#7579);
#7579 = CARTESIAN_POINT('',(0.,0.,1.51));
#7580 = LINE('',#7581,#7582);
#7581 = CARTESIAN_POINT('',(93.471216,-71.614292,1.51));
#7582 = VECTOR('',#7583,1.);
#7583 = DIRECTION('',(-0.793798942387,0.608180268559,0.));
#7584 = ORIENTED_EDGE('',*,*,#7585,.F.);
#7585 = EDGE_CURVE('',#7586,#7578,#7588,.T.);
#7586 = VERTEX_POINT('',#7587);
#7587 = CARTESIAN_POINT('',(0.,-0.,0.));
#7588 = LINE('',#7589,#7590);
#7589 = CARTESIAN_POINT('',(0.,-0.,0.));
#7590 = VECTOR('',#7591,1.);
#7591 = DIRECTION('',(0.,0.,1.));
#7592 = ORIENTED_EDGE('',*,*,#7593,.F.);
#7593 = EDGE_CURVE('',#7568,#7586,#7594,.T.);
#7594 = LINE('',#7595,#7596);
#7595 = CARTESIAN_POINT('',(93.471216,-71.614292,0.));
#7596 = VECTOR('',#7597,1.);
#7597 = DIRECTION('',(-0.793798942387,0.608180268559,0.));
#7598 = PLANE('',#7599);
#7599 = AXIS2_PLACEMENT_3D('',#7600,#7601,#7602);
#7600 = CARTESIAN_POINT('',(93.471216,-71.614292,0.));
#7601 = DIRECTION('',(-0.608180268559,-0.793798942387,0.));
#7602 = DIRECTION('',(-0.793798942387,0.608180268559,0.));
#7603 = MANIFOLD_SOLID_BREP('',#7604);
#7604 = CLOSED_SHELL('',(#7605));
#7605 = ADVANCED_FACE('',(#7606),#7640,.T.);
#7606 = FACE_BOUND('',#7607,.T.);
#7607 = EDGE_LOOP('',(#7608,#7618,#7626,#7634));
#7608 = ORIENTED_EDGE('',*,*,#7609,.T.);
#7609 = EDGE_CURVE('',#7610,#7612,#7614,.T.);
#7610 = VERTEX_POINT('',#7611);
#7611 = CARTESIAN_POINT('',(93.471216,-64.464292,0.));
#7612 = VERTEX_POINT('',#7613);
#7613 = CARTESIAN_POINT('',(93.471216,-64.464292,1.51));
#7614 = LINE('',#7615,#7616);
#7615 = CARTESIAN_POINT('',(93.471216,-64.464292,0.));
#7616 = VECTOR('',#7617,1.);
#7617 = DIRECTION('',(0.,0.,1.));
#7618 = ORIENTED_EDGE('',*,*,#7619,.T.);
#7619 = EDGE_CURVE('',#7612,#7620,#7622,.T.);
#7620 = VERTEX_POINT('',#7621);
#7621 = CARTESIAN_POINT('',(0.,0.,1.51));
#7622 = LINE('',#7623,#7624);
#7623 = CARTESIAN_POINT('',(93.471216,-64.464292,1.51));
#7624 = VECTOR('',#7625,1.);
#7625 = DIRECTION('',(-0.823207087469,0.567741218463,0.));
#7626 = ORIENTED_EDGE('',*,*,#7627,.F.);
#7627 = EDGE_CURVE('',#7628,#7620,#7630,.T.);
#7628 = VERTEX_POINT('',#7629);
#7629 = CARTESIAN_POINT('',(0.,-0.,0.));
#7630 = LINE('',#7631,#7632);
#7631 = CARTESIAN_POINT('',(0.,-0.,0.));
#7632 = VECTOR('',#7633,1.);
#7633 = DIRECTION('',(0.,0.,1.));
#7634 = ORIENTED_EDGE('',*,*,#7635,.F.);
#7635 = EDGE_CURVE('',#7610,#7628,#7636,.T.);
#7636 = LINE('',#7637,#7638);
#7637 = CARTESIAN_POINT('',(93.471216,-64.464292,0.));
#7638 = VECTOR('',#7639,1.);
#7639 = DIRECTION('',(-0.823207087469,0.567741218463,0.));
#7640 = PLANE('',#7641);
#7641 = AXIS2_PLACEMENT_3D('',#7642,#7643,#7644);
#7642 = CARTESIAN_POINT('',(93.471216,-64.464292,0.));
#7643 = DIRECTION('',(-0.567741218463,-0.823207087469,0.));
#7644 = DIRECTION('',(-0.823207087469,0.567741218463,0.));
#7645 = ( GEOMETRIC_REPRESENTATION_CONTEXT(3) 
GLOBAL_UNCERTAINTY_ASSIGNED_CONTEXT((#7649)) 
GLOBAL_UNIT_ASSIGNED_CONTEXT((#7646,#7647,#7648)) REPRESENTATION_CONTEXT
('Context #1','3D Context with UNIT and UNCERTAINTY') );
#7646 = ( LENGTH_UNIT() NAMED_UNIT(*) SI_UNIT(.MILLI.,.METRE.) );
#7647 = ( NAMED_UNIT(*) PLANE_ANGLE_UNIT() SI_UNIT($,.RADIAN.) );
#7648 = ( NAMED_UNIT(*) SI_UNIT($,.STERADIAN.) SOLID_ANGLE_UNIT() );
#7649 = UNCERTAINTY_MEASURE_WITH_UNIT(LENGTH_MEASURE(1.E-07),#7646,
  'distance_accuracy_value','confusion accuracy');
#7650 = CONTEXT_DEPENDENT_SHAPE_REPRESENTATION(#7651,#7653);
#7651 = ( REPRESENTATION_RELATIONSHIP('','',#504,#10) 
REPRESENTATION_RELATIONSHIP_WITH_TRANSFORMATION(#7652) 
SHAPE_REPRESENTATION_RELATIONSHIP() );
#7652 = ITEM_DEFINED_TRANSFORMATION('','',#11,#63);
#7653 = PRODUCT_DEFINITION_SHAPE('Placement','Placement of an item',
  #7654);
#7654 = NEXT_ASSEMBLY_USAGE_OCCURRENCE('13','=>[0:1:1:3]','',#5,#499,$);
#7655 = PRODUCT_RELATED_PRODUCT_CATEGORY('part',$,(#501));
#7656 = MECHANICAL_DESIGN_GEOMETRIC_PRESENTATION_REPRESENTATION('',(
    #7657,#7665,#7672,#7679,#7686,#7693,#7700,#7707,#7715,#7722,#7729,
    #7737,#7744,#7751,#7758,#7765),#431);
#7657 = STYLED_ITEM('color',(#7658),#83);
#7658 = PRESENTATION_STYLE_ASSIGNMENT((#7659));
#7659 = SURFACE_STYLE_USAGE(.BOTH.,#7660);
#7660 = SURFACE_SIDE_STYLE('',(#7661));
#7661 = SURFACE_STYLE_FILL_AREA(#7662);
#7662 = FILL_AREA_STYLE('',(#7663));
#7663 = FILL_AREA_STYLE_COLOUR('',#7664);
#7664 = COLOUR_RGB('',0.823999987314,0.819999987296,0.781000009244);
#7665 = STYLED_ITEM('color',(#7666),#116);
#7666 = PRESENTATION_STYLE_ASSIGNMENT((#7667));
#7667 = SURFACE_STYLE_USAGE(.BOTH.,#7668);
#7668 = SURFACE_SIDE_STYLE('',(#7669));
#7669 = SURFACE_STYLE_FILL_AREA(#7670);
#7670 = FILL_AREA_STYLE('',(#7671));
#7671 = FILL_AREA_STYLE_COLOUR('',#7664);
#7672 = STYLED_ITEM('color',(#7673),#142);
#7673 = PRESENTATION_STYLE_ASSIGNMENT((#7674));
#7674 = SURFACE_STYLE_USAGE(.BOTH.,#7675);
#7675 = SURFACE_SIDE_STYLE('',(#7676));
#7676 = SURFACE_STYLE_FILL_AREA(#7677);
#7677 = FILL_AREA_STYLE('',(#7678));
#7678 = FILL_AREA_STYLE_COLOUR('',#7664);
#7679 = STYLED_ITEM('color',(#7680),#167);
#7680 = PRESENTATION_STYLE_ASSIGNMENT((#7681));
#7681 = SURFACE_STYLE_USAGE(.BOTH.,#7682);
#7682 = SURFACE_SIDE_STYLE('',(#7683));
#7683 = SURFACE_STYLE_FILL_AREA(#7684);
#7684 = FILL_AREA_STYLE('',(#7685));
#7685 = FILL_AREA_STYLE_COLOUR('',#7664);
#7686 = STYLED_ITEM('color',(#7687),#193);
#7687 = PRESENTATION_STYLE_ASSIGNMENT((#7688));
#7688 = SURFACE_STYLE_USAGE(.BOTH.,#7689);
#7689 = SURFACE_SIDE_STYLE('',(#7690));
#7690 = SURFACE_STYLE_FILL_AREA(#7691);
#7691 = FILL_AREA_STYLE('',(#7692));
#7692 = FILL_AREA_STYLE_COLOUR('',#7664);
#7693 = STYLED_ITEM('color',(#7694),#218);
#7694 = PRESENTATION_STYLE_ASSIGNMENT((#7695));
#7695 = SURFACE_STYLE_USAGE(.BOTH.,#7696);
#7696 = SURFACE_SIDE_STYLE('',(#7697));
#7697 = SURFACE_STYLE_FILL_AREA(#7698);
#7698 = FILL_AREA_STYLE('',(#7699));
#7699 = FILL_AREA_STYLE_COLOUR('',#7664);
#7700 = STYLED_ITEM('color',(#7701),#227);
#7701 = PRESENTATION_STYLE_ASSIGNMENT((#7702));
#7702 = SURFACE_STYLE_USAGE(.BOTH.,#7703);
#7703 = SURFACE_SIDE_STYLE('',(#7704));
#7704 = SURFACE_STYLE_FILL_AREA(#7705);
#7705 = FILL_AREA_STYLE('',(#7706));
#7706 = FILL_AREA_STYLE_COLOUR('',#7664);
#7707 = STYLED_ITEM('color',(#7708),#238);
#7708 = PRESENTATION_STYLE_ASSIGNMENT((#7709));
#7709 = SURFACE_STYLE_USAGE(.BOTH.,#7710);
#7710 = SURFACE_SIDE_STYLE('',(#7711));
#7711 = SURFACE_STYLE_FILL_AREA(#7712);
#7712 = FILL_AREA_STYLE('',(#7713));
#7713 = FILL_AREA_STYLE_COLOUR('',#7714);
#7714 = COLOUR_RGB('',0.699999984889,9.999999991362E-02,
  5.000000142576E-02);
#7715 = STYLED_ITEM('color',(#7716),#271);
#7716 = PRESENTATION_STYLE_ASSIGNMENT((#7717));
#7717 = SURFACE_STYLE_USAGE(.BOTH.,#7718);
#7718 = SURFACE_SIDE_STYLE('',(#7719));
#7719 = SURFACE_STYLE_FILL_AREA(#7720);
#7720 = FILL_AREA_STYLE('',(#7721));
#7721 = FILL_AREA_STYLE_COLOUR('',#7714);
#7722 = STYLED_ITEM('color',(#7723),#291);
#7723 = PRESENTATION_STYLE_ASSIGNMENT((#7724));
#7724 = SURFACE_STYLE_USAGE(.BOTH.,#7725);
#7725 = SURFACE_SIDE_STYLE('',(#7726));
#7726 = SURFACE_STYLE_FILL_AREA(#7727);
#7727 = FILL_AREA_STYLE('',(#7728));
#7728 = FILL_AREA_STYLE_COLOUR('',#7714);
#7729 = STYLED_ITEM('color',(#7730),#311);
#7730 = PRESENTATION_STYLE_ASSIGNMENT((#7731));
#7731 = SURFACE_STYLE_USAGE(.BOTH.,#7732);
#7732 = SURFACE_SIDE_STYLE('',(#7733));
#7733 = SURFACE_STYLE_FILL_AREA(#7734);
#7734 = FILL_AREA_STYLE('',(#7735));
#7735 = FILL_AREA_STYLE_COLOUR('',#7736);
#7736 = COLOUR_RGB('',0.,0.631244006163,0.748016017657);
#7737 = STYLED_ITEM('color',(#7738),#336);
#7738 = PRESENTATION_STYLE_ASSIGNMENT((#7739));
#7739 = SURFACE_STYLE_USAGE(.BOTH.,#7740);
#7740 = SURFACE_SIDE_STYLE('',(#7741));
#7741 = SURFACE_STYLE_FILL_AREA(#7742);
#7742 = FILL_AREA_STYLE('',(#7743));
#7743 = FILL_AREA_STYLE_COLOUR('',#7736);
#7744 = STYLED_ITEM('color',(#7745),#361);
#7745 = PRESENTATION_STYLE_ASSIGNMENT((#7746));
#7746 = SURFACE_STYLE_USAGE(.BOTH.,#7747);
#7747 = SURFACE_SIDE_STYLE('',(#7748));
#7748 = SURFACE_STYLE_FILL_AREA(#7749);
#7749 = FILL_AREA_STYLE('',(#7750));
#7750 = FILL_AREA_STYLE_COLOUR('',#7736);
#7751 = STYLED_ITEM('color',(#7752),#387);
#7752 = PRESENTATION_STYLE_ASSIGNMENT((#7753));
#7753 = SURFACE_STYLE_USAGE(.BOTH.,#7754);
#7754 = SURFACE_SIDE_STYLE('',(#7755));
#7755 = SURFACE_STYLE_FILL_AREA(#7756);
#7756 = FILL_AREA_STYLE('',(#7757));
#7757 = FILL_AREA_STYLE_COLOUR('',#7736);
#7758 = STYLED_ITEM('color',(#7759),#413);
#7759 = PRESENTATION_STYLE_ASSIGNMENT((#7760));
#7760 = SURFACE_STYLE_USAGE(.BOTH.,#7761);
#7761 = SURFACE_SIDE_STYLE('',(#7762));
#7762 = SURFACE_STYLE_FILL_AREA(#7763);
#7763 = FILL_AREA_STYLE('',(#7764));
#7764 = FILL_AREA_STYLE_COLOUR('',#7736);
#7765 = STYLED_ITEM('color',(#7766),#422);
#7766 = PRESENTATION_STYLE_ASSIGNMENT((#7767));
#7767 = SURFACE_STYLE_USAGE(.BOTH.,#7768);
#7768 = SURFACE_SIDE_STYLE('',(#7769));
#7769 = SURFACE_STYLE_FILL_AREA(#7770);
#7770 = FILL_AREA_STYLE('',(#7771));
#7771 = FILL_AREA_STYLE_COLOUR('',#7736);
#7772 = MECHANICAL_DESIGN_GEOMETRIC_PRESENTATION_REPRESENTATION('',(
    #7773,#7781,#7788,#7795),#7645);
#7773 = STYLED_ITEM('color',(#7774),#505);
#7774 = PRESENTATION_STYLE_ASSIGNMENT((#7775));
#7775 = SURFACE_STYLE_USAGE(.BOTH.,#7776);
#7776 = SURFACE_SIDE_STYLE('',(#7777));
#7777 = SURFACE_STYLE_FILL_AREA(#7778);
#7778 = FILL_AREA_STYLE('',(#7779));
#7779 = FILL_AREA_STYLE_COLOUR('',#7780);
#7780 = COLOUR_RGB('',0.313304153717,0.484529207832,0.410020903123);
#7781 = STYLED_ITEM('color',(#7782),#7519);
#7782 = PRESENTATION_STYLE_ASSIGNMENT((#7783));
#7783 = SURFACE_STYLE_USAGE(.BOTH.,#7784);
#7784 = SURFACE_SIDE_STYLE('',(#7785));
#7785 = SURFACE_STYLE_FILL_AREA(#7786);
#7786 = FILL_AREA_STYLE('',(#7787));
#7787 = FILL_AREA_STYLE_COLOUR('',#7780);
#7788 = STYLED_ITEM('color',(#7789),#7561);
#7789 = PRESENTATION_STYLE_ASSIGNMENT((#7790));
#7790 = SURFACE_STYLE_USAGE(.BOTH.,#7791);
#7791 = SURFACE_SIDE_STYLE('',(#7792));
#7792 = SURFACE_STYLE_FILL_AREA(#7793);
#7793 = FILL_AREA_STYLE('',(#7794));
#7794 = FILL_AREA_STYLE_COLOUR('',#7780);
#7795 = STYLED_ITEM('color',(#7796),#7603);
#7796 = PRESENTATION_STYLE_ASSIGNMENT((#7797));
#7797 = SURFACE_STYLE_USAGE(.BOTH.,#7798);
#7798 = SURFACE_SIDE_STYLE('',(#7799));
#7799 = SURFACE_STYLE_FILL_AREA(#7800);
#7800 = FILL_AREA_STYLE('',(#7801));
#7801 = FILL_AREA_STYLE_COLOUR('',#7780);
ENDSEC;
END-ISO-10303-21;
